name,category,full_description,image_file,image_filename,url
Aluminum Small base Quad Canes,ALUMINUM QUAD CANES,Small base design allows for a faster pace; large base design gives more stability at a slower pace. Quad canes stand up on their own. Available with contoured vinyl hand grips or foam handles.,images/ALUMINUM QUAD CANES/aluminum-quad-cane1.jpg,aluminum-quad-cane1.jpg,https://advanceddmesupplies.com/product/aluminum-quad-canes/
OFFSET HANDLE FASHION CRANES,CANES AND CRUTCHES,"Cost-effective fashion canes act as mobility aids and fashion accessories. Available in both classic and colorful designs and unique patterns to provide users the right cane for different occasions. Foam handles and convenient wrist straps. Weight capacity, 300 lbs. (136 kg); Height adjustment, 29″-38″ (74-96.5 cm).",images/CANES AND CRUTCHES/offsetcrane.jpg,offsetcrane.jpg,https://advanceddmesupplies.com/product/offset-handle-fashion-cranes/
BARIATRIC QUAD CANES,CANES AND CRUTCHES,"Contains a secure locking ring and dual-tubing insert for added strength and safety. Adjustment height, 29″-38″ (74-96.5 cm). Large base cane has an 8″ x 12″ (20 x 30 cm) footprint; Small base cane has a 6″ x 8″ (15 x 20 cm) footprint.",images/CANES AND CRUTCHES/bariatic-2.jpg,bariatic-2.jpg,https://advanceddmesupplies.com/product/bariatric-quad-canes/
LUMEX TALL ADULT CRUTCHES,CANES AND CRUTCHES,Armpad to floor ht range: 53″-61 1/2″. Recommended patient ht range: 5’10″-6’6″. Wt. cap: 300lbs. evenly distributed. 3 year limited lifetime warranty. Height adjust in 1″ increments,images/CANES AND CRUTCHES/alluminum-crutches.jpg,alluminum-crutches.jpg,https://advanceddmesupplies.com/product/lumex-tall-adult-crutches/
3-IN-1 all purpose COMMODE,COMMODES,"Seat depth: 15″. Seat width: 14″. Seat ht range: 15 1/2″-23 1/2″. Wt capacity: 300 lbs. Width between arms: 17 1/2″. Replacement tip: 9290. Raised toilet seat & toilet safety frame. Snap on seat. Warranty:limited lifetime on frame, 6 months on ext. legs & arms,3 months on seat & lid, tips & casters.",images/COMMODES/commode1.jpg,commode1.jpg,https://advanceddmesupplies.com/product/3-in-1-all-purpose-commode/
FOLDING Steel COMMODE CHAIR,COMMODES,,images/COMMODES/folding-commode.jpg,folding-commode.jpg,https://advanceddmesupplies.com/product/folding-commode-chair/
Walkers,WALKERS,Dual-release folding mechanism enables user to fold walker sides independently. 5″ front fixed wheels. Complete w/glide tips that replace rear leg rubber tips to enhance walker maneuverability on all surfaces. 1 year limited warranty. Width inside handgrips: 17″. Width inside rear legs: 20″. Overall width: 25 1/2″. Depth front to rear: 20 1/4″. Depth folded: 4″. Min. height: 32″. Max. height: 39″,images/WALKERS/walkers.jpg,walkers.jpg,https://advanceddmesupplies.com/product/walkers/
SET N GO ADJUSTABLE HEIGHT ROLLATOR,RENTALS AND REPAIRS,,images/ROLLATORS/set-n-go-red.jpg,set-n-go-red.jpg,https://advanceddmesupplies.com/product/set-n-go-adjustable-height-rollator/
WALKABOUT CONTOUR DELUXE ROLLATOR-BLUE,ROLLATORS,"Includes easy to read, retail-friendly user manual. Lifetime limited warranty. Width inside handgrips: 16″. Overall width: 25″. Seat width: 14″. Seat depth: 13.5″. Seat height: 22.5″. Min. handle height: 34″. Max. handle height: 38.5″. Unit weight: 16.5lbs.",images/ROLLATORS/bariatric-rollator.jpg,bariatric-rollator.jpg,https://advanceddmesupplies.com/product/walkabout-contour-deluxe-rollator-blue/
BARIATRIC WALKABOUT ROLLATOR-BL,BARIATRIC WALKABOUT ROLLATOR BL,,images/ROLLATORS/123_1024x1024@2x.webp,123_1024x1024@2x.webp,https://advanceddmesupplies.com/product/bariatric-walkabout-rollator-bl/
Deluxe Aluminum Bath Chair,BATH SAFETY,"Colors: Gray, Teal. Outside Legs: 19.5″ (W) x 19.5″ (D). Seat Dimensions: 19.25″ (W) x 11.5″ (D). Seat Height: 15.5″ – 19.5″. Weight: 7lbs. Weight Limit: 400lbs. Warranty: Limited Lifetime.",images/BATH SAFETY/Deluxe-Aluminum-Bath-Chair-31-1.jpg,Deluxe-Aluminum-Bath-Chair-31-1.jpg,https://advanceddmesupplies.com/product/deluxe-aluminum-bath-chair/
Transfer Tub Bench,BATH SAFETY,"This plastic transfer bench accommodates any bathroom because of its reversible bench and extension legs with extra large suction cups that lock provide added versatility and safety. The “Dual Column” extension legs height adjust in 1/2″ increments. Sturdy “A” frame construction, durable blow-molded plastic bench and backrest ensure maximum stability. This products features tool-free assembly leaving no hardware exposed.",images/BATH SAFETY/bath-safety.jpeg,bath-safety.jpeg,https://advanceddmesupplies.com/product/transfer-tub-bench/
Buzzaround LT 4-Wheel Model: GB108,SCOOTER,,images/POWER SCOOTER/1-7.jpg,1-7.jpg,https://advanceddmesupplies.com/product/buzzaround-lt-4-wheel-model-gb108/
Buzzaround LT 3-Wheel Model: GB107,SCOOTER,,images/POWER SCOOTER/1-4.jpg,1-4.jpg,https://advanceddmesupplies.com/product/buzzaround-lt-3-wheel-model-gb107/
Golden Eagle All-Terrain™Model: GR596,SCOOTER,,images/POWER SCOOTER/1-1-1.jpg,1-1-1.jpg,https://advanceddmesupplies.com/product/golden-eagle-all-terrainmodel-gr596/
Golden Cricket LT Carbon Model: GP309,WHEELCHAIRS POWER,,images/POWER WHEELCHAIR/2.jpg,2.jpg,https://advanceddmesupplies.com/product/golden-cricket-lt-carbon-model-gp309/
FOAM-FREE G3 X,CPAP BIPAP VPAPS VENTILATORS,,"images/CPAP, BIPAP, VPAPS, VENTILATORS/Front-Std-Time.png",Front-Std-Time.png,https://advanceddmesupplies.com/product/foam-free-g3-x/
VOCSN,CPAP BIPAP VPAPS VENTILATORS,,"images/CPAP, BIPAP, VPAPS, VENTILATORS/VOCSN2__480x480_update.jpg",VOCSN2__480x480_update.jpg,https://advanceddmesupplies.com/product/vocsn/
VC+Pro ventilator,CPAP BIPAP VPAPS VENTILATORS,,"images/CPAP, BIPAP, VPAPS, VENTILATORS/VOCSN-VC-ISO-Shadow388001-1.png",VOCSN-VC-ISO-Shadow388001-1.png,https://advanceddmesupplies.com/product/vcpro-ventilator/
V+ PRO ventilator,CPAP BIPAP VPAPS VENTILATORS,,"images/CPAP, BIPAP, VPAPS, VENTILATORS/VPro24755__600x477.png",VPro24755__600x477.png,https://advanceddmesupplies.com/product/v-pro-ventilator/
The VC Ventilator,CPAP BIPAP VPAPS VENTILATORS,,"images/CPAP, BIPAP, VPAPS, VENTILATORS/VC-Ventilator-1.png",VC-Ventilator-1.png,https://advanceddmesupplies.com/product/the-vc-ventilator/
The VHome Ventilator,CPAP BIPAP VPAPS VENTILATORS,,"images/CPAP, BIPAP, VPAPS, VENTILATORS/FrontViewIsowShadow-V-Home41858.png",FrontViewIsowShadow-V-Home41858.png,https://advanceddmesupplies.com/product/the-vhome-ventilator/
HomeFill Compressor,OXYGEN,,images/OXYGEN/HomeFill-Easy-Coupler-with-larger-cylinder.jpg,HomeFill-Easy-Coupler-with-larger-cylinder.jpg,https://advanceddmesupplies.com/product/homefill-compressor/
Pediatric Flowmeter,OXYGEN,,images/OXYGEN/pediatric-flow-meter.jpg,pediatric-flow-meter.jpg,https://advanceddmesupplies.com/product/pediatric-flowmeter/
Phoenix Pulse POC,OXYGEN,,images/OXYGEN/Pulse_POC_lifestyle1-247x300.jpg,Pulse_POC_lifestyle1-247x300.jpg,https://advanceddmesupplies.com/product/phoenix-pulse-poc/
FloTilt Power Wheelchair | 4 Position Tilt,WHEELCHAIRS POWER,,images/WHEELCHAIRS POWER/1c_Main_Image__1_62fd7f79-4de9-4aac-8ced-8e74d0a4e6f6_800x800-247x300.jpg,1c_Main_Image__1_62fd7f79-4de9-4aac-8ced-8e74d0a4e6f6_800x800-247x300.jpg,https://advanceddmesupplies.com/product/flotilt-power-wheelchair-4-position-tilt/
Sport Wheelchair | Lightweight Folding Aluminum,WHEELCHAIRS MANUAL,,images/WHEELCHAIRS MANUAL/1bMainImage__1_800x800-247x300.webp,1bMainImage__1_800x800-247x300.webp,https://advanceddmesupplies.com/product/sport-wheelchair-lightweight-folding-aluminum/
Luna Travel CPAP,CPAP BIPAP VPAPS VENTILATORS,,images/CPAP BIPAP VPAPS VENTILATORS/BMC_M1_Mini_six_side_view_edited-247x300.jpg,BMC_M1_Mini_six_side_view_edited-247x300.jpg,https://advanceddmesupplies.com/product/luna-travel-cpap/
Feather Cushion Collection,WHEELCHAIRS MANUAL,,images/WHEELCHAIRS MANUAL/cushion-1-x-1_600x-247x300.webp,cushion-1-x-1_600x-247x300.webp,https://advanceddmesupplies.com/product/feather-cushion-collection/
Feather Wheelchair for Kids,WHEELCHAIRS MANUAL,,images/WHEELCHAIRS MANUAL/PediatricChairs_23_1_600x-247x300.webp,PediatricChairs_23_1_600x-247x300.webp,https://advanceddmesupplies.com/product/feather-wheelchair-for-kids/
Feather Transport – 13 Lbs,WHEELCHAIRS MANUAL,,images/WHEELCHAIRS MANUAL/Logo_Transport-247x300.webp,Logo_Transport-247x300.webp,https://advanceddmesupplies.com/product/feather-transport-13-lbs/
Feather Scooter – 37 Pounds,SCOOTER,,images/SCOOTER/Logo_Scooter-247x300.webp,Logo_Scooter-247x300.webp,https://advanceddmesupplies.com/product/feather-scooter-37-pounds/
Feather Power Chair – 33 lbs,WHEELCHAIRS POWER,,images/WHEELCHAIRS POWER/Logo_Power-247x300.webp,Logo_Power-247x300.webp,https://advanceddmesupplies.com/product/feather-power-chair-33-lbs/
Feather Chair HD 350/450,WHEELCHAIRS MANUAL,,images/WHEELCHAIRS MANUAL/heavy-duty-wheelchair-247x300.webp,heavy-duty-wheelchair-247x300.webp,https://advanceddmesupplies.com/product/feather-chair-hd-350-450/
Feather Chair – World’s Lightest Wheelchair,WHEELCHAIRS MANUAL,,images/WHEELCHAIRS MANUAL/feather-wheelchair-247x300.webp,feather-wheelchair-247x300.webp,https://advanceddmesupplies.com/product/feather-chair-worlds-lightest-wheelchair/
Feather 27X Scooter,SCOOTER,,images/SCOOTER/feather-scooter-247x300.webp,feather-scooter-247x300.webp,https://advanceddmesupplies.com/product/feather-27x-scooter/
WONDER 8 INCH ROLLATOR,ROLLATORS,,images/ROLLATORS/WONDER-ROLLATOR-247x300.webp,WONDER-ROLLATOR-247x300.webp,https://advanceddmesupplies.com/product/wonder-8-inch-rollator/
WONDER TRAY,LIFT CHAIRS,,images/LIFT CHAIRS/wonder-tray-247x300.webp,wonder-tray-247x300.webp,https://advanceddmesupplies.com/product/wonder-tray/
Jazzy® Carbon 27X,WHEELCHAIRS POWER,,images/WHEELCHAIRS POWER/jazzy-carbon27x-beauty-right-black-247x300.jpg,jazzy-carbon27x-beauty-right-black-247x300.jpg,https://advanceddmesupplies.com/product/jazzy-carbon-27x/
Jazzy® Carbon 27,WHEELCHAIRS POWER,,images/WHEELCHAIRS POWER/jazzy-carbon-27-night-sky-left-quarter-247x300.jpg,jazzy-carbon-27-night-sky-left-quarter-247x300.jpg,https://advanceddmesupplies.com/product/jazzy-carbon-27/
Jazzy® Carbon HD,WHEELCHAIRS POWER,,images/WHEELCHAIRS POWER/jazzy-carbon-hd-black-cherry-left-quarter-247x300.jpg,jazzy-carbon-hd-black-cherry-left-quarter-247x300.jpg,https://advanceddmesupplies.com/product/jazzy-carbon-hd/
"Victory® Platinum, 4 Wheel (SC710PLA)",SCOOTER,,images/SCOOTER/victory-platinum-cadinal-red-beauty-right-247x300.jpg,victory-platinum-cadinal-red-beauty-right-247x300.jpg,https://advanceddmesupplies.com/product/victory-platinum-4-wheel-sc710pla/
VOCIC AY04 Electric Stair Climber Wheelchair,HOYER LIFT,,images/HOYER LIFT/2_186056e0-e62d-4e9c-a043-758308797ac6_1160x_crop_center-247x300.webp,2_186056e0-e62d-4e9c-a043-758308797ac6_1160x_crop_center-247x300.webp,https://advanceddmesupplies.com/product/vocic-ay04-electric-stair-climber-wheelchair/
Panther 4-Wheel Heavy Duty Scooter,SCOOTER,,images/SCOOTER/PANTHER22CS-1-247x300.jpg,PANTHER22CS-1-247x300.jpg,https://advanceddmesupplies.com/product/panther-4-wheel-heavy-duty-scooter/
ZooMe Auto-Flex Folding Travel Scooter,SCOOTER,,images/SCOOTER/FLEX-AUTO-2-247x300.jpg,FLEX-AUTO-2-247x300.jpg,https://advanceddmesupplies.com/product/zoome-auto-flex-folding-travel-scooter/
Prowler 4-Wheel Mobility Scooter,SCOOTER,,images/SCOOTER/PROWLER3410MG22CS-247x300.jpg,PROWLER3410MG22CS-247x300.jpg,https://advanceddmesupplies.com/product/prowler-4-wheel-mobility-scooter/
Phoenix LT 4-Wheel Scooter,SCOOTER,,images/SCOOTER/PHOENIXLT4-4-247x300.jpg,PHOENIXLT4-4-247x300.jpg,https://advanceddmesupplies.com/product/phoenix-lt-4-wheel-scooter-2/
VOCIC V53 Lightweight Foldable Power Wheelchair,WHEELCHAIRS POWER,,images/WHEELCHAIRS POWER/V53-1_ff2d460f-5572-43cd-af4a-c2c8781397cd_1160x_crop_center-247x300.webp,V53-1_ff2d460f-5572-43cd-af4a-c2c8781397cd_1160x_crop_center-247x300.webp,https://advanceddmesupplies.com/product/21044/
"VOCIC V81 Ultra-Light Carbon Fiber Electric Wheelchair — Freedom Anytime, Anywhere",WHEELCHAIRS POWER,,images/WHEELCHAIRS POWER/V81_main_image_1160x_crop_center-247x300.webp,V81_main_image_1160x_crop_center-247x300.webp,https://advanceddmesupplies.com/product/vocic-v81-ultra-light-carbon-fiber-electric-wheelchair-freedom-anytime-anywhere/
VOCIC AY06 Electric Patient Lift – Wheelchair To Car Transfer Devices Home Use,HOYER LIFT,,images/HOYER LIFT/ay06_1160x_crop_center-247x300.webp,ay06_1160x_crop_center-247x300.webp,https://advanceddmesupplies.com/product/vocic-ay06-electric-patient-lift-wheelchair-to-car-transfer-devices-home-use/
VOCIC D71 Carbon Mobility Scooter,SCOOTER,,images/SCOOTER/71_1160x_crop_center-247x300.webp,71_1160x_crop_center-247x300.webp,https://advanceddmesupplies.com/product/vocic-d71-carbon-mobility-scooter/
VOCIC AX35 Electric Transfer Chair Lift with 4 Wheels,BATH SAFETY,,images/BATH SAFETY/0-1_1160x_crop_center-247x300.webp,0-1_1160x_crop_center-247x300.webp,https://advanceddmesupplies.com/product/vocic-ax35-electric-transfer-chair-lift-with-4-wheels/
VOCIC AX25 Electric Chair Lift with 2 Wheels,BATH SAFETY,,images/BATH SAFETY/AX25_1160x_crop_center-247x300.webp,AX25_1160x_crop_center-247x300.webp,https://advanceddmesupplies.com/product/vocic-ax25-electric-chair-lift-with-2-wheels/
VOCIC Z51 2-in-1 Rollator Walker & Transport Chair,ROLLATORS,,images/ROLLATORS/Z51_2_04e265f5-17ab-4bf7-b4d3-b682307f14cd_1160x_crop_center-247x300.webp,Z51_2_04e265f5-17ab-4bf7-b4d3-b682307f14cd_1160x_crop_center-247x300.webp,https://advanceddmesupplies.com/product/vocic-z51-2-in-1-rollator-walker-transport-chair/
VOCIC Z55 2 in 1 Foldable Walker Wheelchair Combo – 2025 Upgraded,ROLLATORS,,images/ROLLATORS/z55_single_2_1160x_crop_center-247x300.webp,z55_single_2_1160x_crop_center-247x300.webp,https://advanceddmesupplies.com/product/vocic-z55-2-in-1-foldable-walker-wheelchair-combo-2025-upgraded/
VOCIC Z22 Upright Foldable Rollator – Walker with Seat,ROLLATORS,,images/ROLLATORS/Z22_1_1160x_crop_center-247x300.webp,Z22_1_1160x_crop_center-247x300.webp,https://advanceddmesupplies.com/product/vocic-z22-upright-foldable-rollator-walker-with-seat/
Phoenix LT 4-Wheel Scooter,SCOOTER,,images/SCOOTER/PHOENIXLT4-1-247x300.jpg,PHOENIXLT4-1-247x300.jpg,https://advanceddmesupplies.com/product/phoenix-lt-4-wheel-scooter/
Scout LT 4-Wheel Scooter,SCOOTER,,images/SCOOTER/SCOUTLT4-247x300.jpg,SCOUTLT4-247x300.jpg,https://advanceddmesupplies.com/product/scout-lt-4-wheel-scooter/
Scout Compact 3-Wheel Scooter,SCOOTER,,images/SCOOTER/SFSCOUT3-247x300.jpg,SFSCOUT3-247x300.jpg,https://advanceddmesupplies.com/product/scout-compact-3-wheel-scooter/
Cobra GT4 Heavy Duty Power Mobility Scooter,SCOOTER,,images/SCOOTER/COBRAGT422CS-247x300.jpg,COBRAGT422CS-247x300.jpg,https://advanceddmesupplies.com/product/cobra-gt4-heavy-duty-power-mobility-scooter/
Ventura 3-Wheel Scooter,SCOOTER,,images/SCOOTER/VENTURA320CS-1-247x300.jpg,VENTURA320CS-1-247x300.jpg,https://advanceddmesupplies.com/product/ventura-3-wheel-scooter/
Ventura 4-Wheel Scooter,SCOOTER,,images/SCOOTER/VENTURA420CS-1-247x300.jpg,VENTURA420CS-1-247x300.jpg,https://advanceddmesupplies.com/product/ventura-4-wheel-scooter/
iWALK 3.0 Hands Free Knee Crutch,WALKERS,,images/WALKERS/I-WALK-247x300.jpg,I-WALK-247x300.jpg,https://advanceddmesupplies.com/product/i-walk-crutch/
Cloud with Twilight & Optional Nirvana Medium/Large Model: PR527-MLA,LIFT CHAIRS,,images/LIFT CHAIRS/cloud-2-247x300.jpg,cloud-2-247x300.jpg,https://advanceddmesupplies.com/product/cloud-with-twilight-optional-nirvana-medium-large-model-pr527-mla/
Cloud with Twilight & Optional Nirvana Small/Medium Model: PR527-SME,LIFT CHAIRS,,images/LIFT CHAIRS/Cloud-247x300.jpg,Cloud-247x300.jpg,https://advanceddmesupplies.com/product/cloud-with-twilight-optional-nirvana-small-medium-model-pr527-sme/
EZ Sleeper Slim with Twilight Model: PR764-MED,LIFT CHAIRS,,images/LIFT CHAIRS/ez-sleeper-6-247x300.jpg,ez-sleeper-6-247x300.jpg,https://advanceddmesupplies.com/product/ez-sleeper-slim-with-twilight-model-pr764-med/
EZ Sleeper Slim Model: PR750-MED,LIFT CHAIRS,,images/LIFT CHAIRS/ez-sleeper-247x300.jpg,ez-sleeper-247x300.jpg,https://advanceddmesupplies.com/product/ez-sleeper-slim-model-pr750-med/
Cloud+ Medium with Twilight Model: PR525-MED,LIFT CHAIRS,,images/LIFT CHAIRS/twillight-247x300.jpg,twillight-247x300.jpg,https://advanceddmesupplies.com/product/cloud-medium-with-twilight-model-pr525-med/
Cloud+ Medium Model: PR511-MED,LIFT CHAIRS,,images/LIFT CHAIRS/cloud-medium-1-247x300.gif,cloud-medium-1-247x300.gif,https://advanceddmesupplies.com/product/cloud-medium-model-pr511-med/
Rhea with Twilight & Nirvana Medium Model: PR447-MED,LIFT CHAIRS,,images/LIFT CHAIRS/PR447-Rhea-MED-3-247x300.gif,PR447-Rhea-MED-3-247x300.gif,https://advanceddmesupplies.com/product/rhea-with-twilight-nirvana-medium-model-pr447-med/
Cloud+ Medium/Wide Model: PR511-MXW,LIFT CHAIRS,,images/LIFT CHAIRS/cloud-lift-chair-247x300.jpg,cloud-lift-chair-247x300.jpg,https://advanceddmesupplies.com/product/cloud-medium-wide-model-pr511-mxw/
Adaptive Utensil Set,PATIENT ROOM CARE,,images/PATIENT ROOM CARE/utensils-247x300.jpg,utensils-247x300.jpg,https://advanceddmesupplies.com/product/adaptive-utensil-set/
Copper Full Finger Arthritis Gloves,ORTHOPEDICS,,images/ORTHOPEDICS/SUP2063BLKM-Copper-Full-Finger-Arthritis-Gloves-Medium-247x300.jpg,SUP2063BLKM-Copper-Full-Finger-Arthritis-Gloves-Medium-247x300.jpg,https://advanceddmesupplies.com/product/copper-full-finger-arthritis-gloves/
Ice Eye Mask,ORTHOPEDICS,,images/ORTHOPEDICS/eye-mask-1-247x300.jpg,eye-mask-1-247x300.jpg,https://advanceddmesupplies.com/product/ice-eye-mask/
Ice Cup,ORTHOPEDICS,,images/ORTHOPEDICS/RHB1075BLU-Ice-Cup-247x300.jpg,RHB1075BLU-Ice-Cup-247x300.jpg,https://advanceddmesupplies.com/product/ice-cup/
Rollator With Cupholder Tray,ROLLATORS,,images/ROLLATORS/rollator-247x300.png,rollator-247x300.png,https://advanceddmesupplies.com/product/rollator-with-cupholder-tray/
Waterproof Non Slip Cover,LIFT CHAIRS,,images/LIFT CHAIRS/LVA3089BRNRXL-Waterproof-Non-Slip-Cover-X-Large-Brown-Recliner-1-247x300.jpg,LVA3089BRNRXL-Waterproof-Non-Slip-Cover-X-Large-Brown-Recliner-1-247x300.jpg,https://advanceddmesupplies.com/product/waterproof-non-slip-cover/
Adjustable Bed Base Only,BED AND MATTRESS,,images/BED AND MATTRESS/Base-Frame-photo-2024-1-e1718821670756-247x300.jpg,Base-Frame-photo-2024-1-e1718821670756-247x300.jpg,https://advanceddmesupplies.com/product/adjustable-bed-base-only/
Value Flex Adjustable bed,BED AND MATTRESS,,images/BED AND MATTRESS/2K8A0207-web-247x300.jpg,2K8A0207-web-247x300.jpg,https://advanceddmesupplies.com/product/value-flex-adjustable-bed/
Hi-Low Adjustable Bed,BED AND MATTRESS,,images/BED AND MATTRESS/hi-low-queen-247x300.jpg,hi-low-queen-247x300.jpg,https://advanceddmesupplies.com/product/hi-low-adjustable-bed/
Premier Adjustable Bed,BED AND MATTRESS,,images/BED AND MATTRESS/premier-hero-247x300.jpg,premier-hero-247x300.jpg,https://advanceddmesupplies.com/product/premier-adjustable-bed/
Evolution Collection LC435XXL,LIFT CHAIRS,,images/LIFT CHAIRS/lc435xxl-evolution-lifted-sta-kleen-chestnut-247x300.jpg,lc435xxl-evolution-lifted-sta-kleen-chestnut-247x300.jpg,https://advanceddmesupplies.com/product/evolution-collection-lc435xxl/
Evolution Collection LC435L,LIFT CHAIRS,,images/LIFT CHAIRS/evolution-lexis-beauty-247x300.jpg,evolution-lexis-beauty-247x300.jpg,https://advanceddmesupplies.com/product/evolution-collection-lc435l/
Amputee Support w/ 7 x 10 Pad for 1″ Tube,WHEELCHAIRS MANUAL,,images/WHEELCHAIRS MANUAL/THER31552_PRI01_300x300-247x300.avif,THER31552_PRI01_300x300-247x300.avif,https://advanceddmesupplies.com/product/amputee-support-w-7-x-10-pad-for-1-tube/
Amputee Support w/ 5 x 8 Pad for 1″ Tube,WHEELCHAIRS MANUAL,,images/WHEELCHAIRS MANUAL/THER31552_PRI01_300x300-247x300.avif,THER31552_PRI01_300x300-247x300.avif,https://advanceddmesupplies.com/product/amputee-support-w-5-x-8-pad-for-1-tube/
"Arm Trough, Slide-On with 4.5W X 12L Base",WHEELCHAIRS MANUAL,,images/WHEELCHAIRS MANUAL/1787_44370155321_7-247x300.jpg,1787_44370155321_7-247x300.jpg,https://advanceddmesupplies.com/product/arm-trough-slide-on-with-4-5w-x-12l-base/
"Armrest, Slide On Trough, Black Foam",WHEELCHAIRS MANUAL,,images/WHEELCHAIRS MANUAL/667_44271861-247x242.jpg,667_44271861-247x242.jpg,https://advanceddmesupplies.com/product/armrest-slide-on-trough-black-foam/
"Arm Trough, Slide-On with 6W X 18.5L Base",WHEELCHAIRS MANUAL,,images/WHEELCHAIRS MANUAL/1786_44370153944_7-247x300.jpg,1786_44370153944_7-247x300.jpg,https://advanceddmesupplies.com/product/arm-trough-slide-on-with-6w-x-18-5l-base/
Tube Feeding Formula ProSource® TF Unflavored Liquid 45 mL Pouch,ENTERAL NUTRITION,,images/ENTERAL NUTRITION/891032_front_-247x250.jpg,891032_front_-247x250.jpg,https://advanceddmesupplies.com/product/tube-feeding-formula-prosource-tf-unflavored-liquid-45-ml-pouch/
Pediatric Oral Supplement Nutren® Junior Vanilla Flavor,ENTERAL NUTRITION,,images/ENTERAL NUTRITION/541270_front_-247x250.jpg,541270_front_-247x250.jpg,https://advanceddmesupplies.com/product/pediatric-oral-supplement-nutren-junior-vanilla-flavor/
Pediatric Oral Supplement Boost® Kid Essentials™ 1.0,ENTERAL NUTRITION,,images/ENTERAL NUTRITION/1178507_front_-247x250.jpg,1178507_front_-247x250.jpg,https://advanceddmesupplies.com/product/pediatric-oral-supplement-boost-kid-essentials-1-0/
Oral Supplement Banatrol® Plus Banana Flavor Powder 11g,ENTERAL NUTRITION,,images/ENTERAL NUTRITION/709356_front-247x250.jpg,709356_front-247x250.jpg,https://advanceddmesupplies.com/product/oral-supplement-banatrol-plus-banana-flavor-powder-11g/
Pediatric Oral Supplement PediaSure® 1.5 Cal,ENTERAL NUTRITION,,images/ENTERAL NUTRITION/1143673_front-247x250.jpg,1143673_front-247x250.jpg,https://advanceddmesupplies.com/product/pediatric-oral-supplement-pediasure-1-5-cal/
Tube Feeding Formula Isosource® HN Unflavored,ENTERAL NUTRITION,,images/ENTERAL NUTRITION/193803_front-247x250.jpg,193803_front-247x250.jpg,https://advanceddmesupplies.com/product/tube-feeding-formula-isosource-hn-unflavored/
Pediatric Oral Supplement PediaSure® Grow & Gain,ENTERAL NUTRITION,,images/ENTERAL NUTRITION/1143676_front-247x250.jpg,1143676_front-247x250.jpg,https://advanceddmesupplies.com/product/pediatric-oral-supplement-pediasure-grow-gain/
Oral Supplement Compleat® Standard 1.4 Cal,ENTERAL NUTRITION,,images/ENTERAL NUTRITION/1207053_front-247x250.jpg,1207053_front-247x250.jpg,https://advanceddmesupplies.com/product/oral-supplement-compleat-standard-1-4-cal/
Tube Feeding Formula Osmolite® 1.2 Cal Unflavored Liquid 8 oz.,ENTERAL NUTRITION,,images/ENTERAL NUTRITION/1048209_front-247x250.jpg,1048209_front-247x250.jpg,https://advanceddmesupplies.com/product/tube-feeding-formula-osmolite-1-2-cal-unflavored-liquid-8-oz/
Oral Supplement Boost® Very High Calorie,ENTERAL NUTRITION,,images/ENTERAL NUTRITION/1178505_left-247x250.jpg,1178505_left-247x250.jpg,https://advanceddmesupplies.com/product/oral-supplement-boost-very-high-calorie/
Tube Feeding Formula Diabetisource® AC,ENTERAL NUTRITION,,images/ENTERAL NUTRITION/525738_front_-247x250.jpg,525738_front_-247x250.jpg,https://advanceddmesupplies.com/product/tube-feeding-formula-diabetisource-ac/
Fibersource® HN Unflavored Liquid 250 mL Carton,ENTERAL NUTRITION,,images/ENTERAL NUTRITION/193812_front_-247x250.jpg,193812_front_-247x250.jpg,https://advanceddmesupplies.com/product/fibersource-hn-unflavored-liquid-250-ml-carton/
Nepro® Vanilla Flavor Liquid 8 oz,ENTERAL NUTRITION,,images/ENTERAL NUTRITION/1048214_front_-247x250.jpg,1048214_front_-247x250.jpg,https://advanceddmesupplies.com/product/nepro-vanilla-flavor-liquid-8-oz/
Glucerna® 1.5 Cal Vanilla Flavor Liquid 8 oz,ENTERAL NUTRITION,,images/ENTERAL NUTRITION/1048236_front-247x250.jpg,1048236_front-247x250.jpg,https://advanceddmesupplies.com/product/glucerna-1-5-cal-vanilla-flavor-liquid-8-oz/
Ensure® Original Therapeutic Nutrition Shake Chocolate Flavor Liquid 8 oz,ENTERAL NUTRITION,,images/ENTERAL NUTRITION/1048244_facts-247x250.jpg,1048244_facts-247x250.jpg,https://advanceddmesupplies.com/product/ensure-original-therapeutic-nutrition-shake-chocolate-flavor-liquid-8-oz/
Kate Farms Renal Support 1.8 Vanilla Flavor,ENTERAL NUTRITION,,images/ENTERAL NUTRITION/1184938_front-247x250.jpg,1184938_front-247x250.jpg,https://advanceddmesupplies.com/product/kate-farms-renal-support-1-8-vanilla-flavor/
Pediatric Tube Feeding Formula Kate Farms Squash / Carrot Flavor 8.45 oz. / 250 mL Pouch Liquid Organic Pea Protein,ENTERAL NUTRITION,,images/ENTERAL NUTRITION/1241599_front-247x250.jpg,1241599_front-247x250.jpg,https://advanceddmesupplies.com/product/pediatric-tube-feeding-formula-kate-farms-squash-carrot-flavor-8-45-oz-250-ml-pouch-liquid-organic-pea-protein/
Kate Farms Pediatric Standard 1.2,ENTERAL NUTRITION,,images/ENTERAL NUTRITION/1105970_front-247x250.jpg,1105970_front-247x250.jpg,https://advanceddmesupplies.com/product/kate-farms-pediatric-standard-1-2/
Kate Farms Standard 1.4,ENTERAL NUTRITION,,images/ENTERAL NUTRITION/1170423_front-247x250.jpg,1170423_front-247x250.jpg,https://advanceddmesupplies.com/product/kate-farms-standard-1-4/
Kate Farms Peptide 1.5,ENTERAL NUTRITION,,images/ENTERAL NUTRITION/1053183_front-247x300.jpg,1053183_front-247x300.jpg,https://advanceddmesupplies.com/product/kate-farms-peptide-1-5/
Trend Triump Dual OA Knee Brace,ORTHOPEDICS,,images/ORTHOPEDICS/664483_9c03519983db41c4a17db6f379097e74mv2-247x300.avif,664483_9c03519983db41c4a17db6f379097e74mv2-247x300.avif,https://advanceddmesupplies.com/product/trend-triump-dual-oa-knee-brace/
ManaEZ® Humerus Universal,ORTHOPEDICS,,images/ORTHOPEDICS/manaez-humerus-universal-brace_1-247x300.jpg,manaez-humerus-universal-brace_1-247x300.jpg,https://advanceddmesupplies.com/product/manaez-humerus-universal/
Royal Boot Air tall,ORTHOPEDICS,,images/ORTHOPEDICS/royal-boot-air_1-1-247x300.jpg,royal-boot-air_1-1-247x300.jpg,https://advanceddmesupplies.com/product/royal-boot-air-tall/
MAC Boot Air Tall,ORTHOPEDICS,,images/ORTHOPEDICS/mac-walker-boot-air_1-1-247x300.jpg,mac-walker-boot-air_1-1-247x300.jpg,https://advanceddmesupplies.com/product/mac-boot-air-tall/
Royal Boot® Air Short,ORTHOPEDICS,,images/ORTHOPEDICS/royal-walker-boot-air-short_1-247x300.jpg,royal-walker-boot-air-short_1-247x300.jpg,https://advanceddmesupplies.com/product/royal-boot-air-short/
360 Exo Walker Boot Short Coretech,ORTHOPEDICS,,images/ORTHOPEDICS/SUP2033BLKXS-360-Exo-Walker-Boot-Short-Coretech-X-Small-247x300.jpg,SUP2033BLKXS-360-Exo-Walker-Boot-Short-Coretech-X-Small-247x300.jpg,https://advanceddmesupplies.com/product/360-exo-walker-boot-short-coretech/
360 Exo Walker Boot Tall Coretech,ORTHOPEDICS,,images/ORTHOPEDICS/SUP2032BLKXS-360-Exo-Walker-Boot-Tall-Coretech-X-Small-247x300.jpg,SUP2032BLKXS-360-Exo-Walker-Boot-Tall-Coretech-X-Small-247x300.jpg,https://advanceddmesupplies.com/product/360-exo-walker-boot-tall-coretech/
ACL Knee Brace Coretech,ORTHOPEDICS,,images/ORTHOPEDICS/SUP3104BLKLS-ACL-Knee-Brace-Coretech-Small-Left-247x300.png,SUP3104BLKLS-ACL-Knee-Brace-Coretech-Small-Left-247x300.png,https://advanceddmesupplies.com/product/acl-knee-brace-coretech/
Wrist Ice Wrap,PAIN MANAGEMENT,,images/PAIN MANAGEMENT/SUP2003GRY-Wrist-Ice-Wrap-Grey-247x300.jpg,SUP2003GRY-Wrist-Ice-Wrap-Grey-247x300.jpg,https://advanceddmesupplies.com/product/wrist-ice-wrap/
Face Ice Wrap,PAIN MANAGEMENT,,images/PAIN MANAGEMENT/SUP2058GRY-Face-Ice-Wrap-247x300.jpg,SUP2058GRY-Face-Ice-Wrap-247x300.jpg,https://advanceddmesupplies.com/product/face-ice-wrap/
Full Head Ice Wrap,PAIN MANAGEMENT,,images/PAIN MANAGEMENT/SUP2052GRY-Full-Head-Ice-Wrap-247x300.jpg,SUP2052GRY-Full-Head-Ice-Wrap-247x300.jpg,https://advanceddmesupplies.com/product/full-head-ice-wrap/
Back Compression Ice Wrap,PAIN MANAGEMENT,,images/PAIN MANAGEMENT/SUP2022-Back-Compression-Ice-Wrap-247x300.jpg,SUP2022-Back-Compression-Ice-Wrap-247x300.jpg,https://advanceddmesupplies.com/product/back-compression-ice-wrap/
Ankle Compression Ice Wrap,PAIN MANAGEMENT,,images/PAIN MANAGEMENT/SUP2017GRY-Ankle-Compression-Ice-Wrap-247x300.jpg,SUP2017GRY-Ankle-Compression-Ice-Wrap-247x300.jpg,https://advanceddmesupplies.com/product/ankle-compression-ice-wrap/
Knee Compression Ice Wrap,PAIN MANAGEMENT,,images/PAIN MANAGEMENT/SUP2007GRY-Knee-Compression-Ice-Wrap-247x300.jpg,SUP2007GRY-Knee-Compression-Ice-Wrap-247x300.jpg,https://advanceddmesupplies.com/product/knee-compression-ice-wrap/
Shoulder Compression Ice Wrap,PAIN MANAGEMENT,,images/PAIN MANAGEMENT/SUP1075GRY-Shoulder-Compression-Ice-Wrap-247x300.jpg,SUP1075GRY-Shoulder-Compression-Ice-Wrap-247x300.jpg,https://advanceddmesupplies.com/product/shoulder-compression-ice-wrap/
Knee Ice Wrap,PAIN MANAGEMENT,,images/PAIN MANAGEMENT/Knee-Ice-Wrap-2pk-247x300.jpg,Knee-Ice-Wrap-2pk-247x300.jpg,https://advanceddmesupplies.com/product/knee-ice-wrap/
Hip Ice pack,PAIN MANAGEMENT,,images/PAIN MANAGEMENT/RHB2092TAL-Hip-Ice-pack-247x300.jpg,RHB2092TAL-Hip-Ice-pack-247x300.jpg,https://advanceddmesupplies.com/product/hip-ice-pack/
Hot and Cold Eye Mask,PAIN MANAGEMENT,,images/PAIN MANAGEMENT/RHB3047BLK-Hot-and-Cold-Eye-Mask-247x300.png,RHB3047BLK-Hot-and-Cold-Eye-Mask-247x300.png,https://advanceddmesupplies.com/product/hot-and-cold-eye-mask/
Wrist Compression Ice Wrap,PAIN MANAGEMENT,,images/PAIN MANAGEMENT/SUP3074GRY-Wrist-Compression-Ice-Wrap-247x300.jpg,SUP3074GRY-Wrist-Compression-Ice-Wrap-247x300.jpg,https://advanceddmesupplies.com/product/wrist-compression-ice-wrap/
Elbow Compression Ice Wrap,PAIN MANAGEMENT,,images/PAIN MANAGEMENT/SUP3063GRY-Elbow-Compression-Ice-Wrap-247x300.jpg,SUP3063GRY-Elbow-Compression-Ice-Wrap-247x300.jpg,https://advanceddmesupplies.com/product/elbow-compression-ice-wrap/
ManaCold Platinum 2.0,PAIN MANAGEMENT,,images/PAIN MANAGEMENT/manacold-platinum-2-water-circulating-therapy-device_1-247x300.jpg,manacold-platinum-2-water-circulating-therapy-device_1-247x300.jpg,https://advanceddmesupplies.com/product/manacold-platinum-2-0/
ManaSport+ Ultrasound,PAIN MANAGEMENT,,images/PAIN MANAGEMENT/manasport-plus-ultrasound-device_1-247x300.jpg,manasport-plus-ultrasound-device_1-247x300.jpg,https://advanceddmesupplies.com/product/manasport-ultrasound/
Protekt® Dash standing transfer frame,HOYER LIFT,,images/HOYER LIFT/32500-Protekt-Dash-600x600-1-247x300.jpg,32500-Protekt-Dash-600x600-1-247x300.jpg,https://advanceddmesupplies.com/product/protekt-dash-standing-transfer-frame/
Active Wheelchair,WHEELCHAIRS MANUAL,,images/WHEELCHAIRS MANUAL/MOB1101BLU-Active-Wheelchair-247x300.jpg,MOB1101BLU-Active-Wheelchair-247x300.jpg,https://advanceddmesupplies.com/product/active-wheelchair/
Seated Scooter Knee Walker,WALKERS,,images/WALKERS/seated-knee-scooter-247x300.jpg,seated-knee-scooter-247x300.jpg,https://advanceddmesupplies.com/product/seated-scooter-knee-walker/
Bariatric HD Wheelchair – 32″ x 20″ w/ ELR,WHEELCHAIRS MANUAL,,images/WHEELCHAIRS MANUAL/10293-main-247x300.png,10293-main-247x300.png,https://advanceddmesupplies.com/product/bariatric-hd-wheelchair-32-x-20-w-elr/
Sleek Motion X-Light Wheelchair,WHEELCHAIRS MANUAL,,images/WHEELCHAIRS MANUAL/10281_sleek-motion-wc_angle_72dpi-1-247x300.png,10281_sleek-motion-wc_angle_72dpi-1-247x300.png,https://advanceddmesupplies.com/product/sleek-motion-x-light-wheelchair/
Noka light weight wheelchair with flip back arms,WHEELCHAIRS MANUAL,,images/WHEELCHAIRS MANUAL/11441061-247x300.png,11441061-247x300.png,https://advanceddmesupplies.com/product/noka-light-weight-wheelchair-with-flip-back-arms/
Noka light weight transport chair,WHEELCHAIRS MANUAL,,images/WHEELCHAIRS MANUAL/11121199-247x300.png,11121199-247x300.png,https://advanceddmesupplies.com/product/noka-transport-chair/
Noka light weight wheelchair,WHEELCHAIRS MANUAL,,images/WHEELCHAIRS MANUAL/11441316-247x300.png,11441316-247x300.png,https://advanceddmesupplies.com/product/noka-light-weight-wheelchair/
Noka Samba Rollator,ROLLATORS,,images/ROLLATORS/11092742-247x300.png,11092742-247x300.png,https://advanceddmesupplies.com/product/noka-samba-rollator/
Protekt® All-In-One electric hoyer lift,HOYER LIFT,,images/HOYER LIFT/Protekt-All-In-One_1-1-247x300.jpg,Protekt-All-In-One_1-1-247x300.jpg,https://advanceddmesupplies.com/product/protekt-all-in-one-electric-hoyer-lift/
Sleek Motion 22lb Ultra-lightweight Wheelchair,WHEELCHAIRS MANUAL,,images/WHEELCHAIRS MANUAL/10281_sleek-motion-wc_angle_72dpi-247x300.png,10281_sleek-motion-wc_angle_72dpi-247x300.png,https://advanceddmesupplies.com/product/sleek-motion-22lb-ultra-lightweight-wheelchair/
ASCENT XR ROLLATOR 450LBS,ROLLATORS,,images/ROLLATORS/RLASXRBW-1-247x300.jpg,RLASXRBW-1-247x300.jpg,https://advanceddmesupplies.com/product/ascent-xr-rollator-450lbs/
Vive Power Wheelchair – Foldable Long Range Transport Aid,WHEELCHAIRS POWER,,images/WHEELCHAIRS POWER/Image_1_41_287eab58-697b-47d0-aa66-91a282b828a4_800x800-247x300.jpg,Image_1_41_287eab58-697b-47d0-aa66-91a282b828a4_800x800-247x300.jpg,https://advanceddmesupplies.com/product/power-wheelchair-foldable-long-range-transport-aid/
Vive Compact Power Wheelchair – Foldable Long Range Transport Aid,WHEELCHAIRS POWER,,images/WHEELCHAIRS POWER/CompactPowerWheelchair_798x798-247x300.webp,CompactPowerWheelchair_798x798-247x300.webp,https://advanceddmesupplies.com/product/compact-power-wheelchair-foldable-long-range-transport-aid/
Vive Airframe Power Wheelchair – Magnesium Collection,WHEELCHAIRS POWER,,images/WHEELCHAIRS POWER/1d2_1_800x800-247x300.jpg,1d2_1_800x800-247x300.jpg,https://advanceddmesupplies.com/product/airframe-power-wheelchair-magnesium-collection/
Vive Airframe Power Wheelchair,WHEELCHAIRS POWER,,images/WHEELCHAIRS POWER/1aMainImage_fd17cf38-e8dc-4781-8cc4-9752634b8f65_800x800-247x300.jpg,1aMainImage_fd17cf38-e8dc-4781-8cc4-9752634b8f65_800x800-247x300.jpg,https://advanceddmesupplies.com/product/vive-airframe-power-wheelchair/
Golden Ally Sport GP305,WHEELCHAIRS POWER,,images/WHEELCHAIRS POWER/1-247x300.jpg,1-247x300.jpg,https://advanceddmesupplies.com/product/golden-ally-sport-gp305/
Golden Ally Pro Model: GP304,WHEELCHAIRS POWER,,images/WHEELCHAIRS POWER/1-247x300.png,1-247x300.png,https://advanceddmesupplies.com/product/golden-ally-pro-model-gp304/
Buzzaround LT 4-Wheel,SCOOTER,,images/SCOOTER/2-8-247x300.jpg,2-8-247x300.jpg,https://advanceddmesupplies.com/product/buzzaround-lt-4-wheel/
Buzzaround CarryOn HD Model: GB220,SCOOTER,,images/SCOOTER/1-3-247x300.jpg,1-3-247x300.jpg,https://advanceddmesupplies.com/product/buzzaround-carryon-hd-model-gb220/
The Golden Passport™ Hi Low Adjustable Bed with Dual-Zone Vibrating Massage,BED AND MATTRESS,,images/BED AND MATTRESS/67876.424612131123-247x300.webp,67876.424612131123-247x300.webp,https://advanceddmesupplies.com/product/the-golden-passport-hi-low-adjustable-bed-with-dual-zone-vibrating-massage/
UPbed® Independence 4-in-1 Motorized Lift Bed with 90° Rotation,BED AND MATTRESS,,images/BED AND MATTRESS/upbed-independence-247x300.webp,upbed-independence-247x300.webp,https://advanceddmesupplies.com/product/upbed-independence-4-in-1-motorized-lift-bed-with-90-rotation/
byACRE Carbon Ultralight Rollator,ROLLATORS,,images/ROLLATORS/carbon-ultralight-carbon-black-1-247x300.webp,carbon-ultralight-carbon-black-1-247x300.webp,https://advanceddmesupplies.com/product/byacre-carbon-ultralight-rollator/
Journey So Lite® C2 Ultra Lightweight Wheelchair,WHEELCHAIRS MANUAL,,images/WHEELCHAIRS MANUAL/SLWC2-Red-1500x1500-1-247x300.webp,SLWC2-Red-1500x1500-1-247x300.webp,https://advanceddmesupplies.com/product/journey-so-lite-c2-ultra-lightweight-wheelchair/
Journey Zoomer® Lightweight Folding Power Chair,WHEELCHAIRS POWER,,images/WHEELCHAIRS POWER/Zoomer-1500x1500-1-247x300.webp,Zoomer-1500x1500-1-247x300.webp,https://advanceddmesupplies.com/product/journey-zoomer-lightweight-folding-power-chair/
Journey Zinger® Folding Power Chair,WHEELCHAIRS POWER,,images/WHEELCHAIRS POWER/Zinger-Blue-1500x1500-1-247x300.webp,Zinger-Blue-1500x1500-1-247x300.webp,https://advanceddmesupplies.com/product/journey-zinger-folding-power-chair/
Journey Air Elite Lightweight Folding Power Chair,WHEELCHAIRS POWER,,images/WHEELCHAIRS POWER/Air-Elite-1500x1500-1-247x300.webp,Air-Elite-1500x1500-1-247x300.webp,https://advanceddmesupplies.com/product/journey-air-elite-lightweight-folding-power-chair/
Drive Air-Go Walker,WALKERS,,images/WALKERS/AIR-GO-B-1-247x300.jpg,AIR-GO-B-1-247x300.jpg,https://advanceddmesupplies.com/product/drive-air-go-walker/
"Clever-Lite Walker, Adult, with 8″ Casters",WALKERS,,images/WALKERS/walker-247x300.jpg,walker-247x300.jpg,https://advanceddmesupplies.com/product/clever-lite-walker-adult-with-8-casters/
Roscoe Ultra-5 Ultraviolet Disinfector,CPAP BIPAP VPAPS VENTILATORS,,images/CPAP BIPAP VPAPS VENTILATORS/Ulta-5-68.opt__96229-247x300.jpg,Ulta-5-68.opt__96229-247x300.jpg,https://advanceddmesupplies.com/product/roscoe-ultra-5-ultraviolet-disinfector/
React Health Lumin CPAP Cleaner For Mask and Accessories,CPAP BIPAP VPAPS VENTILATORS,,images/CPAP BIPAP VPAPS VENTILATORS/lumin-247x300.jpg,lumin-247x300.jpg,https://advanceddmesupplies.com/product/react-health-lumin-cpap-cleaner-for-mask-and-accessories/
Chariot IV Wheelchair (K4),WHEELCHAIRS MANUAL,,images/WHEELCHAIRS MANUAL/Chariot-IV-01-247x300.jpg,Chariot-IV-01-247x300.jpg,https://advanceddmesupplies.com/product/chariot-iv-wheelchair-k4/
Chariot III Wheelchair (K3),WHEELCHAIRS MANUAL,,images/WHEELCHAIRS MANUAL/k3-247x300.jpg,k3-247x300.jpg,https://advanceddmesupplies.com/product/chariot-iii-wheelchair-k3/
VOCIC AX12 Electric Toilet Lift Seat for Senior,BATH SAFETY,,images/BATH SAFETY/717HOoo8uIL.__AC_SX300_SY300_QL70_ML2_-247x300.jpg,717HOoo8uIL.__AC_SX300_SY300_QL70_ML2_-247x300.jpg,https://advanceddmesupplies.com/product/vocic-ax12-electric-toilet-lift-seat-for-senior/
U-Step Neuro (Press Down Brake),ROLLATORS,,images/ROLLATORS/press-down-brake-247x300.jpg,press-down-brake-247x300.jpg,https://advanceddmesupplies.com/product/u-step-neuro-press-down-brake/
U-Step Neuro (Platform),ROLLATORS,,images/ROLLATORS/Platform-Inside-view-255-4-C-WithOUT-Callouts-LO-RES-247x300.jpg,Platform-Inside-view-255-4-C-WithOUT-Callouts-LO-RES-247x300.jpg,https://advanceddmesupplies.com/product/u-step-neuro-platform/
U-Step Neuro (Standard),ROLLATORS,,images/ROLLATORS/Standard-Model-TSP-225-1030x1030-1-247x300.jpg,Standard-Model-TSP-225-1030x1030-1-247x300.jpg,https://advanceddmesupplies.com/product/u-step-neuro-standard/
Merits Roadster S4,SCOOTER,,images/SCOOTER/roadster-S4-247x300.png,roadster-S4-247x300.png,https://advanceddmesupplies.com/product/merits-roadster-s4/
Carbon Crossover Power Wheelchair,WHEELCHAIRS POWER,,images/WHEELCHAIRS POWER/713NWETe03L._AC_SL1500_-247x300.jpg,713NWETe03L._AC_SL1500_-247x300.jpg,https://advanceddmesupplies.com/product/carbon-crossover-power-wheelchair/
VOCIC U31 3 In 1 Lightweight Foldable Manual Wheelchair,WHEELCHAIRS MANUAL,,images/WHEELCHAIRS MANUAL/OIP-247x216.jpg,OIP-247x216.jpg,https://advanceddmesupplies.com/product/vocic-u31-3-in-1-lightweight-foldable-manual-wheelchair/
AX05 Heavy Duty Floor Lift Chair,BATH SAFETY,,images/BATH SAFETY/61EwPVk4xdL._AC_SL1500_-247x300.jpg,61EwPVk4xdL._AC_SL1500_-247x300.jpg,https://advanceddmesupplies.com/product/ax05-heavy-duty-floor-lift-chair/
Inogen Voxi 5,OXYGEN,,images/OXYGEN/voxi5-247x300.png,voxi5-247x300.png,https://advanceddmesupplies.com/product/inogen-voxi-5/
Tri-Rollator With Seat,ROLLATORS,,images/ROLLATORS/MOB1116BLK-Tri-Rollator-With-Seat-Black-247x300.jpg,MOB1116BLK-Tri-Rollator-With-Seat-Black-247x300.jpg,https://advanceddmesupplies.com/product/tri-rollator-with-seat/
drive AeroWalk Ultra-Lite Rollator,ROLLATORS,,images/ROLLATORS/10277WT-247x300.jpg,10277WT-247x300.jpg,https://advanceddmesupplies.com/product/drive-aerowalk-ultra-lite-rollator/
Shower Commode Transport Chair,BATH SAFETY,,images/BATH SAFETY/MOB1090SLV-Shower-Commode-Transport-Chair-247x300.jpg,MOB1090SLV-Shower-Commode-Transport-Chair-247x300.jpg,https://advanceddmesupplies.com/product/shower-commode-transport-chair/
Sunstride Rollator – All Terrain Edition,ROLLATORS,,images/ROLLATORS/MOB1093BLU-Sunstride-Rollator-All-Terrain-Edition-247x300.jpg,MOB1093BLU-Sunstride-Rollator-All-Terrain-Edition-247x300.jpg,https://advanceddmesupplies.com/product/sunstride-rollator-all-terrain-edition/
Portable Stand Assist,BATH SAFETY,,images/BATH SAFETY/LVA3045BLK-Portable-Stand-Assist-247x300.jpg,LVA3045BLK-Portable-Stand-Assist-247x300.jpg,https://advanceddmesupplies.com/product/portable-stand-assist/
Lightweight Transport Wheelchair,WHEELCHAIRS MANUAL,,images/WHEELCHAIRS MANUAL/MOB1108BLU-Lightweight-Transport-Wheelchair-247x300.jpg,MOB1108BLU-Lightweight-Transport-Wheelchair-247x300.jpg,https://advanceddmesupplies.com/product/lightweight-transport-wheelchair/
Toilet Safety Frame With Handles,BATH SAFETY,,images/BATH SAFETY/LVA3073-Toilet-Safety-Frame-With-Handles-247x300.jpg,LVA3073-Toilet-Safety-Frame-With-Handles-247x300.jpg,https://advanceddmesupplies.com/product/toilet-safety-frame-with-handles/
Folding Shower Chair,BATH SAFETY,,images/BATH SAFETY/LVA3036GRY-Folding-Shower-Chair-247x300.jpg,LVA3036GRY-Folding-Shower-Chair-247x300.jpg,https://advanceddmesupplies.com/product/folding-shower-chair/
Reclining Shower Commode Transport Chair,BATH SAFETY,,images/BATH SAFETY/MOB1082WHT-Reclining-Shower-Commode-Transport-Chair-247x300.jpg,MOB1082WHT-Reclining-Shower-Commode-Transport-Chair-247x300.jpg,https://advanceddmesupplies.com/product/reclining-shower-commode-transport-chair/
"drive Super Light, Folding Transport Chair with Carry Bag and Flip-Back Arms",WHEELCHAIRS MANUAL,,images/WHEELCHAIRS MANUAL/SL18-247x300.jpg,SL18-247x300.jpg,https://advanceddmesupplies.com/product/drive-super-light-folding-transport-chair-with-carry-bag-and-flip-back-arms/
Viper Plus GT Wheelchair with Universal Armrests,WHEELCHAIRS MANUAL,,images/WHEELCHAIRS MANUAL/viper-247x300.jpg,viper-247x300.jpg,https://advanceddmesupplies.com/product/viper-plus-gt-wheelchair-with-universal-armrests/
Drive Viper Wheelchair,WHEELCHAIRS MANUAL,,images/WHEELCHAIRS MANUAL/viper--247x300.jpg,viper--247x300.jpg,https://advanceddmesupplies.com/product/drive-viper-wheelchair/
Nitro® Duet Rollator and Transport Chair,ROLLATORS,,images/ROLLATORS/duet-247x300.jpg,duet-247x300.jpg,https://advanceddmesupplies.com/product/nitro-duet-rollator-and-transport-chair/
Nitro HD Rollator,ROLLATORS,,images/ROLLATORS/nitro-hd-247x300.jpg,nitro-hd-247x300.jpg,https://advanceddmesupplies.com/product/nitro-hd-rollator/
Nitro® Sprint HD Rollator,ROLLATORS,,images/ROLLATORS/nitro-splinter-hd-247x300.jpg,nitro-splinter-hd-247x300.jpg,https://advanceddmesupplies.com/product/nitro-sprint-hd-rollator/
Airgo Fusion F20 Side-Folding Rollator & Transport Chair,ROLLATORS,,images/ROLLATORS/f20-247x300.jpg,f20-247x300.jpg,https://advanceddmesupplies.com/product/airgo-fusion-f20-side-folding-rollator-transport-chair/
Nitro® 3-Wheel Rollator,ROLLATORS,,images/ROLLATORS/nitro-3-wheel-247x300.jpg,nitro-3-wheel-247x300.jpg,https://advanceddmesupplies.com/product/nitro-3-wheel-rollator/
Airgo Fusion F23 Side-Folding Rollator & Transport Chair,ROLLATORS,,images/ROLLATORS/airgo-247x300.jpg,airgo-247x300.jpg,https://advanceddmesupplies.com/product/airgo-fusion-f23-side-folding-rollator-transport-chair/
Nitro® Sprint Rollator with Accessories,ROLLATORS,,images/ROLLATORS/nitro1-247x300.jpg,nitro1-247x300.jpg,https://advanceddmesupplies.com/product/nitro-sprint-rollator-with-accessories/
Rhythm P2-E7 Portable Oxygen Concentrator,OXYGEN,,images/OXYGEN/P2-E7_concentrator-01-247x300.avif,P2-E7_concentrator-01-247x300.avif,https://advanceddmesupplies.com/product/rhythm-p2-e7-portable-oxygen-concentrator/
Rhythm P2-E6 Portable Oxygen Concentrator,OXYGEN,,images/OXYGEN/P2-E6_concentrator-01-247x300.avif,P2-E6_concentrator-01-247x300.avif,https://advanceddmesupplies.com/product/rythm-p2-e6-portable-oxygen-concentrator/
Rhythm P2 Portable Oxygen Concentrator,OXYGEN,,images/OXYGEN/P2_concentrator-01-247x300.avif,P2_concentrator-01-247x300.avif,https://advanceddmesupplies.com/product/rythm-p2-portable-oxygen-concentrator/
Rhythm P2-S4 Portable Oxygen Concentrator,OXYGEN,,images/OXYGEN/P2-S4_concentrator-01-247x300.jpg,P2-S4_concentrator-01-247x300.jpg,https://advanceddmesupplies.com/product/rythm-p2-s4-portable-oxygen-concentrator/
"3-Position clinical Recliner Geri chair, Bariatric",BATH SAFETY,,images/BATH SAFETY/D574EW-CHAR-247x300.jpg,D574EW-CHAR-247x300.jpg,https://advanceddmesupplies.com/product/3-position-clinical-recliner-geri-chair-bariatric/
Inogen At Home Oxygen Concentrator,OXYGEN,,images/OXYGEN/Inogen-At-Home-Web-12-in-e1487283801766-247x300.png,Inogen-At-Home-Web-12-in-e1487283801766-247x300.png,https://advanceddmesupplies.com/product/inogen-at-home-oxygen-concentrator/
STANDER WONDER INDOOR ROLLATOR WITH TRAY,ROLLATORS,,images/ROLLATORS/INDOOR-ROLLATOR-247x300.webp,INDOOR-ROLLATOR-247x300.webp,https://advanceddmesupplies.com/product/stander-wonder-indoor-rollator/
STANDER WONDER ROLLATOR HD,ROLLATORS,,images/ROLLATORS/WONDER-HD-247x300.webp,WONDER-HD-247x300.webp,https://advanceddmesupplies.com/product/stander-wonder-rollator-hd/
Stander wonder rollator plus,ROLLATORS,,images/ROLLATORS/4330-MB-247x300.webp,4330-MB-247x300.webp,https://advanceddmesupplies.com/product/stander-wonder-rollator-plus/
Inogen® Rove 6™ System,OXYGEN,,images/OXYGEN/Inogen-Rove-6-Left-247x300.png,Inogen-Rove-6-Left-247x300.png,https://advanceddmesupplies.com/product/inogen-rove-6-system/
Inogen Rove 4 System,OXYGEN,,images/OXYGEN/Rove4v2-247x300.png,Rove4v2-247x300.png,https://advanceddmesupplies.com/product/inogen-rove-4-system/
Comforter Tall With ZG+ Model: PR545-TAL,LIFT CHAIRS,,images/LIFT CHAIRS/1-1-4-247x300.jpg,1-1-4-247x300.jpg,https://advanceddmesupplies.com/product/comforter-tall-with-zg-model-pr545-tal-2/
Comforter Large With ZG+ Model: PR545-LAR,LIFT CHAIRS,,images/LIFT CHAIRS/1-2-1-247x300.jpg,1-2-1-247x300.jpg,https://advanceddmesupplies.com/product/comforter-large-with-zg-model-pr545-lar-2/
Comforter Medium With ZG+ Model: PR545-MED,LIFT CHAIRS,,images/LIFT CHAIRS/3-5-247x300.jpg,3-5-247x300.jpg,https://advanceddmesupplies.com/product/comforter-medium-with-zg-model-pr545-med-2/
Dione Large Model: PR446-LAR,LIFT CHAIRS,,images/LIFT CHAIRS/Golden-Technologies-PR446-Dione-Large-Power-Lift-Chair-Recliner-Lifted-in-Maple-2-247x300.png,Golden-Technologies-PR446-Dione-Large-Power-Lift-Chair-Recliner-Lifted-in-Maple-2-247x300.png,https://advanceddmesupplies.com/product/dione-large-model-pr446-lar/
Dione Medium Model: PR446-MED,LIFT CHAIRS,,images/LIFT CHAIRS/Golden-Technologies-PR446-Dione-Large-Power-Lift-Chair-Recliner-Lifted-in-Maple-247x300.png,Golden-Technologies-PR446-Dione-Large-Power-Lift-Chair-Recliner-Lifted-in-Maple-247x300.png,https://advanceddmesupplies.com/product/dione-medium-model-pr446-med-2/
Day Dreamer Medium Model: PR632-MED,LIFT CHAIRS,,images/LIFT CHAIRS/4-5-247x300.png,4-5-247x300.png,https://advanceddmesupplies.com/product/day-dreamer-medium-model-pr632-med/
Rhea Large Model: PR442-LAR,LIFT CHAIRS,,images/LIFT CHAIRS/2-4-247x300.jpg,2-4-247x300.jpg,https://advanceddmesupplies.com/product/rhea-large-model-pr442-lar-2/
Titan Medium Model: PR448,LIFT CHAIRS,,images/LIFT CHAIRS/PR448-MED-Graphite_8-19-20-Golden_DSC8600_web-1-247x300.jpg,PR448-MED-Graphite_8-19-20-Golden_DSC8600_web-1-247x300.jpg,https://advanceddmesupplies.com/product/titan-medium-model-pr448-2/
Titan with Twilight Medium Model: PR449-MED,LIFT CHAIRS,,images/LIFT CHAIRS/zH7rWWyI-247x300.jpeg,zH7rWWyI-247x300.jpeg,https://advanceddmesupplies.com/product/titan-with-twilight-medium-model-pr449-med-2/
EZ Sleeper with Twilight Medium/Large Model: PR761-MLA,LIFT CHAIRS,,images/LIFT CHAIRS/1-2-247x300.jpg,1-2-247x300.jpg,https://advanceddmesupplies.com/product/ez-sleeper-with-twilight-medium-large-model-pr761-mla/
Cloud Medium/Large Model: PR517-MLA,LIFT CHAIRS,,images/LIFT CHAIRS/2-1-2-247x300.jpg,2-1-2-247x300.jpg,https://advanceddmesupplies.com/product/cloud-medium-large-model-pr517-mla/
Cloud with Twilight Medium/Large Model: PR515-MLA,LIFT CHAIRS,,images/LIFT CHAIRS/1-1-3-247x300.jpg,1-1-3-247x300.jpg,https://advanceddmesupplies.com/product/cloud-with-twilight-medium-large-model-pr515-mla/
Cloud with Twilight Small/Medium Model: PR515-SME,LIFT CHAIRS,,images/LIFT CHAIRS/1-5-247x300.jpg,1-5-247x300.jpg,https://advanceddmesupplies.com/product/cloud-with-twilight-small-medium-model-pr515-sme/
Comforter Petite Small Model: PR531-PSA,LIFT CHAIRS,,images/LIFT CHAIRS/Golden-PR531-PSA-Comforter-Power-Lift-Recliner-in-Bittersweet-768x576-1-247x300.png,Golden-PR531-PSA-Comforter-Power-Lift-Recliner-in-Bittersweet-768x576-1-247x300.png,https://advanceddmesupplies.com/product/comforter-petite-small-model-pr531-psa-2/
Comforter with MaxiComfort Large/Wide Model: PR535-LXW,LIFT CHAIRS,,images/LIFT CHAIRS/COMFORTER-1-247x300.jpg,COMFORTER-1-247x300.jpg,https://advanceddmesupplies.com/product/comforter-with-maxicomfort-large-wide-model-pr535-lxw/
Comforter with MaxiComfort Medium/Wide Model: PR535-MXW,LIFT CHAIRS,,images/LIFT CHAIRS/Golden-Medium-Wide-Power-Lift-Chair-Recliner-500-lb.-Capacity-PR535-M26_web-247x300.jpg,Golden-Medium-Wide-Power-Lift-Chair-Recliner-500-lb.-Capacity-PR535-M26_web-247x300.jpg,https://advanceddmesupplies.com/product/comforter-with-maxicomfort-medium-wide-model-pr535-mxw/
Comforter with MaxiComfort Tall Model: PR535-TAL,LIFT CHAIRS,,images/LIFT CHAIRS/Golden-Comforter-Tall-Power-Lift-Chair-Recliner-PR535T_web-247x300.jpg,Golden-Comforter-Tall-Power-Lift-Chair-Recliner-PR535T_web-247x300.jpg,https://advanceddmesupplies.com/product/comforter-with-maxicomfort-tall-model-pr535-tal/
Comforter with MaxiComfort Large Model: PR535-LAR,LIFT CHAIRS,,images/LIFT CHAIRS/Cloud-13-1-1-247x300.jpg,Cloud-13-1-1-247x300.jpg,https://advanceddmesupplies.com/product/comforter-with-maxicomfort-large-model-pr535-lar/
Comforter with MaxiComfort Medium Model: PR535-MED,LIFT CHAIRS,,images/LIFT CHAIRS/PR535-MED-Port_web-247x300.png,PR535-MED-Port_web-247x300.png,https://advanceddmesupplies.com/product/comforter-with-maxicomfort-medium-model-pr535-med/
Comforter with MaxiComfort Petite Small Model: PR535-PSA,LIFT CHAIRS,,images/LIFT CHAIRS/Untitled-design-7-247x300.jpg,Untitled-design-7-247x300.jpg,https://advanceddmesupplies.com/product/comforter-with-maxicomfort-petite-small-model-pr535-psa-2/
Relaxer Medium Model: PR766-MED,LIFT CHAIRS,,images/LIFT CHAIRS/13-1-247x300.jpg,13-1-247x300.jpg,https://advanceddmesupplies.com/product/relaxer-medium-model-pr766-med-2/
Relaxer Small Model: PR766-SMA,LIFT CHAIRS,,images/LIFT CHAIRS/14-247x300.jpg,14-247x300.jpg,https://advanceddmesupplies.com/product/relaxer-small-model-pr766-sma-2/
Cloud+ Large Model: PR511-LAR,LIFT CHAIRS,,images/LIFT CHAIRS/3-3-247x300.png,3-3-247x300.png,https://advanceddmesupplies.com/product/cloud-large-model-pr511-lar/
Cloud+ Small Model: PR511-SMA,LIFT CHAIRS,,images/LIFT CHAIRS/2-247x300.png,2-247x300.png,https://advanceddmesupplies.com/product/cloud-small-model-pr511-sma/
Cloud Medium Wide Model: PR510-MXW,LIFT CHAIRS,,images/LIFT CHAIRS/1-247x300.jpg,1-247x300.jpg,https://advanceddmesupplies.com/product/cloud-medium-wide-model-pr510-mxw/
Cloud Medium Large Model: PR510-MLA,LIFT CHAIRS,,images/LIFT CHAIRS/Cloud-247x300.jpg,Cloud-247x300.jpg,https://advanceddmesupplies.com/product/cloud-medium-large-model-pr510-mla/
Cloud Small Medium Model: PR510-SME,LIFT CHAIRS,,images/LIFT CHAIRS/wmCph5b8-247x300.jpeg,wmCph5b8-247x300.jpeg,https://advanceddmesupplies.com/product/cloud-small-medium-model-pr510-sme/
Cambridge Medium/Large Model: PR401-MLA,LIFT CHAIRS,,images/LIFT CHAIRS/1-29-247x300.jpg,1-29-247x300.jpg,https://advanceddmesupplies.com/product/cambridge-medium-large-model-pr401-mla/
Cambridge Small Medium Model: PR401-SME,LIFT CHAIRS,,images/LIFT CHAIRS/4-21-247x300.jpg,4-21-247x300.jpg,https://advanceddmesupplies.com/product/cambridge-small-medium-model-pr401-sme/
Comforter Tall Wide Model: PR531-TXW,LIFT CHAIRS,,images/LIFT CHAIRS/PR531-TAL-Anchor_8-19-20-Golden_DSC8735-247x300.jpg,PR531-TAL-Anchor_8-19-20-Golden_DSC8735-247x300.jpg,https://advanceddmesupplies.com/product/comforter-tall-wide-model-pr531-txw/
Comforter Medium Wide Model: PR531-MXW,LIFT CHAIRS,,images/LIFT CHAIRS/PR531-MED-Sandstorm_8-19-20-Golden_DSC8754-247x300.jpg,PR531-MED-Sandstorm_8-19-20-Golden_DSC8754-247x300.jpg,https://advanceddmesupplies.com/product/comforter-medium-wide-model-pr531-mxw/
Comforter Small Wide Model: PR531-SXW,LIFT CHAIRS,,images/LIFT CHAIRS/PR531-S23-Port_8-19-20-Golden_DSC8745-247x300.jpg,PR531-S23-Port_8-19-20-Golden_DSC8745-247x300.jpg,https://advanceddmesupplies.com/product/comforter-small-wide-model-pr531-sxw/
Comforter Tall Model: PR531-TAL,LIFT CHAIRS,,images/LIFT CHAIRS/Golden-PR531-Tall-Power-Lift-Recliner-in-Anchor-1-768x576-1-247x300.png,Golden-PR531-Tall-Power-Lift-Recliner-in-Anchor-1-768x576-1-247x300.png,https://advanceddmesupplies.com/product/comforter-tall-model-pr531-tal/
Comforter Large Model: PR531-LAR,LIFT CHAIRS,,images/LIFT CHAIRS/Golden-PR531-Large-Power-Lift-Recliner-in-Bittersweet-768x576-1-247x300.png,Golden-PR531-Large-Power-Lift-Recliner-in-Bittersweet-768x576-1-247x300.png,https://advanceddmesupplies.com/product/comforter-large-model-pr531-lar/
Comforter Medium Model: PR531-MED,LIFT CHAIRS,,images/LIFT CHAIRS/Golden-PR531-Comforter-Medium-Power-Lift-Recliner-Lifted-in-Bittersweet-2-247x300.png,Golden-PR531-Comforter-Medium-Power-Lift-Recliner-Lifted-in-Bittersweet-2-247x300.png,https://advanceddmesupplies.com/product/comforter-medium-model-pr531-med/
Golden Companion HD Model: GC540,SCOOTER,,images/SCOOTER/1-1-247x300.png,1-1-247x300.png,https://advanceddmesupplies.com/product/golden-companion-hd-model-gc540/
Buzzaround CarryOn Model: GP130,WHEELCHAIRS POWER,,images/WHEELCHAIRS POWER/1-1-247x300.jpg,1-1-247x300.jpg,https://advanceddmesupplies.com/product/buzzaround-carryon-model-gp130/
BuzzAbout Model: GP164,WHEELCHAIRS POWER,,images/WHEELCHAIRS POWER/1-16-247x300.jpg,1-16-247x300.jpg,https://advanceddmesupplies.com/product/buzzabout-model-gp164/
Baja Wrangler 2 (BA400),SCOOTER,,images/SCOOTER/alt-1-wrangler2-blue-pillowtopseat-right-1-247x300.jpg,alt-1-wrangler2-blue-pillowtopseat-right-1-247x300.jpg,https://advanceddmesupplies.com/product/baja-wrangler-2-ba400/
Baja Raptor® 2 (BA300),SCOOTER,,images/SCOOTER/baja_raptor_2_candy_red_left-247x300.jpg,baja_raptor_2_candy_red_left-247x300.jpg,https://advanceddmesupplies.com/product/baja-raptor-2-ba300/
Baja Bandit 4 Wheel (BA140),SCOOTER,,images/SCOOTER/baja_bandit_camo_right_beauty-247x300.jpg,baja_bandit_camo_right_beauty-247x300.jpg,https://advanceddmesupplies.com/product/baja-bandit-4-wheel-ba140/
Baja® Raptor 2 4 Wheel (BA340),SCOOTER,,images/SCOOTER/baja_raptor_2_4w_candy_apple_red_left_beauty-247x300.jpg,baja_raptor_2_4w_candy_apple_red_left_beauty-247x300.jpg,https://advanceddmesupplies.com/product/baja-raptor-2-4-wheel-ba340/
Baja Wrangler® 2 Med (BA401),SCOOTER,,images/SCOOTER/baja-wrangler-2-black-camo-beauty-247x300.jpg,baja-wrangler-2-black-camo-beauty-247x300.jpg,https://advanceddmesupplies.com/product/baja-wrangler-2-med-ba401/
Go Go Elite Traveller 2,SCOOTER,,images/SCOOTER/gogo-elite-traveller-2-247x300.jpg,gogo-elite-traveller-2-247x300.jpg,https://advanceddmesupplies.com/product/go-go-elite-traveller-2/
Go Go® Ultra X 3-Wheel (S39),SCOOTER,,images/SCOOTER/go-go-ultra-x-3-wheel-247x300.jpg,go-go-ultra-x-3-wheel-247x300.jpg,https://advanceddmesupplies.com/product/go-go-ultra-x-3-wheel-s39/
"Victory 10, 4 Wheel (SC710)",SCOOTER,,images/SCOOTER/Victory-10-4-Wheel-Candy-Apple-Red-247x300.jpg,Victory-10-4-Wheel-Candy-Apple-Red-247x300.jpg,https://advanceddmesupplies.com/product/victory-10-4-wheel-sc710/
"Victory 9, 4 Wheel (SC709)",SCOOTER,,images/SCOOTER/alt2-victory-9-4-wheel-left-beauty-candy-apple-red-247x300.jpg,alt2-victory-9-4-wheel-left-beauty-candy-apple-red-247x300.jpg,https://advanceddmesupplies.com/product/victory-9-4-wheel-sc709/
"Victory 10, 3 Wheel (SC610)",SCOOTER,,images/SCOOTER/alt1-victory-10-3-wheel-right-beauty-viper-blue-247x300.jpg,alt1-victory-10-3-wheel-right-beauty-viper-blue-247x300.jpg,https://advanceddmesupplies.com/product/victory-10-3-wheel-sc610/
"Maxima, 3 Wheel (SC901)",SCOOTER,,images/SCOOTER/alt-1-Maxima-3W-Red-Right-Beauty-247x300.jpg,alt-1-Maxima-3W-Red-Right-Beauty-247x300.jpg,https://advanceddmesupplies.com/product/maxima-3-wheel-sc901/
"Pride Maxima, 4 Wheel (SC941)",SCOOTER,,images/SCOOTER/alt-2-Maxima-4W-Blue-Right-Beauty-247x300.jpg,alt-2-Maxima-4W-Blue-Right-Beauty-247x300.jpg,https://advanceddmesupplies.com/product/pride-maxima-4-wheel-sc941/
Transport Plus folding scooter,SCOOTER,,images/SCOOTER/transport-plus-main-red-600x600-1-247x300.png,transport-plus-main-red-600x600-1-247x300.png,https://advanceddmesupplies.com/product/transport-plus-folding-scooter/
Jazzy Ultra Light,WHEELCHAIRS POWER,,images/WHEELCHAIRS POWER/jazzy-ultra-light-beauty-247x300.jpg,jazzy-ultra-light-beauty-247x300.jpg,https://advanceddmesupplies.com/product/jazzy-ultra-light/
Jazzy Air®Med,WHEELCHAIRS POWER,,images/WHEELCHAIRS POWER/alt-1-jazzy-air-med-right-beauty-247x300.jpg,alt-1-jazzy-air-med-right-beauty-247x300.jpg,https://advanceddmesupplies.com/product/jazzy-airmed/
Jazzy EVO 613 Li,WHEELCHAIRS POWER,,images/WHEELCHAIRS POWER/jazzy-evo-613-robins-egg-left-247x300.jpg,jazzy-evo-613-robins-egg-left-247x300.jpg,https://advanceddmesupplies.com/product/jazzy-evo-613-li/
Jazzy Elite 14,WHEELCHAIRS POWER,,images/WHEELCHAIRS POWER/jazzy-elite-14-red-right-beauty-247x300.jpg,jazzy-elite-14-red-right-beauty-247x300.jpg,https://advanceddmesupplies.com/product/jazzy-elite-14/
Go Go Carbon,SCOOTER,,images/SCOOTER/go-go-carbon-1000-247x300.jpg,go-go-carbon-1000-247x300.jpg,https://advanceddmesupplies.com/product/go-go-carbon/
Go Go Super Portable,SCOOTER,,images/SCOOTER/go-go-super-portable-247x300.jpg,go-go-super-portable-247x300.jpg,https://advanceddmesupplies.com/product/go-go-super-portable/
Pride Evolution LC-435,LIFT CHAIRS,,images/LIFT CHAIRS/evolution-lc-435-247x300.jpg,evolution-lc-435-247x300.jpg,https://advanceddmesupplies.com/product/pride-evolution-lc-435/
Pride Genesis LC-150,LIFT CHAIRS,,images/LIFT CHAIRS/sapphire-247x300.jpg,sapphire-247x300.jpg,https://advanceddmesupplies.com/product/pride-genesis-lc-150/
Drive Lynx Ultra Lightweight Wheelchair,3FT RAMP,,images/3FT RAMP/LYNX-247x300.jpg,LYNX-247x300.jpg,https://advanceddmesupplies.com/product/drive-lynx-ultra-lightweight-wheelchair/
Pride Prime Care P503,BED AND MATTRESS,,images/BED AND MATTRESS/p503-247x300.jpg,p503-247x300.jpg,https://advanceddmesupplies.com/product/pride-prime-care-p503/
Drive Prime Care Bed Model P703,BED AND MATTRESS,,images/BED AND MATTRESS/drive-247x300.jpg,drive-247x300.jpg,https://advanceddmesupplies.com/product/drive-prime-care-bed-model-p703/
Drive Prime Care Bed Model P903,BED AND MATTRESS,,images/BED AND MATTRESS/bed-247x300.jpg,bed-247x300.jpg,https://advanceddmesupplies.com/product/drive-prime-care-bed-model-p903/
Drive Prime Plus Care Bed Model P750,BED AND MATTRESS,,images/BED AND MATTRESS/bariatric-bed-247x300.jpg,bariatric-bed-247x300.jpg,https://advanceddmesupplies.com/product/drive-prime-plus-care-bed-model-p750/
Walker Boot Cover,ORTHOPEDICS,,images/ORTHOPEDICS/image-3-247x300.jpg,image-3-247x300.jpg,https://advanceddmesupplies.com/product/walker-boot-cover/
Wiping Aid,BATH SAFETY,,images/BATH SAFETY/wiping-aid-247x300.jpg,wiping-aid-247x300.jpg,https://advanceddmesupplies.com/product/wiping-aid/
Pollex Pro Thumb Splint,ORTHOPEDICS,,images/ORTHOPEDICS/pollex-pro-daumen-orthese-neu-oped-555-584-247x300.png,pollex-pro-daumen-orthese-neu-oped-555-584-247x300.png,https://advanceddmesupplies.com/product/pollex-pro-thumb-splint/
OPTIVOhand Hand Brace,ORTHOPEDICS,,images/ORTHOPEDICS/optivohand-hand-orthese-mit-pollex-pro-oped-555-584-247x300.png,optivohand-hand-orthese-mit-pollex-pro-oped-555-584-247x300.png,https://advanceddmesupplies.com/product/optivohand-hand-brace/
VACOped Diabetic Achilles Injury/Fracture Orthosis Boot,ORTHOPEDICS,,images/ORTHOPEDICS/VACOpedDiabetic-orthese-oped-555-584-247x300.png,VACOpedDiabetic-orthese-oped-555-584-247x300.png,https://advanceddmesupplies.com/product/vacoped-diabetic-achilles-injury-fracture-orthosis-boot/
VACOcast Diabetic Fracture Orthosis Walking Boot,ORTHOPEDICS,,images/ORTHOPEDICS/VACOcast-Diabetic-Orthosis-OPED-Medical-555-584-1-247x300.png,VACOcast-Diabetic-Orthosis-OPED-Medical-555-584-1-247x300.png,https://advanceddmesupplies.com/product/vacocast-diabetic-fracture-orthosis-walking-boot/
VACOpedes Low-Rise Fracture Orthosis Walking Boot,ORTHOPEDICS,,images/ORTHOPEDICS/VACOpedes-orthese-oped-555-584-2-247x300.png,VACOpedes-orthese-oped-555-584-2-247x300.png,https://advanceddmesupplies.com/product/vacopedes-low-rise-fracture-orthosis-walking-boot/
VACOtalus Ankle Brace,ORTHOPEDICS,,images/ORTHOPEDICS/VACOtalus_1_large-247x300.jpg,VACOtalus_1_large-247x300.jpg,https://advanceddmesupplies.com/product/vacotalus-ankle-brace/
VACOped Short Achilles Injury/Fracture Walking Boot,ORTHOPEDICS,,images/ORTHOPEDICS/VACOped-Short-orthosis-oped-555-584-1-247x300.png,VACOped-Short-orthosis-oped-555-584-1-247x300.png,https://advanceddmesupplies.com/product/vacoped-short-achilles-injury-fracture-walking-boot/
VACOpedes Diabetic Low-Rise Fracture Orthosis Walking Boot,ORTHOPEDICS,,images/ORTHOPEDICS/vacopedes-diabetic-boot-247x300.jpg,vacopedes-diabetic-boot-247x300.jpg,https://advanceddmesupplies.com/product/vacopedes-diabetic-low-rise-fracture-orthosis-walking-boot/
VACOcast Fracture Orthosis Walking Boot (formerly VACOcast Fit),ORTHOPEDICS,,images/ORTHOPEDICS/VACOcast-orthosis-oped-555-584-1-247x300.png,VACOcast-orthosis-oped-555-584-1-247x300.png,https://advanceddmesupplies.com/product/vacocast-fracture-orthosis-walking-boot-formerly-vacocast-fit/
VACOped Achilles Injury/Fracture Orthosis Boot (formerly VACOcast Pro-Achilles Boot),ORTHOPEDICS,,images/ORTHOPEDICS/VACOped-PI-247x300.png,VACOped-PI-247x300.png,https://advanceddmesupplies.com/product/vacoped-achilles-injury-fracture-orthosis-boot-formerly-vacocast-pro-achilles-boot/
EVENup Shoe Lift,ORTHOPEDICS,,images/ORTHOPEDICS/New_EVENup_-247x300.png,New_EVENup_-247x300.png,https://advanceddmesupplies.com/product/evenup-shoe-lift/
medline European-Style Aluminum Rollator,ROLLATORS,,images/ROLLATORS/D1200012663411090_080820240830-247x300.jpg,D1200012663411090_080820240830-247x300.jpg,https://advanceddmesupplies.com/product/medline-european-style-aluminum-rollator/
Essentials Walker,ROLLATORS,,images/ROLLATORS/Essentials-Walker-1-247x300.jpg,Essentials-Walker-1-247x300.jpg,https://advanceddmesupplies.com/product/essentials-walker/
Chariot IV XTC-RC Pediatric Reclining Wheelchair 12″/14″,PEDIATRICS WHEELCHAIR STROLLERS,,images/PEDIATRICS WHEELCHAIR STROLLERS/reclining-247x300.jpg,reclining-247x300.jpg,https://advanceddmesupplies.com/product/chariot-iv-xtc-rc-pediatric-reclining-wheelchair-12%e2%80%b3-14%e2%80%b3/
Chariot IV XTC Pediatric Wheelchair 12″/14″,PEDIATRICS WHEELCHAIR STROLLERS,,images/PEDIATRICS WHEELCHAIR STROLLERS/Chariot-IV-XTC-Pediatric-1-1-247x300.jpg,Chariot-IV-XTC-Pediatric-1-1-247x300.jpg,https://advanceddmesupplies.com/product/chariot-iv-xtc-pediatric-wheelchair-12%e2%80%b3-14%e2%80%b3/
Protekt Akra-FE™ Full-Electric Bed,BED AND MATTRESS,,images/BED AND MATTRESS/bed-247x300.jpg,bed-247x300.jpg,https://advanceddmesupplies.com/product/protekt-akra-fe-full-electric-bed/
Protekt Akra Bariatric™ Full-Electric Bed,BED AND MATTRESS,,images/BED AND MATTRESS/AKRA-Full-Electric-BARIATRIC-w.Correct-Brown-Rails-247x300.jpg,AKRA-Full-Electric-BARIATRIC-w.Correct-Brown-Rails-247x300.jpg,https://advanceddmesupplies.com/product/protekt-akra-bariatric-full-electric-bed/
Protekt 500 sit to Stand lift,HOYER LIFT,,images/HOYER LIFT/34500-Protekt-500-Stand.1-1-247x300.jpg,34500-Protekt-500-Stand.1-1-247x300.jpg,https://advanceddmesupplies.com/product/protekt-500-sit-to-stand-lift/
Protekt 600 Sit to Stand lift,HOYER LIFT,,images/HOYER LIFT/34600-Protekt-600-Stand.1.Copy_-1-247x300.png,34600-Protekt-600-Stand.1.Copy_-1-247x300.png,https://advanceddmesupplies.com/product/protekt-600-sit-to-stand-lift/
Protekt 600 Lift,HOYER LIFT,,images/HOYER LIFT/33600-Protekt-600-Lift.2-247x300.jpg,33600-Protekt-600-Lift.2-247x300.jpg,https://advanceddmesupplies.com/product/protekt-600-lift/
Protekt 500 Lift,HOYER LIFT,,images/HOYER LIFT/33500-Protekt-500-Lift.5-247x300.jpg,33500-Protekt-500-Lift.5-247x300.jpg,https://advanceddmesupplies.com/product/protekt-500-lift/
Protekt All-In-One Electric lift,HOYER LIFT,,images/HOYER LIFT/lift-247x300.jpg,lift-247x300.jpg,https://advanceddmesupplies.com/product/protekt-all-in-one-electric-lift/
Revo™ 2.0 3 Wheel (S66),SCOOTER,,images/SCOOTER/revo-2.0-3-wheel-grey-street-right-beauty-1-247x300.jpg,revo-2.0-3-wheel-grey-street-right-beauty-1-247x300.jpg,https://advanceddmesupplies.com/product/revo-2-0-3-wheel-s66/
Medline Fold-Flat Aluminum Transport Chairs,WHEELCHAIRS MANUAL,,images/WHEELCHAIRS MANUAL/chair-247x300.jpg,chair-247x300.jpg,https://advanceddmesupplies.com/product/medline-fold-flat-aluminum-transport-chairs/
AirCurve™ 11 ASV with HumidAir™ 11,CPAP BIPAP VPAPS VENTILATORS,,images/CPAP BIPAP VPAPS VENTILATORS/ASV--247x300.jpeg,ASV--247x300.jpeg,https://advanceddmesupplies.com/product/aircurve-11-asv-with-humidair-11/
AirCurve™ 11 ASV with HumidAir™ 11 and ClimateLineAir™ 11,CPAP BIPAP VPAPS VENTILATORS,,images/CPAP BIPAP VPAPS VENTILATORS/ASV-247x300.jpeg,ASV-247x300.jpeg,https://advanceddmesupplies.com/product/aircurve-11-asv-with-humidair-11-and-climatelineair-11/
AirCurve™ 11 VAuto with HumidAir™ 11 and ClimateLineAir™ 11,CPAP BIPAP VPAPS VENTILATORS,,images/CPAP BIPAP VPAPS VENTILATORS/VAUTO-247x300.jpeg,VAUTO-247x300.jpeg,https://advanceddmesupplies.com/product/aircurve-11-vauto-with-humidair-11-and-climatelineair-11/
AirSense™ 11 AutoSet™ with HumidAir,CPAP BIPAP VPAPS VENTILATORS,,images/CPAP BIPAP VPAPS VENTILATORS/ASIR-SENSE-11-AUTO-SET-247x300.jpeg,ASIR-SENSE-11-AUTO-SET-247x300.jpeg,https://advanceddmesupplies.com/product/airsense-11-autoset-with-humidair/
AirSense™ 10 AutoSet™,CPAP BIPAP VPAPS VENTILATORS,,images/CPAP BIPAP VPAPS VENTILATORS/AIR-SENSE-10-247x300.jpeg,AIR-SENSE-10-247x300.jpeg,https://advanceddmesupplies.com/product/airsense-10-autoset/
Gemini 2 in 1 Rollator Transport Chair Black,ROLLATORS,,images/ROLLATORS/NOVA-GEMINI-247x300.jpg,NOVA-GEMINI-247x300.jpg,https://advanceddmesupplies.com/product/gemini-2-in-1-rollator-transport-chair-black/
Ally Model: GP303,WHEELCHAIRS POWER,,images/WHEELCHAIRS POWER/ALLY-247x300.png,ALLY-247x300.png,https://advanceddmesupplies.com/product/ally-model-gp303/
AirSense™ 11 CPAP with HumidAir,CPAP BIPAP VPAPS VENTILATORS,,images/CPAP BIPAP VPAPS VENTILATORS/AIR-SENSE-11-247x300.jpeg,AIR-SENSE-11-247x300.jpeg,https://advanceddmesupplies.com/product/airsense-11-cpap-with-humidair/
Large base quad cane,CANES AND CRUTCHES,,images/CANES AND CRUTCHES/large-base-1-247x300.jpg,large-base-1-247x300.jpg,https://advanceddmesupplies.com/product/large-base-quad-cane/
Stand Assist Transfer Disc,HOYER LIFT,,images/HOYER LIFT/transfer-disc-247x300.jpg,transfer-disc-247x300.jpg,https://advanceddmesupplies.com/product/stand-assist-transfer-disc/
472 C.A.S.H. Orthosis,ORTHOPEDICS,,images/ORTHOPEDICS/cash-247x300.jpg,cash-247x300.jpg,https://advanceddmesupplies.com/product/472-c-a-s-h-orthosis/
Bariatric HD Rollator,ROLLATORS,,images/ROLLATORS/big_10217_BM-HD-rlltr_angle_frnt-247x300.png,big_10217_BM-HD-rlltr_angle_frnt-247x300.png,https://advanceddmesupplies.com/product/bariatric-hd-rollator/
Bariatric Anterior Safety walker,WALKERS,,images/WALKERS/297422-247x300.jpg,297422-247x300.jpg,https://advanceddmesupplies.com/product/bariatric-anterior-safety-walker/
E-Z Walker Caddy,WALKERS,,images/WALKERS/71682A_1000x1000-pad-247x300.jpg,71682A_1000x1000-pad-247x300.jpg,https://advanceddmesupplies.com/product/e-z-walker-caddy/
Wheelchair Positioning Amputee Support,WHEELCHAIRS MANUAL,,images/WHEELCHAIRS MANUAL/THER31514_PRI01.jpg,THER31514_PRI01.jpg,https://advanceddmesupplies.com/product/wheelchair-positioning-amputee-support/
Amputee Cushions,WHEELCHAIRS MANUAL,,images/WHEELCHAIRS MANUAL/cke8103-amputee-cushion-2w-1.jpg,cke8103-amputee-cushion-2w-1.jpg,https://advanceddmesupplies.com/product/amputee-cushions/
UNIVERSAL WRIST BRACE,ORTHOPEDICS,,images/ORTHOPEDICS/Apollo-universal-247x300.png,Apollo-universal-247x300.png,https://advanceddmesupplies.com/product/universal-wrist-brace/
807 Thumb Splint,ORTHOPEDICS,,images/ORTHOPEDICS/001-SUP2040BLK-SUP2041BLK-main-152x152-1.png,001-SUP2040BLK-SUP2041BLK-main-152x152-1.png,https://advanceddmesupplies.com/product/807-thumb-splint/
916 Wrist Brace,ORTHOPEDICS,,images/ORTHOPEDICS/image-9-247x300.jpg,image-9-247x300.jpg,https://advanceddmesupplies.com/product/916-wrist-brace/
843 OA Knee Brace,ORTHOPEDICS,,images/ORTHOPEDICS/001-SUP2027BLK-main-152x152-1.png,001-SUP2027BLK-main-152x152-1.png,https://advanceddmesupplies.com/product/843-oa-knee-brace/
ROM Knee Brace,ORTHOPEDICS,,images/ORTHOPEDICS/001-SUP2071BLK-main-152x152-1.jpg,001-SUP2071BLK-main-152x152-1.jpg,https://advanceddmesupplies.com/product/rom-knee-brace/
845 Dual OA Knee Brace,ORTHOPEDICS,,images/ORTHOPEDICS/006-SUP2079BLK-brace-152x152-1.png,006-SUP2079BLK-brace-152x152-1.png,https://advanceddmesupplies.com/product/845-dual-oa-knee-brace/
639 LSO Brace,ORTHOPEDICS,,images/ORTHOPEDICS/005-SUP3016BLK-Back-152x152-1.jpg,005-SUP3016BLK-Back-152x152-1.jpg,https://advanceddmesupplies.com/product/639-lso-brace/
637 Lumbar Brace LSO,ORTHOPEDICS,,images/ORTHOPEDICS/image-247x300.png,image-247x300.png,https://advanceddmesupplies.com/product/637-lumbar-brace-lso/
631 Lumbar Brace LSO,ORTHOPEDICS,,images/ORTHOPEDICS/003-SUP2025BLK-back-247x300.png,003-SUP2025BLK-back-247x300.png,https://advanceddmesupplies.com/product/631-lumbar-brace-lso/
627 Lumbar Brace LSO,ORTHOPEDICS,,images/ORTHOPEDICS/image-247x300.jpg,image-247x300.jpg,https://advanceddmesupplies.com/product/627-lumbar-brace-lso/
626 Lumbar Brace,ORTHOPEDICS,,images/ORTHOPEDICS/001-SUP2031BLK-main-152x152-1.png,001-SUP2031BLK-main-152x152-1.png,https://advanceddmesupplies.com/product/626-lumbar-brace/
625 Back Brace,ORTHOPEDICS,,images/ORTHOPEDICS/006-SUP2073BLK-BP-adjustable-compression-247x300.png,006-SUP2073BLK-BP-adjustable-compression-247x300.png,https://advanceddmesupplies.com/product/625-back-brace/
464 TLSO,ORTHOPEDICS,,images/ORTHOPEDICS/002-SUP3018BLK-tlso-247x300.jpg,002-SUP3018BLK-tlso-247x300.jpg,https://advanceddmesupplies.com/product/464-tlso/
456 TLSO,ORTHOPEDICS,,images/ORTHOPEDICS/001-SUP2054BLK-main-247x300.webp,001-SUP2054BLK-main-247x300.webp,https://advanceddmesupplies.com/product/456-tlso/
3 in 1 Step-Down LSO,ORTHOPEDICS,,images/ORTHOPEDICS/001-SUP3011BLK-main-247x300.jpg,001-SUP3011BLK-main-247x300.jpg,https://advanceddmesupplies.com/product/3-in-1-step-down-lso/
"COMPRESSOR, NEBULIZER, SOCCER BALL",NEBULIZER,,images/NEBULIZER/soccer-neb-247x300.jpg,soccer-neb-247x300.jpg,https://advanceddmesupplies.com/product/compressor-nebulizer-soccer-ball/
DB600 Bariatric HD LTC Bed w/ Head and Foot Boards,BED AND MATTRESS,,images/BED AND MATTRESS/big_12014-CH-247x300.png,big_12014-CH-247x300.png,https://advanceddmesupplies.com/product/db600-bariatric-hd-ltc-bed-w-head-and-foot-boards/
DB300 Bariatric LTC 5 Function Low Bed,BED AND MATTRESS,,images/BED AND MATTRESS/big_12013-247x300.png,big_12013-247x300.png,https://advanceddmesupplies.com/product/db300-bariatric-ltc-5-function-low-bed/
D200 LTC 3 Function Low Bed – Composite Boards,BED AND MATTRESS,,images/BED AND MATTRESS/big_12002-D200-longterm-care-bed_Main_-_Copy_5-247x300.png,big_12002-D200-longterm-care-bed_Main_-_Copy_5-247x300.png,https://advanceddmesupplies.com/product/d200-ltc-3-function-low-bed-composite-boards/
Maverick Rollator,ROLLATORS,,images/ROLLATORS/Maverick-3-247x300.jpg,Maverick-3-247x300.jpg,https://advanceddmesupplies.com/product/maverick/
Triumph Prestige,ROLLATORS,,images/ROLLATORS/prestige-flip-side-2-247x300.jpg,prestige-flip-side-2-247x300.jpg,https://advanceddmesupplies.com/product/triumph-prestige/
ZEN -O portable oxygen concentrator,OXYGEN,,images/OXYGEN/5cf542aa9fa80293824683a518ab5ab3_500x535-247x300.jpg,5cf542aa9fa80293824683a518ab5ab3_500x535-247x300.jpg,https://advanceddmesupplies.com/product/zen-0-portable-oxygen-concentrator/
ZEN-O LITE portable oxygen concentrator,OXYGEN,,images/OXYGEN/cc9b218c-76c6-47c1-bf14-c93fd0c0323a-247x300.jpg,cc9b218c-76c6-47c1-bf14-c93fd0c0323a-247x300.jpg,https://advanceddmesupplies.com/product/zen-o-lite-portable-oxygen-concentrator/
SEATA Rollator,ROLLATORS,,images/ROLLATORS/blob-247x300.jpg,blob-247x300.jpg,https://advanceddmesupplies.com/product/seata-rollator/
Transcend Micro™ Auto CPAP,CPAP BIPAP VPAPS VENTILATORS,,images/CPAP BIPAP VPAPS VENTILATORS/DevicePhone_lg_shadow_ecomm-2-247x300.jpg,DevicePhone_lg_shadow_ecomm-2-247x300.jpg,https://advanceddmesupplies.com/product/transcend-micro-auto-cpap/
Upper Extremity Support,PEDIATRICS WHEELCHAIR STROLLERS,,images/PEDIATRICS WHEELCHAIR STROLLERS/Greyed-Tray-top-view-247x300.jpeg,Greyed-Tray-top-view-247x300.jpeg,https://advanceddmesupplies.com/product/upper-extremity-support/
Basket,PEDIATRICS WHEELCHAIR STROLLERS,,images/PEDIATRICS WHEELCHAIR STROLLERS/basket-strive-adaptive-stroller.jpg,basket-strive-adaptive-stroller.jpg,https://advanceddmesupplies.com/product/basket/
Anti-Tippers,PEDIATRICS WHEELCHAIR STROLLERS,,images/PEDIATRICS WHEELCHAIR STROLLERS/Tippers-strive-adaptive-stroller.jpg,Tippers-strive-adaptive-stroller.jpg,https://advanceddmesupplies.com/product/anti-tippers/
Bus Transit tie down,PEDIATRICS WHEELCHAIR STROLLERS,,images/PEDIATRICS WHEELCHAIR STROLLERS/bus-transit-tie-downs-strive-adaptive-stroller.jpg,bus-transit-tie-downs-strive-adaptive-stroller.jpg,https://advanceddmesupplies.com/product/bus-transit-tie-down/
Canopy,PEDIATRICS WHEELCHAIR STROLLERS,,images/PEDIATRICS WHEELCHAIR STROLLERS/canopy-strive-adaptive-stroller.jpg,canopy-strive-adaptive-stroller.jpg,https://advanceddmesupplies.com/product/canopy/
Strive Adaptive Stroller,PEDIATRICS WHEELCHAIR STROLLERS,,images/PEDIATRICS WHEELCHAIR STROLLERS/CSSTRIVE_image-1-1-1-247x300.jpg,CSSTRIVE_image-1-1-1-247x300.jpg,https://advanceddmesupplies.com/product/strive-adaptive-stroller/
Ziggo Pediatric Reclining Wheelchair,PEDIATRICS WHEELCHAIR STROLLERS,,images/PEDIATRICS WHEELCHAIR STROLLERS/zrec1400-247x300.jpg,zrec1400-247x300.jpg,https://advanceddmesupplies.com/product/ziggo-pediatric-reclining-wheelchair/
ziggo pediatric wheelchair,WHEELCHAIRS MANUAL,,images/WHEELCHAIRS MANUAL/611ykz0zwbl._ac_sl1024_-247x300.jpg,611ykz0zwbl._ac_sl1024_-247x300.jpg,https://advanceddmesupplies.com/product/ziggo-pediatric-wheelchair/
Protekt Protopia,BED AND MATTRESS,,images/BED AND MATTRESS/Protopia-MAIN-image.Beds-01-247x300.jpg,Protopia-MAIN-image.Beds-01-247x300.jpg,https://advanceddmesupplies.com/product/5307/
Protekt Protopia™ EXP,BED AND MATTRESS,,images/BED AND MATTRESS/Protopia-EXP-MAIN-image.Beds-16-247x300.jpg,Protopia-EXP-MAIN-image.Beds-16-247x300.jpg,https://advanceddmesupplies.com/product/protekt-protopia-exp/
Protekt Protopi BARI EXP,BED AND MATTRESS,,images/BED AND MATTRESS/Protopia-BARI-EXP-MAIN-image.Beds-21-247x300.jpg,Protopia-BARI-EXP-MAIN-image.Beds-21-247x300.jpg,https://advanceddmesupplies.com/product/protekt-protopi-bari-exp/
"Aluminum Transport Chair with 12-Inch Wheels,",WHEELCHAIRS MANUAL,,images/WHEELCHAIRS MANUAL/D1200012663407534_251020230833-247x297.jpg,D1200012663407534_251020230833-247x297.jpg,https://advanceddmesupplies.com/product/aluminum-transport-chair-with-12-inch-wheels/
Swing-Away Foot Support,WHEELCHAIRS MANUAL,,images/WHEELCHAIRS MANUAL/httpsskilcarestg.wpengine.comproductimage703470_SwingAway1-247x300.jpg,httpsskilcarestg.wpengine.comproductimage703470_SwingAway1-247x300.jpg,https://advanceddmesupplies.com/product/swing-away-foot-support-2/
U-Turn Bolster,BED AND MATTRESS,,images/BED AND MATTRESS/554150_UTurnBolster_0922-copy-247x300.jpg,554150_UTurnBolster_0922-copy-247x300.jpg,https://advanceddmesupplies.com/product/u-turn-bolster/
Soft Boot,BED AND MATTRESS,,images/BED AND MATTRESS/httpsskilcarestg.wpengine.comproductimage503160_SoftBoot_1-247x300.jpg,httpsskilcarestg.wpengine.comproductimage503160_SoftBoot_1-247x300.jpg,https://advanceddmesupplies.com/product/soft-boot/
Lateral Stabilizer Arm Trough,WHEELCHAIRS MANUAL,Description Arm trough stabilizes arm when resting on the wheelchair armrest Foam cushioned for comfort and pressure release Helps stabilize upper trunk through added support Can be used on either side of the wheelchair Conveniently slips onto the armrest without straps Available with a gel pad for additional pressure relief,images/WHEELCHAIRS MANUAL/httpsskilcarestg.wpengine.comproductimage706142_LateralArmTrough-247x300.jpg,httpsskilcarestg.wpengine.comproductimage706142_LateralArmTrough-247x300.jpg,https://advanceddmesupplies.com/product/lateral-stabilizer-arm-trough-2/
Lateral Body Support,WHEELCHAIRS MANUAL,Description Can be used in any chair Elevated model available (706020 & 706021) Vertical support stabilizes torso Foam-cushioned armrest trough supports arm May be used on left or right side except our elevated models Low-Shear II wipe-clean outer cover reduces skin damaging friction Rigid insert maintains strong support,images/WHEELCHAIRS MANUAL/httpsskilcarestg.wpengine.comproductimage706010_LateralBodySupport-247x300.jpg,httpsskilcarestg.wpengine.comproductimage706010_LateralBodySupport-247x300.jpg,https://advanceddmesupplies.com/product/lateral-body-support/
EZ On Lateral Support,WHEELCHAIRS MANUAL,Description Controls lateral leaning by stabilizing torso Foam cushioned for comfort and pressure relief May be used on left or right side Covered in durable wipe-clean nylon,images/WHEELCHAIRS MANUAL/706005_EZonLateral_1-247x300.jpg,706005_EZonLateral_1-247x300.jpg,https://advanceddmesupplies.com/product/ez-on-lateral-support-2/
Adjustable Lateral Support,WHEELCHAIRS MANUAL,,images/WHEELCHAIRS MANUAL/httpsskilcarestg.wpengine.comproductimage706050_AdjustLateral-3-247x300.jpg,httpsskilcarestg.wpengine.comproductimage706050_AdjustLateral-3-247x300.jpg,https://advanceddmesupplies.com/product/adjustable-lateral-support/
Two-Piece Footrest Extender,WHEELCHAIRS MANUAL,,images/WHEELCHAIRS MANUAL/httpsskilcarestg.wpengine.comproductimage703280_FootrestExtender-247x300.jpg,httpsskilcarestg.wpengine.comproductimage703280_FootrestExtender-247x300.jpg,https://advanceddmesupplies.com/product/two-piece-footrest-extender/
Wheelchair Legrest with Padded Sides,WHEELCHAIRS MANUAL,,images/WHEELCHAIRS MANUAL/httpsskilcarestg.wpengine.comproductimage703460_WCLegrestPad_1-247x300.jpg,httpsskilcarestg.wpengine.comproductimage703460_WCLegrestPad_1-247x300.jpg,https://advanceddmesupplies.com/product/wheelchair-legrest-with-padded-sides/
Wheelchair Footrest Extender w/Leg Separation,WHEELCHAIRS MANUAL,,images/WHEELCHAIRS MANUAL/703262_WCFootrestRemovable-247x300.jpg,703262_WCFootrestRemovable-247x300.jpg,https://advanceddmesupplies.com/product/wheelchair-footrest-extender-w-leg-separation/
Gull Wing Leg Abductor,WHEELCHAIRS MANUAL,,images/WHEELCHAIRS MANUAL/httpsskilcarestg.wpengine.comproductimage703077_gull-wing-scaled-1-247x300.jpg,httpsskilcarestg.wpengine.comproductimage703077_gull-wing-scaled-1-247x300.jpg,https://advanceddmesupplies.com/product/gull-wing-leg-abductor/
Side-Kick,WHEELCHAIRS MANUAL,,images/WHEELCHAIRS MANUAL/703455_SideKick-1-247x300.jpg,703455_SideKick-1-247x300.jpg,https://advanceddmesupplies.com/product/side-kick/
One-Piece Econo-Footrest Extender,WHEELCHAIRS MANUAL,"Provides foot support and leg cushioning Description Raises footrest for improved posture and seating alignment Prevents foot drop and feet from slipping behind footrests Cushioned back protects lower leg against contact with wheelchair Secures easily with quick-release straps Covered in durable, wipe-clean vinyl Fits wheelchairs up to 24” wide",images/WHEELCHAIRS MANUAL/httpsskilcarestg.wpengine.comproductimage703286_OnePieceFootrest-5-247x300.jpg,httpsskilcarestg.wpengine.comproductimage703286_OnePieceFootrest-5-247x300.jpg,https://advanceddmesupplies.com/product/one-piece-econo-footrest-extender/
Bariatric HD Full Electric Home Care Bed 48 and 54 inches,BED AND MATTRESS,,images/BED AND MATTRESS/1qzvp0_g-247x300.webp,1qzvp0_g-247x300.webp,https://advanceddmesupplies.com/product/bariatric-hd-full-electric-home-care-bed-48-inch/
Bariatric HD Electric Patient Lift,HOYER LIFT,,images/HOYER LIFT/10707_barimax_bariatric-patient-lift_three-quarter-view_right_72dpi-247x300.webp,10707_barimax_bariatric-patient-lift_three-quarter-view_right_72dpi-247x300.webp,https://advanceddmesupplies.com/product/bariatric-hd-electric-patient-lift/
Medline Shuttle Extra-Wide Wheelchair,WHEELCHAIRS MANUAL,,images/WHEELCHAIRS MANUAL/D1200012663407796_060520230347-247x243.jpg,D1200012663407796_060520230347-247x243.jpg,https://advanceddmesupplies.com/product/medline-shuttle-extra-wide-wheelchair/
Bariatric Patient Lift,HOYER LIFT,,images/HOYER LIFT/bestcare-procare-bestlift-pl600-bariatric-patient-lift-1-1688191477681-P-247x300.jpg,bestcare-procare-bestlift-pl600-bariatric-patient-lift-1-1688191477681-P-247x300.jpg,https://advanceddmesupplies.com/product/bariatric-patient-lift/
Nova Medical Star 8 DX Extra Wide Rollator Walker – 450 lb Capacity,ROLLATORS,,images/ROLLATORS/Top-921-247x300.webp,Top-921-247x300.webp,https://advanceddmesupplies.com/product/nova-medical-star-8-dx-extra-wide-rollator-walker-450-lb-capacity/
Bariatric Upright Walker-Series T,ROLLATORS,,images/ROLLATORS/UprightwalkerseriesT_800x-247x300.jpg,UprightwalkerseriesT_800x-247x300.jpg,https://advanceddmesupplies.com/product/bariatric-upright-walker-series-t/
"ProBasics Heavy Duty K0007 Wheelchair, 28″ x 20″ Seat with Legrests",WHEELCHAIRS MANUAL,,images/WHEELCHAIRS MANUAL/WC72x20Dx_K7HD_1-1-247x300.jpg,WC72x20Dx_K7HD_1-1-247x300.jpg,https://advanceddmesupplies.com/product/probasics-heavy-duty-k0007-wheelchair-28-x-20-seat-with-legrests/
"ProBasics Heavy Duty K0007 Wheelchair, 26″ x 20″ Seat with Footrests",WHEELCHAIRS MANUAL,,images/WHEELCHAIRS MANUAL/WC72x20Dx_K7HD_1-247x300.jpg,WC72x20Dx_K7HD_1-247x300.jpg,https://advanceddmesupplies.com/product/probasics-heavy-duty-k0007-wheelchair-26-x-20-seat-with-footrests/
"ProBasics Heavy Duty K0007 Wheelchair, 24″ x 18″ Seat with Footrests",WHEELCHAIRS MANUAL,,images/WHEELCHAIRS MANUAL/PRO_WC72x18DS_K7wheelchair_Prod1-247x300.jpg,PRO_WC72x18DS_K7wheelchair_Prod1-247x300.jpg,https://advanceddmesupplies.com/product/probasics-heavy-duty-k0007-wheelchair-24-x-18-seat-with-footrests/
"ProBasics Heavy Duty K0007 Wheelchair, 22″ x 18″ Seat with Footrests",WHEELCHAIRS MANUAL,,images/WHEELCHAIRS MANUAL/WC72x18DS_1-247x300.jpg,WC72x18DS_1-247x300.jpg,https://advanceddmesupplies.com/product/probasics-heavy-duty-k0007-wheelchair-22-x-18-seat-with-footrests/
Bariatric Steel Transport Chair,WHEELCHAIRS MANUAL,,images/WHEELCHAIRS MANUAL/PB_TCS221612SV_Image1-247x300.jpg,PB_TCS221612SV_Image1-247x300.jpg,https://advanceddmesupplies.com/product/5205/
ProBasics K3 Lightweight Wheelchair,WHEELCHAIRS MANUAL,,images/WHEELCHAIRS MANUAL/WC3xx16DE__Prod4-247x300.jpg,WC3xx16DE__Prod4-247x300.jpg,https://advanceddmesupplies.com/product/probasics-k3-lightweight-wheelchair/
K4 LIGHT WEIGHT WHEELCHAIR,WHEELCHAIRS MANUAL,,images/WHEELCHAIRS MANUAL/New-K4-Lite-Ele-Leg-Rt-2-247x300.jpg,New-K4-Lite-Ele-Leg-Rt-2-247x300.jpg,https://advanceddmesupplies.com/product/k4-light-weight-wheelchair/
Bariatric Raised Toilet Seat,COMMODES,,images/COMMODES/PF04693_PRI04-247x300.jpg,PF04693_PRI04-247x300.jpg,https://advanceddmesupplies.com/product/bariatric-raised-toilet-seat/
EW-18 power scooter,SCOOTER,,images/SCOOTER/ew-18-red-002-sm-247x300.webp,ew-18-red-002-sm-247x300.webp,https://advanceddmesupplies.com/product/ew-18-power-scooter/
"Nestle Healthcare Nutrition Nutren 1.5 Tube Feeding Formula 8.45 oz Carton Ready to Use Unflavored Adult, 24 Count",ENTERAL NUTRITION,,images/ENTERAL NUTRITION/51RoFE8FY5L.__AC_SX300_SY300_QL70_FMwebp_.webp,51RoFE8FY5L.__AC_SX300_SY300_QL70_FMwebp_.webp,https://advanceddmesupplies.com/product/nestle-healthcare-nutrition-nutren-1-5-tube-feeding-formula-8-45-oz-carton-ready-to-use-unflavored-adult-24-count/
Nestle 9871616230 – Tube Feeding Formula Nutren® 2.0 Unflavored Liquid 8.45 Oz. Carton,ENTERAL NUTRITION,,images/ENTERAL NUTRITION/cr2l6230a__62132-247x300.jpg,cr2l6230a__62132-247x300.jpg,https://advanceddmesupplies.com/product/nestle-9871616230-tube-feeding-formula-nutren-2-0-unflavored-liquid-8-45-oz-carton/
Steel Drop Arm Bedside Commode with Padded Arms,COMMODES,,images/COMMODES/71WcDE4pRNS._AC_SL1500-247x300.webp,71WcDE4pRNS._AC_SL1500-247x300.webp,https://advanceddmesupplies.com/product/steel-drop-arm-bedside-commode-with-padded-arms/
Trend Quick Form SI,ORTHOPEDICS,,images/ORTHOPEDICS/949a28_be12fe20a3dd48ea94c8bf8c4259c901mv2-247x300.webp,949a28_be12fe20a3dd48ea94c8bf8c4259c901mv2-247x300.webp,https://advanceddmesupplies.com/product/trend-quick-form-si/
Trend Recoup,ORTHOPEDICS,,images/ORTHOPEDICS/949a28_5ee24776b58c455fa017efa86e420359mv2-247x300.webp,949a28_5ee24776b58c455fa017efa86e420359mv2-247x300.webp,https://advanceddmesupplies.com/product/trend-recoup/
Trend Pro Unloader 2,ORTHOPEDICS,,images/ORTHOPEDICS/949a28_170de76aecdd4ba1a1c2c7a22704ddfcmv2-247x300.webp,949a28_170de76aecdd4ba1a1c2c7a22704ddfcmv2-247x300.webp,https://advanceddmesupplies.com/product/trend-pro-unloader-2/
Trend Triumph Knee Brace,ORTHOPEDICS,,images/ORTHOPEDICS/949a28_9f54016b510b4e5c9636f04cada0b29bmv2-247x300.webp,949a28_9f54016b510b4e5c9636f04cada0b29bmv2-247x300.webp,https://advanceddmesupplies.com/product/trend-triumph-knee-brace/
Trend Pro LSO,ORTHOPEDICS,,images/ORTHOPEDICS/949a28_ccf4a6947f1947c6a2c96df8786dbfa3mv2-247x300.webp,949a28_ccf4a6947f1947c6a2c96df8786dbfa3mv2-247x300.webp,https://advanceddmesupplies.com/product/trend-pro-lso/
Trend Extend LSO,ORTHOPEDICS,,images/ORTHOPEDICS/949a28_34cc5f3ec14b4e33adfe62b374ef27a9mv2-247x300.webp,949a28_34cc5f3ec14b4e33adfe62b374ef27a9mv2-247x300.webp,https://advanceddmesupplies.com/product/trend-extend-lso/
Trend Correx TLSO,ORTHOPEDICS,,images/ORTHOPEDICS/949a28_986ab3f55b6e41ef807467629639f667mv2-247x300.webp,949a28_986ab3f55b6e41ef807467629639f667mv2-247x300.webp,https://advanceddmesupplies.com/product/trend-correx-tlso/
Trend Trauma Collar,ORTHOPEDICS,,images/ORTHOPEDICS/949a28_a73361733e8f4d969c4261dd43a8f077mv2-247x300.webp,949a28_a73361733e8f4d969c4261dd43a8f077mv2-247x300.webp,https://advanceddmesupplies.com/product/trend-trauma-collar/
Trend Correx SP TLSO,ORTHOPEDICS,,images/ORTHOPEDICS/949a28_6e8fbde856c94e81a76284c4b9e4e404mv2-1-247x300.webp,949a28_6e8fbde856c94e81a76284c4b9e4e404mv2-1-247x300.webp,https://advanceddmesupplies.com/product/trend-correx-sp-tlso/
Double Electric Breast Pump Kit Zomee,BREAST PUMPS,,images/BREAST PUMPS/zoomie-247x300.jpg,zoomie-247x300.jpg,https://advanceddmesupplies.com/product/double-electric-breast-pump-kit-zomee/
Victory® 10.2 3-Wheel,SCOOTER,,images/SCOOTER/victory-10-2-3-wheel-candy-apple-red-247x300.jpg,victory-10-2-3-wheel-candy-apple-red-247x300.jpg,https://advanceddmesupplies.com/product/victory-10-2-3-wheel/
Victory® LX Sport 4-Wheel,SCOOTER,,images/SCOOTER/victory-247x300.jpg,victory-247x300.jpg,https://advanceddmesupplies.com/product/victory-lx-sport-4-wheel/
Zero Turn 10,SCOOTER,,images/SCOOTER/zt10-ocean-blue-247x300.jpg,zt10-ocean-blue-247x300.jpg,https://advanceddmesupplies.com/product/zero-turn-10/
iRide® 2,SCOOTER,,images/SCOOTER/i-ride-2-247x300.png,i-ride-2-247x300.png,https://advanceddmesupplies.com/product/iride-2-2/
Pursuit 2,SCOOTER,,images/SCOOTER/pursuit-2-grey-247x300.png,pursuit-2-grey-247x300.png,https://advanceddmesupplies.com/product/pursuit-2/
Pride PX4 Specifications,SCOOTER,,images/SCOOTER/px4-247x300.png,px4-247x300.png,https://advanceddmesupplies.com/product/pride-px4-specifications/
Elara Large Model: PR118-LAR,LIFT CHAIRS,,images/LIFT CHAIRS/ELARA-L-247x300.webp,ELARA-L-247x300.webp,https://advanceddmesupplies.com/product/elara-large-model-pr118-lar/
Elara Medium Small Model: PR118-MSM,LIFT CHAIRS,,images/LIFT CHAIRS/ELARA-247x300.webp,ELARA-247x300.webp,https://advanceddmesupplies.com/product/elara-medium-small-model-pr118-msm/
Comforter Petite Small Model: PR531-PSA,LIFT CHAIRS,,images/LIFT CHAIRS/COMFORTER-S-247x300.webp,COMFORTER-S-247x300.webp,https://advanceddmesupplies.com/product/comforter-petite-small-model-pr531-psa/
Comforter with MaxiComfort Large/Wide Model: PR535-M28,LIFT CHAIRS,,images/LIFT CHAIRS/COMFORTER-28-247x300.webp,COMFORTER-28-247x300.webp,https://advanceddmesupplies.com/product/comforter-with-maxicomfort-large-wide-model-pr535-m28/
Comforter with MaxiComfort Petite Small Model: PR535-PSA,LIFT CHAIRS,,images/LIFT CHAIRS/COMFORTER-P-247x300.webp,COMFORTER-P-247x300.webp,https://advanceddmesupplies.com/product/comforter-with-maxicomfort-petite-small-model-pr535-psa/
Relaxer Large Model: PR766-LAR,LIFT CHAIRS,,images/LIFT CHAIRS/RELAXER-L-1-247x300.webp,RELAXER-L-1-247x300.webp,https://advanceddmesupplies.com/product/relaxer-large-model-pr766-lar/
Relaxer Medium Model: PR766-MED,LIFT CHAIRS,,images/LIFT CHAIRS/RELAXER-M-247x300.webp,RELAXER-M-247x300.webp,https://advanceddmesupplies.com/product/relaxer-medium-model-pr766-med/
Relaxer Small Model: PR766-SMA,LIFT CHAIRS,,images/LIFT CHAIRS/RELAXER-247x300.webp,RELAXER-247x300.webp,https://advanceddmesupplies.com/product/relaxer-small-model-pr766-sma/
EZ Sleeper Medium Large Model: PR735-MLA,LIFT CHAIRS,,images/LIFT CHAIRS/EZ-SLEEPER-247x300.webp,EZ-SLEEPER-247x300.webp,https://advanceddmesupplies.com/product/ez-sleeper-medium-large-model-pr735-mla/
Comforter Tall With ZG+ Model: PR545-TAL,LIFT CHAIRS,,images/LIFT CHAIRS/COMFORTER-T-247x300.webp,COMFORTER-T-247x300.webp,https://advanceddmesupplies.com/product/comforter-tall-with-zg-model-pr545-tal/
Comforter Large With ZG+ Model: PR545-LAR,LIFT CHAIRS,,images/LIFT CHAIRS/COMFORTER-5-247x300.webp,COMFORTER-5-247x300.webp,https://advanceddmesupplies.com/product/comforter-large-with-zg-model-pr545-lar/
Comforter Medium With ZG+ Model: PR545-MED,LIFT CHAIRS,,images/LIFT CHAIRS/COMFORTER-247x300.webp,COMFORTER-247x300.webp,https://advanceddmesupplies.com/product/comforter-medium-with-zg-model-pr545-med/
Dione Large Model: PR446-LAR,LIFT CHAIRS,,images/LIFT CHAIRS/DIONE-5-247x300.webp,DIONE-5-247x300.webp,https://advanceddmesupplies.com/product/5040/
Dione Medium Model: PR446-MED,LIFT CHAIRS,,images/LIFT CHAIRS/DIONE-247x300.webp,DIONE-247x300.webp,https://advanceddmesupplies.com/product/dione-medium-model-pr446-med/
Rhea Large Model: PR442-LAR,LIFT CHAIRS,,images/LIFT CHAIRS/RHEA-L-247x300.webp,RHEA-L-247x300.webp,https://advanceddmesupplies.com/product/rhea-large-model-pr442-lar/
Rhea Medium Model: PR442-MED,LIFT CHAIRS,,images/LIFT CHAIRS/RHEA-247x300.webp,RHEA-247x300.webp,https://advanceddmesupplies.com/product/rhea-medium-model-pr442-med/
Titan Medium Model: PR448,LIFT CHAIRS,,images/LIFT CHAIRS/titan-448-2-247x300.webp,titan-448-2-247x300.webp,https://advanceddmesupplies.com/product/titan-medium-model-pr448/
Titan with Twilight Medium Model: PR449-MED,LIFT CHAIRS,,images/LIFT CHAIRS/titan-247x300.webp,titan-247x300.webp,https://advanceddmesupplies.com/product/titan-with-twilight-medium-model-pr449-med/
Single-Arm Drive Attachment for K4 Basic Wheelchair,WHEELCHAIRS MANUAL,,images/WHEELCHAIRS MANUAL/one-wheel-drive-247x300.jpg,one-wheel-drive-247x300.jpg,https://advanceddmesupplies.com/product/single-arm-drive-attachment-for-k4-basic-wheelchair/
Vest Restraint,WHEELCHAIRS MANUAL,,images/WHEELCHAIRS MANUAL/vest-247x300.jpg,vest-247x300.jpg,https://advanceddmesupplies.com/product/vest-restraint/
IRIDE 2,SCOOTER,,images/SCOOTER/iride2-blackberry-right-beauty-247x300.jpg,iride2-blackberry-right-beauty-247x300.jpg,https://advanceddmesupplies.com/product/iride-2/
Go Go Sport 3-Wheel,SCOOTER,,images/SCOOTER/go-go-sport-3-wheel-red-247x300.jpg,go-go-sport-3-wheel-red-247x300.jpg,https://advanceddmesupplies.com/product/go-go-sport-3-wheel/
Go Go® Sport 4-Wheel,SCOOTER,,images/SCOOTER/go-go-sport-4-wheel-red-247x300.jpg,go-go-sport-4-wheel-red-247x300.jpg,https://advanceddmesupplies.com/product/go-go-sport-4-wheel-2/
Go Go Endurance Li,SCOOTER,,images/SCOOTER/go-go-endurance-li-right-beauty-red-2-247x300.jpg,go-go-endurance-li-right-beauty-red-2-247x300.jpg,https://advanceddmesupplies.com/product/go-go-endurance-li/
Go Go ULTRAX 4 WHEEL,SCOOTER,,images/SCOOTER/alt1-go-go-ultra-x-4-wheel-247x300.jpg,alt1-go-go-ultra-x-4-wheel-247x300.jpg,https://advanceddmesupplies.com/product/go-go-ultrax-4-wheel/
JAZZY EVO 614,WHEELCHAIRS POWER,,images/WHEELCHAIRS POWER/alt-1-jazzy-evo-614-red-right-247x300.jpg,alt-1-jazzy-evo-614-red-right-247x300.jpg,https://advanceddmesupplies.com/product/jazzy-evo-614/
The NOA Elite Bariatric Bed for Long Term Care,BED AND MATTRESS,,images/BED AND MATTRESS/acute-bariatric-header-247x300.jpg,acute-bariatric-header-247x300.jpg,https://advanceddmesupplies.com/product/the-noa-elite-bariatric-bed-for-long-term-care/
NOA Light Bed for Long Term Care,BED AND MATTRESS,,images/BED AND MATTRESS/ltc-light-header-247x300.jpg,ltc-light-header-247x300.jpg,https://advanceddmesupplies.com/product/noa-light-bed-for-long-term-care/
Elite Riser Long Term Care Bed,BED AND MATTRESS,,images/BED AND MATTRESS/NOA-Riser-1-247x300.jpg,NOA-Riser-1-247x300.jpg,https://advanceddmesupplies.com/product/elite-riser-long-term-care-bed-2/
Elite Riser Long Term Care Bed,BED AND MATTRESS,,images/BED AND MATTRESS/NOA-Riser-247x300.jpg,NOA-Riser-247x300.jpg,https://advanceddmesupplies.com/product/elite-riser-long-term-care-bed/
NOA EliteCare,BED AND MATTRESS,,images/BED AND MATTRESS/ltc-elite-care-header-247x300.jpg,ltc-elite-care-header-247x300.jpg,https://advanceddmesupplies.com/product/noa-elitecare/
NOA Elite II,BED AND MATTRESS,,images/BED AND MATTRESS/elite-II-high-247x300.jpg,elite-II-high-247x300.jpg,https://advanceddmesupplies.com/product/noa-elite-ii/
NOA Elite EX,BED AND MATTRESS,,images/BED AND MATTRESS/ltc-elite-ex-header-247x300.jpg,ltc-elite-ex-header-247x300.jpg,https://advanceddmesupplies.com/product/noa-elite-ex/
Raised Rail Mattress Cover,BED AND MATTRESS,,images/BED AND MATTRESS/80099Z-247x300.jpg,80099Z-247x300.jpg,https://advanceddmesupplies.com/product/raised-rail-mattress-cover/
Alternating Pressure Seat Cushion System,PILLOW AND CUSHIONS,,images/PILLOW AND CUSHIONS/Seat-Relif-collage-image-247x300.jpg,Seat-Relif-collage-image-247x300.jpg,https://advanceddmesupplies.com/product/alternating-pressure-seat-cushion-system/
Bolero Height-adjustable bath trolley,BATH SAFETY,,images/BATH SAFETY/Arjo.Bolero-4_225770_Product_Page_Main_Image-247x300.jpg,Arjo.Bolero-4_225770_Product_Page_Main_Image-247x300.jpg,https://advanceddmesupplies.com/product/bolero-height-adjustable-bath-trolley/
Calypso Height-adjustable bath chair,BATH SAFETY,,images/BATH SAFETY/Calypso-Hero_Product_Node_Hero_Image-247x300.jpg,Calypso-Hero_Product_Node_Hero_Image-247x300.jpg,https://advanceddmesupplies.com/product/calypso-height-adjustable-bath-chair/
Miranti The ergonomic lift bath trolley with Power Drive,BATH SAFETY,,images/BATH SAFETY/ArjoHuntleigh-Products-Hygiene-Systems-Bathing-Hygiene-Lifters-Miranti-long_Product_Page_Main_Image-247x300.jpg,ArjoHuntleigh-Products-Hygiene-Systems-Bathing-Hygiene-Lifters-Miranti-long_Product_Page_Main_Image-247x300.jpg,https://advanceddmesupplies.com/product/miranti-the-ergonomic-lift-bath-trolley-with-power-drive/
Alenti Height-adjustable bath chair,BATH SAFETY,,images/BATH SAFETY/ArjoHuntleigh-Products-Hygiene-Systems-Bathing-Central-Bathing-Area-Hygiene-Lifters-Alenti-long_Product_Page_Main_Image-247x300.jpg,ArjoHuntleigh-Products-Hygiene-Systems-Bathing-Central-Bathing-Area-Hygiene-Lifters-Alenti-long_Product_Page_Main_Image-247x300.jpg,https://advanceddmesupplies.com/product/alenti-height-adjustable-bath-chair/
Sara Stedy and Sara Stedy Compact,HOYER LIFT,,images/HOYER LIFT/ARJO-SARA-STEDY-COMPACT-0669_Product_Page_Main_Image-247x300.jpg,ARJO-SARA-STEDY-COMPACT-0669_Product_Page_Main_Image-247x300.jpg,https://advanceddmesupplies.com/product/sara-stedy-and-sara-stedy-compact/
EZ On Lateral Support,WHEELCHAIRS MANUAL,,images/WHEELCHAIRS MANUAL/706005_EZonLateral_1-247x300.jpg,706005_EZonLateral_1-247x300.jpg,https://advanceddmesupplies.com/product/ez-on-lateral-support/
Lateral Stabilizer Arm Trough,WHEELCHAIRS MANUAL,,images/WHEELCHAIRS MANUAL/httpsskilcarestg.wpengine.comproductimage706142_LateralArmTrough-247x300.jpg,httpsskilcarestg.wpengine.comproductimage706142_LateralArmTrough-247x300.jpg,https://advanceddmesupplies.com/product/lateral-stabilizer-arm-trough/
V+ PRO,CPAP BIPAP VPAPS VENTILATORS,,"images/CPAP, BIPAP, VPAPS, VENTILATORS/VPro24755__600x477.png",VPro24755__600x477.png,https://advanceddmesupplies.com/product/v-pro/
VOCSN FIVE THERAPIES,CPAP BIPAP VPAPS VENTILATORS,,"images/CPAP, BIPAP, VPAPS, VENTILATORS/VOCSN2__480x480_update.jpg",VOCSN2__480x480_update.jpg,https://advanceddmesupplies.com/product/vocsn-five-therapies/
Stratus 5L Stationary Oxygen Concentrator,OXYGEN,,images/OXYGEN/stratus-5-oxygen-concentrator-str1005-247x300.png,stratus-5-oxygen-concentrator-str1005-247x300.png,https://advanceddmesupplies.com/product/stratus-5l-stationary-oxygen-concentrator/
Luna II CPAP/Auto PAP,CPAP BIPAP VPAPS VENTILATORS,,images/CPAP BIPAP VPAPS VENTILATORS/luna_2large-247x300.png,luna_2large-247x300.png,https://advanceddmesupplies.com/product/luna-ii-cpap-auto-pap/
Luna G3 Bilevel ST 30Vt,CPAP BIPAP VPAPS VENTILATORS,,images/CPAP BIPAP VPAPS VENTILATORS/Luna_G3_BPAP_PAP_st-30vt-247x300.jpg,Luna_G3_BPAP_PAP_st-30vt-247x300.jpg,https://advanceddmesupplies.com/product/luna-g3-bilevel-st-30vt/
Luna G3 Bilevel 25A,CPAP BIPAP VPAPS VENTILATORS,,images/CPAP BIPAP VPAPS VENTILATORS/Luna_G3_BPAP_PAP-247x300.jpg,Luna_G3_BPAP_PAP-247x300.jpg,https://advanceddmesupplies.com/product/luna-g3-bilevel-25a/
OxyGo NEXT Portable Oxygen Concentrator,OXYGEN,,images/OXYGEN/OXYGO-NEXT-247x300.png,OXYGO-NEXT-247x300.png,https://advanceddmesupplies.com/product/oxygo-next-portable-oxygen-concentrator/
OxyGo FIT Portable Oxygen Concentrator with Bluetooth,OXYGEN,,images/OXYGEN/OXYGO-FIT-247x300.png,OXYGO-FIT-247x300.png,https://advanceddmesupplies.com/product/oxygo-fit-portable-oxygen-concentrator-with-bluetooth/
OxyHome,OXYGEN,"The new OxyHome 5L Stationary Concentrator by OxyGo has a sleek, modern look with the reliability patients and providers need in a stationary unit. OxyHome provides a continuous oxygen flow of up to 5L per minute with a small footprint and quiet operation. Kept cool by a twin blower cooling design and backed by a 3-year replacement warranty, OxyHome will keep your patients going! Quiet Operation Small Footprint Purity Check by Percentage Alarm Indicators: No Flow, Low/High Pressure, Purity, Power Twin Blower Cooling Design Contemporary Design 3-Year Replacement Warranty",images/OXYGEN/oxy-home-247x300.png,oxy-home-247x300.png,https://advanceddmesupplies.com/product/oxyhome/
Buzzaround XL 3-Wheel Model: GB121B-STD,SCOOTER,,images/SCOOTER/BUZZ-AROUND-XL-247x300.png,BUZZ-AROUND-XL-247x300.png,https://advanceddmesupplies.com/product/buzzaround-xl-3-wheel-model-gb121b-std/
Buzzaround XLS-HD 3-Wheel Model: GB121B-SHZ,SCOOTER,,images/SCOOTER/BUZZAROUND-3-WHEEL-HD-247x300.png,BUZZAROUND-3-WHEEL-HD-247x300.png,https://advanceddmesupplies.com/product/buzzaround-xls-hd-3-wheel-model-gb121b-shz/
Buzzaround XL 4-Wheel Model: GB124A-STD,SCOOTER,,images/SCOOTER/BUZZAROUND-XL-247x300.jpeg,BUZZAROUND-XL-247x300.jpeg,https://advanceddmesupplies.com/product/buzzaround-xl-4-wheel-model-gb124a-std/
GOLDEN Buzzaround XL-HD 4-Wheel,SCOOTER,,images/SCOOTER/BUZZAROUND-247x300.jpeg,BUZZAROUND-247x300.jpeg,https://advanceddmesupplies.com/product/golden-buzzaround-xl-hd-4-wheel/
GOLDEN EAGLE GR595,SCOOTER,,images/SCOOTER/GOLDEN-EAGLE-GR595-247x300.jpg,GOLDEN-EAGLE-GR595-247x300.jpg,https://advanceddmesupplies.com/product/golden-eagle-gr595/
GOLDEN BUZZABOUT GP164,WHEELCHAIRS POWER,,images/WHEELCHAIRS POWER/BUZZABOUT-GP164-247x300.jpg,BUZZABOUT-GP164-247x300.jpg,https://advanceddmesupplies.com/product/buzzabout-gp164/
GOLDEN CRICKET PR302,WHEELCHAIRS POWER,,images/WHEELCHAIRS POWER/GOLDEN-CRICKET-GP302-247x300.png,GOLDEN-CRICKET-GP302-247x300.png,https://advanceddmesupplies.com/product/golden-cricket-pr302/
GOLDEN STRIDE GP301,WHEELCHAIRS POWER,,images/WHEELCHAIRS POWER/STRIDE-GP301-247x300.png,STRIDE-GP301-247x300.png,https://advanceddmesupplies.com/product/golden-stride-gp301/
Bed ladder,ORTHOPEDICS,,images/ORTHOPEDICS/ladder-247x300.jpg,ladder-247x300.jpg,https://advanceddmesupplies.com/product/bed-laddder/
Hand and wrist immobilizer,ORTHOPEDICS,,images/ORTHOPEDICS/wrist-247x277.jpg,wrist-247x277.jpg,https://advanceddmesupplies.com/product/hand-and-wrist-immobilizer/
Hip abduction brace,ORTHOPEDICS,,images/ORTHOPEDICS/hip-abduction-brace-247x300.jpg,hip-abduction-brace-247x300.jpg,https://advanceddmesupplies.com/product/hip-abduction-brace/
Shoulder support brace,HEATING PAD,,images/HEATING PAD/shoulder-support-brace-247x300.jpg,shoulder-support-brace-247x300.jpg,https://advanceddmesupplies.com/product/shoulder-support-brace/
Groin brace,ORTHOPEDICS,,images/ORTHOPEDICS/groin-brace-247x300.jpg,groin-brace-247x300.jpg,https://advanceddmesupplies.com/product/groin-brace/
Extended trigger finger splint,ORTHOPEDICS,,images/ORTHOPEDICS/extended-trigger-finger-splint-247x300.jpg,extended-trigger-finger-splint-247x300.jpg,https://advanceddmesupplies.com/product/extended-trigger-finger-splint/
Trigger finger splint brace,ORTHOPEDICS,,images/ORTHOPEDICS/trigger-finger-splint-brace-247x300.jpg,trigger-finger-splint-brace-247x300.jpg,https://advanceddmesupplies.com/product/trigger-finger-splint-brace/
Boxer splint,ORTHOPEDICS,,images/ORTHOPEDICS/boxer-splint-247x300.jpg,boxer-splint-247x300.jpg,https://advanceddmesupplies.com/product/boxer-splint/
Dual trigger finger splint,ORTHOPEDICS,"Immobilize Injured Fingers Promoting natural healing, the Vive dual trigger finger splint immobilizes two or three fingers as needed. The versatile finger splint provides pain-relieving support for broken or sprained fingers as well as tendonitis, trigger finger, and post-operative care. SPECIFICATIONS What’s Included – Vive Dual Trigger Finger Splint – Bendable & removable Aluminium Splint Color: Black Universal Size Fits for left and right hand, Men and Women DIMENSIONS: 9×2.5×2 IN (22.8×6.4×5.1CM) Max. Wrist Circum: 12″ Splint Dimensions: 7.6×1.37” (195x35cm) Weight: 0.15lb Materials: 50% Breathability, Neoprene, 30% Nylon, 8% Spandex, 2% Polyester, Aluminum Splint Latex-free: Yes Care: Hand wash with cold water and mild detergent. Hang Dry.",images/ORTHOPEDICS/trigger-finger-247x300.jpg,trigger-finger-247x300.jpg,https://advanceddmesupplies.com/product/dual-trigger-finger-splint/
Swivel shower chair,BATH SAFETY,"The Vive swivel shower chair allows you to more easily transfer to and from the chair and safely bathe or shower. The swivel seat allows water to quickly drain away to prevent sliding and is framed with padded armrests for added stability. An essential shower aid for those who cannot stand for long periods of time, the swivel shower chair is easy to assemble in minutes and fits most bathtubs and showers. Vive Swivel Shower Chair with back and armrests Dimensions: Height range 16 to 19 in Seat 16 x 13 in Width between the armrests 19 in Weight capacity: 300 lb Colors: White and Aluminum Product Weight: 12lbs Materials: Aluminum and Polymer Latex-free",images/BATH SAFETY/swivel-shower-chair-247x300.jpg,swivel-shower-chair-247x300.jpg,https://advanceddmesupplies.com/product/swivel-shower-chair/
Jazzy Evo 613,WHEELCHAIRS POWER,"Jazzy® Evo 613 Series Features: 300 lb. weight capacity Narrow base width of only 22″ Maximum speed up to 5.1 mph 3″ Ground clearance 13″ solid drive tires Per charge range up to 17 miles with U1 SLA batteries and up to 21 miles with lithium ion (200 lbs.) Mid-wheel 6® Technology offers tight turning radius around doorways and corners Pride’s patented Active-Trac® (ATX) Suspension ensures a smooth ride experience over uneven surfaces Memory foam high-back seat with single seat post allows the user to swivel Available depth-adjustable seat sizes: 16″ W x16″-18″ D, 18″ W x 18″-20″ D, 20″ W x 18″-20″ Height, width, and angle adjustable armrests Flip-up, height, angle, and depth adjustable foot platform Removable matte-finish color-through shrouds HCPCS Code: Group 2: Standard (K0822/K0823) *Pride® FDA Class II Medical Devices are designed to aid individuals with mobility impairments",images/WHEELCHAIRS POWER/robins-egg-blue-1-247x300.png,robins-egg-blue-1-247x300.png,https://advanceddmesupplies.com/product/jazzy-evo-613/
Jazzy Evo 614 HD,WHEELCHAIRS POWER,"Jazzy® Evo 614 HD Series Features: 450 lbs. weight capacity Up to 4.88 mph 22” turning radius Up to 13 miles per charge at 450lbs, up to 21.5 miles per charge at 200lbs. New! Depth-adjustable, limited recline memory foam high-back seat with headrest and single heavy-duty seat post allows the user to swivel New! 13.75” perforated drive tires New! 60-amp Dynamic LiNX Adjustable joystick speed dial enables you to adjust your speed comfort level New! Removable matte finish color through shrouds and 6-colors Flip-up, height adjustable foot platform Full independent front and rear Active-Trac® ATX Suspension for enhanced performance over more varied terrain In-line joystick mount Convenient access to the controller and batteries while the user remains seated HCPCS Code: Group 2: Heavy-Duty (K0824/K0825) *Pride® FDA Class II Medical Devices are designed to aid individuals with mobility impairments",images/WHEELCHAIRS POWER/black-247x300.png,black-247x300.png,https://advanceddmesupplies.com/product/jazzy-evo-614-hd/
Go chair med,WHEELCHAIRS POWER,"Go Chair® MED Features: 300 lb. weight capacity Speeds up to 3.7 mph Compact, 25.5” Turning radius Intuitive controller and easy to operate Range up to 8.6 miles Compact, foldable black vinyl seat with 5-point swivel seat with latch release available in 18” x 17” or 20” x 18” and 60” lap belt Compact turning radius Large footplate for added comfort One hand feather-touch disassembly for quick transport and storage The heaviest piece is only 36 lbs. HCPCS Code: Group 2: Standard, Portable (K0821) *Pride® FDA Class II Medical Devices are designed to aid individuals with mobility impairments",images/WHEELCHAIRS POWER/go-chair-med-black-247x300.png,go-chair-med-black-247x300.png,https://advanceddmesupplies.com/product/go-chair-med/
Jazzy Carbon,WHEELCHAIRS POWER,"Jazzy® Carbon Features: 300 lb. weight capacity Removable joystick for transporting with built in USB charger Airline compliant lithium battery** Front suspension for a smooth ride Ultra-lightweight, carbon fiber frame specifically designed for traveling Compact base easily folds and unfolds for easy transport in a few easy steps Padded seat back with storage pocket and soft, removable seat cushion for all-day comfort Free-wheel levers to easily disengage the brake allowing this lightweight power chair to be pushed like a manual chair Included under-seat storage and adjustable lap belt When folded 28.3″x12.2″x24″ Weighing in at a stunning 43.6 pounds, Jazzy Carbon still provides top speeds up to 3.7 mph with a weight capacity of 300 pounds. *Pride® FDA Class II Medical Devices are designed to aid individuals with mobility impairments",images/WHEELCHAIRS POWER/jazzy-carbon-247x300.png,jazzy-carbon-247x300.png,https://advanceddmesupplies.com/product/jazzy-carbon/
Bariatric shower bench,BATH SAFETY,,images/BATH SAFETY/img-resize-247x300.jpg,img-resize-247x300.jpg,https://advanceddmesupplies.com/product/bariatric-shower-bench/
Bariatric shower chair,BATH SAFETY,,images/BATH SAFETY/shower-chair-247x300.jpg,shower-chair-247x300.jpg,https://advanceddmesupplies.com/product/bariatric-shower-chair/
Repositioning/ transfer sheet,BED AND MATTRESS,,images/BED AND MATTRESS/patient-transfer-sheet-247x300.jpg,patient-transfer-sheet-247x300.jpg,https://advanceddmesupplies.com/product/repositioning-transfer-sheet/
Air Walker Short/Tall Closed toe,ORTHOPEDICS,,images/ORTHOPEDICS/image-247x300.jpg,image-247x300.jpg,https://advanceddmesupplies.com/product/air-walker-short-closed-toe/
ONYX RISING ALL IN ONE WALKER,BATH SAFETY,,images/BATH SAFETY/GHP-700175C-2-247x157.jpg,GHP-700175C-2-247x157.jpg,https://advanceddmesupplies.com/product/onyx-rising-all-in-one-walker/
Upright folding walker,WALKERS,,images/WALKERS/MDSUPWALK_PRI01-247x300.jpg,MDSUPWALK_PRI01-247x300.jpg,https://advanceddmesupplies.com/product/upright-folding-walker/
Standing toilet safety frame,BATH SAFETY,,images/BATH SAFETY/stand-alone-toilet-safety-frame-247x300.jpg,stand-alone-toilet-safety-frame-247x300.jpg,https://advanceddmesupplies.com/product/standing-toilet-safety-frame/
Bathroom security pole,BATH SAFETY,,images/BATH SAFETY/security-pole-3-247x300.jpg,security-pole-3-247x300.jpg,https://advanceddmesupplies.com/product/bathroom-security-pole/
10 Liter oxygen concentrator,OXYGEN,,images/OXYGEN/10-OXYGEN-CONCENTRATOR.-247x300.jpg,10-OXYGEN-CONCENTRATOR.-247x300.jpg,https://advanceddmesupplies.com/product/10-liter-oxygen-concentrator/
Transfer sling,PATIENT AID CARE,,images/PATIENT AID CARE/transfer-sling.-247x300.jpg,transfer-sling.-247x300.jpg,https://advanceddmesupplies.com/product/transfer-sling/
TEL-TITAN-5400,BED AND MATTRESS,,images/BED AND MATTRESS/titan-bed-300x262.jpg,titan-bed-300x262.jpg,https://advanceddmesupplies.com/product/tel-titan-5400/
TEL-TITAN-4800,BED AND MATTRESS,,images/BED AND MATTRESS/titan-48-300x262.jpg,titan-48-300x262.jpg,https://advanceddmesupplies.com/product/tel-titan-4800/
TEL-TITAN-4200,BED AND MATTRESS,,images/BED AND MATTRESS/bariatric-bed-247x300.jpg,bariatric-bed-247x300.jpg,https://advanceddmesupplies.com/product/tel-titan-4200-nmnr/
Hip abduction pillow,PILLOW AND CUSHIONS,,images/PILLOW AND CUSHIONS/hip-abduction-pillow.-247x300.jpg,hip-abduction-pillow.-247x300.jpg,https://advanceddmesupplies.com/product/hip-abduction-pillow/
Alterra 1385 Hi-Low Long-Term Hospital Beds,BED AND MATTRESS,,images/BED AND MATTRESS/low-bed-247x300.jpg,low-bed-247x300.jpg,https://advanceddmesupplies.com/product/alterra-1385-hi-low-long-term-hospital-beds/
Heel Offloader Post Op Shoe,ORTHOPEDICS,,images/ORTHOPEDICS/heel-off-load-shoe-247x300.jpg,heel-off-load-shoe-247x300.jpg,https://advanceddmesupplies.com/product/heel-offloader-post-op-shoe/
Carter Arm Elevator,ORTHOPEDICS,,images/ORTHOPEDICS/arm-elevator-247x300.jpeg,arm-elevator-247x300.jpeg,https://advanceddmesupplies.com/product/carter-arm-elevator/
STRONGBACK24 with attendant brake,WHEELCHAIRS MANUAL,,images/WHEELCHAIRS MANUAL/attendant-brake-247x300.jpg,attendant-brake-247x300.jpg,https://advanceddmesupplies.com/product/strongback24-with-attendant-brake/
STRONGBACK24 flip back wheelchair,WHEELCHAIRS MANUAL,,images/WHEELCHAIRS MANUAL/strongback25-flip.-247x300.jpg,strongback25-flip.-247x300.jpg,https://advanceddmesupplies.com/product/strongback24-flip-back-wheelchair/
STRONGBACK24 wheelchair,WHEELCHAIRS MANUAL,,images/WHEELCHAIRS MANUAL/strongback-24.-247x300.jpg,strongback-24.-247x300.jpg,https://advanceddmesupplies.com/product/strongback24-wheelchair/
STRONGBACK Excursion 12 with rear attendant brakes,WHEELCHAIRS MANUAL,,images/WHEELCHAIRS MANUAL/strongback-12-with-attendant-brakes-247x300.jpg,strongback-12-with-attendant-brakes-247x300.jpg,https://advanceddmesupplies.com/product/strongback-excursion-12-with-rear-attendant-brakes/
STRONGBACK Excursion 12 transport chair. All Terrain,WHEELCHAIRS MANUAL,,images/WHEELCHAIRS MANUAL/strongback-excursion-12-transport-chair-247x300.jpg,strongback-excursion-12-transport-chair-247x300.jpg,https://advanceddmesupplies.com/product/strongback-excursion-12-transport-chair-all-terrain/
STRONGBACK Excursion 8 transport chair,WHEELCHAIRS MANUAL,,images/WHEELCHAIRS MANUAL/strongback-Excursion-8-transport-chair-247x300.jpg,strongback-Excursion-8-transport-chair-247x300.jpg,https://advanceddmesupplies.com/product/strongback-excursion-8-transport-chair/
Heavy duty walker without wheels,WALKERS,,images/WALKERS/bariatric-walker-247x300.jpg,bariatric-walker-247x300.jpg,https://advanceddmesupplies.com/product/heavy-duty-walker-without-wheels/
folding walker without wheels,WALKERS,,images/WALKERS/folding-walker-without-wheels-247x300.jpeg,folding-walker-without-wheels-247x300.jpeg,https://advanceddmesupplies.com/product/folding-walker-without-wheels/
Heavy duty bariatric walker,WALKERS,,images/WALKERS/heavy-duty-folding-walker-247x300.jpg,heavy-duty-folding-walker-247x300.jpg,https://advanceddmesupplies.com/product/heavy-duty-bariatric-walker/
Hemi walker,WALKERS,,images/WALKERS/hemi-walker-247x300.jpg,hemi-walker-247x300.jpg,https://advanceddmesupplies.com/product/hemi-walker/
Rollator transport chair,ROLLATORS,,images/ROLLATORS/rolllator-transport-chair-1-247x300.jpeg,rolllator-transport-chair-1-247x300.jpeg,https://advanceddmesupplies.com/product/rollator-transport-chair/
Fully Electric bed,HOSPITAL BEDS AND ACCESSORIES,"The Fully Electric Bed is perfect for anyone who needs a hospital style bed at home or in a nursing home. The Fully Electric bed has a motor which is quiet and smooth when operating the adjustment of the head, bed height and foot section of the bed. The frame of the bed provides superior strength and reduced weight due to its construction, while the spring deck is zinc coated to provide durability and to reduce corrosion effects. The hand control is easy to use and will operate the head, foot sections, and bed height at the same time and has a convenient clip which attaches to the frame of the bed making sure the control is always by the patients side. The Fully Electric Bed is perfect for any home where someone needs additional assistance in bed and would like the added convenience of being able to adjust the sections of the bed. BED STYLE Full Electric DECK STYLE Split Spring INCLUDES STAFF CONTROL OPENING No LATEX FREE Yes LENGTH INCHES 80 “ MAX HEIGHT INCHES 20″ MAX LENGTH INCHES 80″ MAX WIDTH INCHES 36 “ MIN HEIGHT INCHES 15″ MIN LENGTH INCHES 80 “ MIN WIDTH INCHES 36 “ PRODUCT USE Homecare WEIGHT CAPACITY POUNDS 450 lb",images/HOSPITAL BEDS AND ACCESSORIES/fully-electric-bed-247x300.jpg,fully-electric-bed-247x300.jpg,https://advanceddmesupplies.com/product/fully-electric-bed-2/
Nova foldable shower seat,BATH SAFETY,,images/BATH SAFETY/nova-wall-mounted-shower-seat-247x300.jpeg,nova-wall-mounted-shower-seat-247x300.jpeg,https://advanceddmesupplies.com/product/nova-foldable-shower-seat/
Golden LiteRider 3-Wheel Scooter (300 lb Capacity) GL111D,SCOOTER,,images/SCOOTER/golden-literider-3-wheel-scooter-300lb-capacity-gl111d-247x300.jpg,golden-literider-3-wheel-scooter-300lb-capacity-gl111d-247x300.jpg,https://advanceddmesupplies.com/product/golden-literider-3-wheel-scooter-300-lb-capacity-gl111d/
Pride Go-Go Elite Traveller 3-Wheel Scooter – SC40E,SCOOTER,,images/SCOOTER/pride-go-go-elite-traveler-3-wheel-scooter-247x300.jpg,pride-go-go-elite-traveler-3-wheel-scooter-247x300.jpg,https://advanceddmesupplies.com/product/pride-go-go-elite-traveller-3-wheel-scooter-sc40e/
Pride Go-Go Sport 3-Wheel Transportable Scooter,SCOOTER,,images/SCOOTER/pride-go-go-sport-3-wheel-scooter-247x300.jpg,pride-go-go-sport-3-wheel-scooter-247x300.jpg,https://advanceddmesupplies.com/product/pride-go-go-sport-3-wheel-transportable-scooter/
Golden Buzzaround EX 4-Wheel Scooter MODEL: GB148D,SCOOTER,,images/SCOOTER/golden-buzzaround-extreme-4-wheel-travel-scooter-gb148d-247x300.jpg,golden-buzzaround-extreme-4-wheel-travel-scooter-gb148d-247x300.jpg,https://advanceddmesupplies.com/product/golden-buzzaround-ex-4-wheel-scooter-model-gb148d/
Golden Buzzaround EX- 3 Wheel Scooter MODEL: GB118D,SCOOTER,,images/SCOOTER/golden-buzzaround-extreme-3-wheel-travel-scooter-gb118d-247x300.jpg,golden-buzzaround-extreme-3-wheel-travel-scooter-gb118d-247x300.jpg,https://advanceddmesupplies.com/product/golden-buzzaround-ex-3-wheel-scooter-model-gb118d/
Golden Buzzaround LX- 4 Wheel MODEL: GB149,SCOOTER,,images/SCOOTER/golden-technologies-buzzaround-lx-3-wheel-scooter-gb149-247x300.png,golden-technologies-buzzaround-lx-3-wheel-scooter-gb149-247x300.png,https://advanceddmesupplies.com/product/golden-buzzaround-lx-4-wheel-model-gb149/
Golden Buzzaround LX- 3 Wheel MODEL: GB119,SCOOTER,,images/SCOOTER/golden-technologies-buzzaround-lx-3-wheel-scooter-gb119-247x300.png,golden-technologies-buzzaround-lx-3-wheel-scooter-gb119-247x300.png,https://advanceddmesupplies.com/product/golden-buzzaround-lx-3-wheel-model-gb119/
Golden Buzzaround XL-HD- 4 Wheel MODEL: GB147H,SCOOTER,,images/SCOOTER/golden-technologies-buzzaround-xls-hd-4-wheel-scooter-gb147z-247x300.jpg,golden-technologies-buzzaround-xls-hd-4-wheel-scooter-gb147z-247x300.jpg,https://advanceddmesupplies.com/product/golden-buzzaround-xl-hd-4-wheel-model-gb147h/
Golden Buzzaround XL-HD- 3 Wheel MODEL: GB117H,SCOOTER,,images/SCOOTER/golden-technologies-buzzaround-xls-hd-3-wheel-scooter-gb117z-247x300.jpg,golden-technologies-buzzaround-xls-hd-3-wheel-scooter-gb117z-247x300.jpg,https://advanceddmesupplies.com/product/golden-buzzaround-xl-hd-3-wheel-model-gb117h/
Golden Buzzaround XL- 4 Wheel MODEL: GB147D,SCOOTER,,images/SCOOTER/golden-technologies-buzzaround-xl-hd-4-wheel-scooter-gb147h-247x300.jpg,golden-technologies-buzzaround-xl-hd-4-wheel-scooter-gb147h-247x300.jpg,https://advanceddmesupplies.com/product/golden-buzzaround-xl-4-wheel-model-gb147d/
Golden Buzzaround XL- 3 Wheel MODEL: GB117D,SCOOTER,,images/SCOOTER/golden-technologies-buzzaround-xl-3-wheel-scooter-gb117d-247x300.jpg,golden-technologies-buzzaround-xl-3-wheel-scooter-gb117d-247x300.jpg,https://advanceddmesupplies.com/product/golden-buzzaround-xl-3-wheel-model-gb117d/
GOLDEN BUZZAROUND XLS-HD GB147Z 4 WHEEL,SCOOTER,,images/SCOOTER/Buzzaroundxlshd4wheel_eb10b677-8479-47b4-a94e-43a48c92e6cc_900x-247x300.jpg,Buzzaroundxlshd4wheel_eb10b677-8479-47b4-a94e-43a48c92e6cc_900x-247x300.jpg,https://advanceddmesupplies.com/product/golden-buzzaround-xls-hd-gb147z-4-wheel/
Golden Buzzaround XLS-HD- 3 Wheel MODEL: GB117Z,SCOOTER,,images/SCOOTER/Buzzaroundxlshd3wheel_900x-247x300.jpg,Buzzaroundxlshd3wheel_900x-247x300.jpg,https://advanceddmesupplies.com/product/buzzaround-xls-hd-3-wheel-model-gb117z/
Golden Buzzaround CarryOn Fold-Flat Scooter (Model GB120),SCOOTER,.,images/SCOOTER/golden-GB120-TRAVEL-SCOOTER-247x300.jpeg,golden-GB120-TRAVEL-SCOOTER-247x300.jpeg,https://advanceddmesupplies.com/product/buzzaround-carryon-fold-flat-scooter-model-gb120/
Golden technologies Comforter Medium Power Lift Recliner MODEL: PR531M,LIFT CHAIRS,,images/LIFT CHAIRS/Golden-PR531-Comforter-Medium-Power-Lift-Recliner-in-Sandstorm-1-247x300.png,Golden-PR531-Comforter-Medium-Power-Lift-Recliner-in-Sandstorm-1-247x300.png,https://advanceddmesupplies.com/product/golden-technologies-comforter-medium-power-lift-recliner-model-pr531m/
Golden technologies Comforter Large Power Lift Recliner MODEL: PR531L,LIFT CHAIRS,,images/LIFT CHAIRS/Golden-PR531-Large-Power-Lift-Recliner-in-Oxford-247x300.png,Golden-PR531-Large-Power-Lift-Recliner-in-Oxford-247x300.png,https://advanceddmesupplies.com/product/golden-technologies-comforter-large-power-lift-recliner-model-pr531l/
Golden technologies  Comforter Small Wide Power Lift Recliner MODEL: PR531S-23,LIFT CHAIRS,,images/LIFT CHAIRS/Golden-PR531-S23-Comforter-Small-Wide-Power-Lift-Recliner-in-Port-247x300.png,Golden-PR531-S23-Comforter-Small-Wide-Power-Lift-Recliner-in-Port-247x300.png,https://advanceddmesupplies.com/product/golden-technologies-comforter-small-wide-power-lift-recliner-model-pr531s-23/
Golden technologies Comforter Tall Power Lift Recliner MODEL: PR531T,LIFT CHAIRS,,images/LIFT CHAIRS/Golden-PR531-Tall-Power-Lift-Recliner-in-Anchor-1-247x300.png,Golden-PR531-Tall-Power-Lift-Recliner-in-Anchor-1-247x300.png,https://advanceddmesupplies.com/product/golden-technologies-comforter-tall-power-lift-recliner-model-pr531t/
Golden technologies MODEL: PR531M-26D,LIFT CHAIRS,,images/LIFT CHAIRS/l-golden-technologies-pr531-extra-wide-comforter-lift-chair-9678-3042-247x300.jpg,l-golden-technologies-pr531-extra-wide-comforter-lift-chair-9678-3042-247x300.jpg,https://advanceddmesupplies.com/product/golden-technologies-model-pr531m-26d/
Golden technologies Comforter Tall Wide Power Lift Recliner MODEL: PR531-T28,LIFT CHAIRS,,images/LIFT CHAIRS/Golden-PR531-Tall-Wide-Power-Lift-Recliner-in-Bittersweet-1-247x300.png,Golden-PR531-Tall-Wide-Power-Lift-Recliner-in-Bittersweet-1-247x300.png,https://advanceddmesupplies.com/product/golden-technologies-comforter-tall-wide-power-lift-recliner-model-pr531-t28/
Golden technologies Cambridge Small Medium Lift Recliner MODEL: PR401-SME,LIFT CHAIRS,,images/LIFT CHAIRS/l-golden-technologies-pr401-cambridge-lift-chair-7378-3436-247x300.jpg,l-golden-technologies-pr401-cambridge-lift-chair-7378-3436-247x300.jpg,https://advanceddmesupplies.com/product/golden-technologies-cambridge-small-medium-lift-recliner-model-pr401-sme/
Golden technologies Cambridge Medium Large Lift Recliner MODEL: PR-401-MLA,LIFT CHAIRS,,images/LIFT CHAIRS/cambridgealt-247x300.jpg,cambridgealt-247x300.jpg,https://advanceddmesupplies.com/product/golden-technologies-cambridge-medium-large-lift-recliner-model-pr-401-mla/
Golden technologies Cloud with Twilight Small Medium Power Lift Recliner MODEL: PR515-SME,LIFT CHAIRS,,images/LIFT CHAIRS/PR515-UCB-CoffeeBean-STANDING_-scaled-1-247x300.jpg,PR515-UCB-CoffeeBean-STANDING_-scaled-1-247x300.jpg,https://advanceddmesupplies.com/product/golden-technologies-cloud-with-twilight-small-medium-power-lift-recliner-model-pr515-sme/
Golden technologies Day Dreamer Power Lift Recliner MODEL: PR632,LIFT CHAIRS,,images/LIFT CHAIRS/daydreamer_PR630_web-247x300.png,daydreamer_PR630_web-247x300.png,https://advanceddmesupplies.com/product/golden-technologies-day-dreamer-power-lift-recliner-model-pr632/
Golden technologies Comforter Medium Power Lift Recliner MODEL: PR535M,LIFT CHAIRS,,images/LIFT CHAIRS/PR535-MED-Coffee-Bean_web-247x300.jpg,PR535-MED-Coffee-Bean_web-247x300.jpg,https://advanceddmesupplies.com/product/golden-technologies-comforter-medium-power-lift-recliner-model-pr535m/
Golden technologies Comforter Large Power Lift Recliner MODEL: PR535L,LIFT CHAIRS,,images/LIFT CHAIRS/PR535L-Maxicomforter-Large-Power-Lift-Chair-247x300.jpg,PR535L-Maxicomforter-Large-Power-Lift-Chair-247x300.jpg,https://advanceddmesupplies.com/product/golden-technologies-comforter-large-power-lift-recliner-model-pr535l/
Golden technologies Comforter Tall Power Lift Recliner MODEL: PR535T,LIFT CHAIRS,,images/LIFT CHAIRS/PR535T-Maxicomforter-Tall-Power-Lift-Chair-247x300.jpg,PR535T-Maxicomforter-Tall-Power-Lift-Chair-247x300.jpg,https://advanceddmesupplies.com/product/golden-technologies-comforter-tall-power-lift-recliner-model-pr535t/
Golden technologies Cloud Small Medium Power Lift Recliner MODEL: PR510-SME,LIFT CHAIRS,,images/LIFT CHAIRS/PR510SME-Cloud-Calypsoweb-247x300.png,PR510SME-Cloud-Calypsoweb-247x300.png,https://advanceddmesupplies.com/product/golden-technologies-cloud-small-medium-power-lift-recliner-model-pr510-sme/
Golden technologies Cloud Medium Large Power Lift Recliner PR510-MLA,LIFT CHAIRS,,images/LIFT CHAIRS/l-pr515-maxicomfort-cloud-twilight-positioning-9516-0559-247x300.jpg,l-pr515-maxicomfort-cloud-twilight-positioning-9516-0559-247x300.jpg,https://advanceddmesupplies.com/product/golden-technologies-cloud-medium-large-power-lift-recliner-pr510-mla/
Golden Technologies EZ Sleeper with Twilight Lift Recliner PR761-MLA,LIFT CHAIRS,,images/LIFT CHAIRS/EZ-Sleeper-PR761-Power-Lift-Recliner-Chair-247x300.jpg,EZ-Sleeper-PR761-Power-Lift-Recliner-Chair-247x300.jpg,https://advanceddmesupplies.com/product/golden-technologies-ez-sleeper-with-twilight-lift-recliner-pr761-mla/
ostomy belt,OSTOMY SUPPLIES,,images/OSTOMY SUPPLIES/ostomy-belt-247x300.jpg,ostomy-belt-247x300.jpg,https://advanceddmesupplies.com/product/ostomy-belt/
pride mobility Oasis Collection lift chair,LIFT CHAIRS,,images/LIFT CHAIRS/LC-580iM-Saratoga-Cashmere-247x300.jpg,LC-580iM-Saratoga-Cashmere-247x300.jpg,https://advanceddmesupplies.com/product/oasis-collection-lift-chair/
pride mobility vivalift Urbana collection,LIFT CHAIRS,,images/LIFT CHAIRS/PLR965M-Urbana-Stonewash-Granite-247x300.jpg,PLR965M-Urbana-Stonewash-Granite-247x300.jpg,https://advanceddmesupplies.com/product/viivalift-urbana-collection/
pride mobility Vivalift Elegance collection,LIFT CHAIRS,,images/LIFT CHAIRS/Elegance_V3_Badlands_Steel-247x300.jpg,Elegance_V3_Badlands_Steel-247x300.jpg,https://advanceddmesupplies.com/product/vivalift-elegance-collection/
pride mobility Vivalift Legacy collection,LIFT CHAIRS,,images/LIFT CHAIRS/Legacy_V2_Saville_Brown-247x300.jpg,Legacy_V2_Saville_Brown-247x300.jpg,https://advanceddmesupplies.com/product/vivalift-legacy-colllection/
pride mobility Vivalift Metro collection,LIFT CHAIRS,,images/LIFT CHAIRS/PLR925M-Metro-Saville-Grey-247x300.jpg,PLR925M-Metro-Saville-Grey-247x300.jpg,https://advanceddmesupplies.com/product/vivalift-metro-collection/
pride mobility Vivalift Escape collection,LIFT CHAIRS,,images/LIFT CHAIRS/PLR-525iM-Infinity-Durasoft-Oat-247x300.jpg,PLR-525iM-Infinity-Durasoft-Oat-247x300.jpg,https://advanceddmesupplies.com/product/vivalift-escape-collection/
pride mobility Vivalift tranquil collection,LIFT CHAIRS,,images/LIFT CHAIRS/Tranquil_LT_Astro_Brown-247x300.jpg,Tranquil_LT_Astro_Brown-247x300.jpg,https://advanceddmesupplies.com/product/vivalift-tranquil-collection/
pride mobility Vivalift Atlas plus collection,LIFT CHAIRS,,images/LIFT CHAIRS/vivalift-247x300.jpg,vivalift-247x300.jpg,https://advanceddmesupplies.com/product/vivalift-atlas-plus-collection/
pride mobility Vivalift atlas collection model PLR-985,LIFT CHAIRS,,images/LIFT CHAIRS/viva-lift-chair-247x300.png,viva-lift-chair-247x300.png,https://advanceddmesupplies.com/product/vivalift-atlas-collection-model-plr-985/
Gastrostomy Feeding tubes,ENTERAL NUTRITION,,images/ENTERAL NUTRITION/g-tube-247x300.jpg,g-tube-247x300.jpg,https://advanceddmesupplies.com/product/gastrostomy-feeding-tubes/
Pommel Cushion,PILLOW AND CUSHIONS,,images/PILLOW AND CUSHIONS/pommel-cushion-247x300.png,pommel-cushion-247x300.png,https://advanceddmesupplies.com/product/pommel-cushion/
Custom Rehab powerchairs,WHEELCHAIRS POWER,,images/WHEELCHAIRS POWER/Q6-Edge-HD-rehab-chairs-247x300.jpg,Q6-Edge-HD-rehab-chairs-247x300.jpg,https://advanceddmesupplies.com/product/custom-rehab-powerchairs/
Ultralight manual wheelchair,WHEELCHAIRS MANUAL,,images/WHEELCHAIRS MANUAL/ultralight-wheelchair-247x300.jpg,ultralight-wheelchair-247x300.jpg,https://advanceddmesupplies.com/product/ultralight-manual-wheelchair/
Bedside fall protection mat,BED AND MATTRESS,,images/BED AND MATTRESS/bed-fall-protection-pad-1-247x300.jpg,bed-fall-protection-pad-1-247x300.jpg,https://advanceddmesupplies.com/product/bedside-fall-protection-mat/
Hydraulic patient sit to stand lift,HOYER LIFT,,images/HOYER LIFT/manual-sit-to-stand-lift-247x300.jpg,manual-sit-to-stand-lift-247x300.jpg,https://advanceddmesupplies.com/product/hydraulic-patient-sit-to-stand-lift/
Golden Avenger HD scooter,SCOOTER,,images/SCOOTER/golden-avenger-247x300.jpg,golden-avenger-247x300.jpg,https://advanceddmesupplies.com/product/golden-avenger-hd-scooter/
Transport shower chair and drop arm commode,BATH SAFETY,,images/BATH SAFETY/drop-arm-transport-shower-chair-and-commode-247x300.jpg,drop-arm-transport-shower-chair-and-commode-247x300.jpg,https://advanceddmesupplies.com/product/transport-shower-chair-and-drop-arm-commode/
Nova Phoenix upright walker,ROLLATORS,,images/ROLLATORS/nova-phoenix-rollator-247x300.png,nova-phoenix-rollator-247x300.png,https://advanceddmesupplies.com/product/nova-phoenix-rise-up-rollator/
6 inch wheels rollator walker,ROLLATORS,,images/ROLLATORS/6-inch-wheel-rollator-247x300.jpeg,6-inch-wheel-rollator-247x300.jpeg,https://advanceddmesupplies.com/product/6-inch-wheels-rollator-walker/
Bariatric Air Loss Pressure Matrress and bariatric bed,BED AND MATTRESS,,images/BED AND MATTRESS/bariatric-ail-loss-pressure-mattress-247x300.jpg,bariatric-ail-loss-pressure-mattress-247x300.jpg,https://advanceddmesupplies.com/product/bariatric-air-loss-pressure-matrress/
Air loss Alternating Pressure Mattress,BED AND MATTRESS,,images/BED AND MATTRESS/air-loss-alternating-pressure-mattress-247x300.jpg,air-loss-alternating-pressure-mattress-247x300.jpg,https://advanceddmesupplies.com/product/air-loss-alternating-pressure-mattress/
Compass Sport Model: GP605,WHEELCHAIRS POWER,,images/WHEELCHAIRS POWER/GP605-Compass_DSC6188-247x300.jpg,GP605-Compass_DSC6188-247x300.jpg,https://advanceddmesupplies.com/product/golden-compass-sport/
Golden Alante,WHEELCHAIRS POWER,,images/WHEELCHAIRS POWER/GOLDEN-ALANTE-247x300.jpg,GOLDEN-ALANTE-247x300.jpg,https://advanceddmesupplies.com/product/golden-alante/
Golden Compass HD GP620,WHEELCHAIRS POWER,,images/WHEELCHAIRS POWER/Golden-technologies-compass-HD-GP620SS-247x300.jpg,Golden-technologies-compass-HD-GP620SS-247x300.jpg,https://advanceddmesupplies.com/product/golden-compass-hd-gp620/
Golden Lite Rider Envy,WHEELCHAIRS POWER,,images/WHEELCHAIRS POWER/1-247x300.jpg,1-247x300.jpg,https://advanceddmesupplies.com/product/golden-lite-rider-envy/
Fully Electric bed,BED AND MATTRESS,,images/BED AND MATTRESS/Beds-04-1-247x300.jpg,Beds-04-1-247x300.jpg,https://advanceddmesupplies.com/product/fully-electric-bed/
Heel elevator,PILLOW AND CUSHIONS,,images/PILLOW AND CUSHIONS/heel-elevator-247x300.jpg,heel-elevator-247x300.jpg,https://advanceddmesupplies.com/product/heel-elevator/
Convulated ear protector,PILLOW AND CUSHIONS,,images/PILLOW AND CUSHIONS/convulated-ear-protector-247x300.jpg,convulated-ear-protector-247x300.jpg,https://advanceddmesupplies.com/product/convulated-ear-protector/
Desk arm laptop cushion,WHEELCHAIRS MANUAL,,images/WHEELCHAIRS MANUAL/desk-arm-laptop-cushion-247x300.jpg,desk-arm-laptop-cushion-247x300.jpg,https://advanceddmesupplies.com/product/desk-arm-laptop-cushion/
Full arm laptop cushion,WHEELCHAIRS MANUAL,,images/WHEELCHAIRS MANUAL/full-arm-cushion-247x300.jpg,full-arm-cushion-247x300.jpg,https://advanceddmesupplies.com/product/full-arm-laptop-cushion/
Abdominal pad,WOUND CARE PRODUCTS,,images/WOUND CARE PRODUCTS/abdominal-pad-247x300.jpg,abdominal-pad-247x300.jpg,https://advanceddmesupplies.com/product/abdominal-pad/
Cotton tipped applicators,WOUND CARE PRODUCTS,,images/WOUND CARE PRODUCTS/cotton-applicators-247x300.jpg,cotton-applicators-247x300.jpg,https://advanceddmesupplies.com/product/cotton-tipped-applicators/
Medline EntraFlo H2O Feeding Sets,ENTERAL NUTRITION,,images/ENTERAL NUTRITION/feeding-bags-247x300.jpg,feeding-bags-247x300.jpg,https://advanceddmesupplies.com/product/entraflo-h2o-feeding-sets/
Medline EntraFlo Nutrition Delivery System,ENTERAL NUTRITION,,images/ENTERAL NUTRITION/medline-pump-247x300.jpg,medline-pump-247x300.jpg,https://advanceddmesupplies.com/product/entraflo-nutrition-delivery-system-2/
Medline EntraFlo Nutrition Delivery System,ENTERAL NUTRITION,,images/ENTERAL NUTRITION/medline-feeding-pump-247x300.jpg,medline-feeding-pump-247x300.jpg,https://advanceddmesupplies.com/product/entraflo-nutrition-delivery-system/
Oxygen concentrator filters,OXYGEN,,images/OXYGEN/filters-247x300.jpg,filters-247x300.jpg,https://advanceddmesupplies.com/product/oxygen-concentrator-filters/
Inogen G5 Portable concentrator,OXYGEN,,images/OXYGEN/inogen-one-g5-247x300.jpg,inogen-one-g5-247x300.jpg,https://advanceddmesupplies.com/product/inogen-g5-portable-concentrator/
Shower chair with handles no back,BATH SAFETY,,images/BATH SAFETY/chair-with-no-back-247x300.jpg,chair-with-no-back-247x300.jpg,https://advanceddmesupplies.com/product/shower-chair-with-handles-no-back/
Rollator Nova Star 8,ROLLATORS,,images/ROLLATORS/nova-star-rollator-247x300.jpg,nova-star-rollator-247x300.jpg,https://advanceddmesupplies.com/product/rollator-nova-star-8/
Power chair batteries,WHEELCHAIRS POWER,,images/WHEELCHAIRS POWER/batteries-247x300.jpg,batteries-247x300.jpg,https://advanceddmesupplies.com/product/power-chair-batteries/
Jazzy 1450,WHEELCHAIRS POWER,,images/WHEELCHAIRS POWER/jazzy-1450-red-247x300.jpg,jazzy-1450-red-247x300.jpg,https://advanceddmesupplies.com/product/jazzy-1450/
Jazzy Select 6,WHEELCHAIRS POWER,,images/WHEELCHAIRS POWER/jazzy-select-red-247x300.jpg,jazzy-select-red-247x300.jpg,https://advanceddmesupplies.com/product/jazzy-select-6/
Jazzy 600 ES,WHEELCHAIRS POWER,,images/WHEELCHAIRS POWER/jazzy-600-ES-247x300.jpg,jazzy-600-ES-247x300.jpg,https://advanceddmesupplies.com/product/jazzy-600-es/
Jazzy Elite HD,WHEELCHAIRS POWER,,images/WHEELCHAIRS POWER/Jazzy-Elite-HD-247x300.jpg,Jazzy-Elite-HD-247x300.jpg,https://advanceddmesupplies.com/product/jazzy-elite-hd/
3 and 4 wheel Pride Victory 10.2,SCOOTER,,images/SCOOTER/victory-10-red-247x300.png,victory-10-red-247x300.png,https://advanceddmesupplies.com/product/3-and-4-wheel-pride-victory-10-2/
Revo™ 2.0 4 Wheel (S67),SCOOTER,,images/SCOOTER/pride-revo-2.0-4--247x300.jpg,pride-revo-2.0-4--247x300.jpg,https://advanceddmesupplies.com/product/3-and-4-wheel-gogo-revo-scooter/
Pride 4 wheel Victory LX sport,SCOOTER,,images/SCOOTER/VICTORY-LX-SPORT-2-247x300.png,VICTORY-LX-SPORT-2-247x300.png,https://advanceddmesupplies.com/product/pride-4-wheel-victory-lx-sport/
3 and 4 wheel pride victory 9,SCOOTER,,images/SCOOTER/VICTORY-9-247x300.jpg,VICTORY-9-247x300.jpg,https://advanceddmesupplies.com/product/3-and-4-wheel-pride-victory-9/
Pediatric nebulizers,NEBULIZER,,images/NEBULIZER/nebulizer.jpg,nebulizer.jpg,https://advanceddmesupplies.com/product/pediatric-nebulizers/
pediatric nebulizer,NEBULIZER,,images/NEBULIZER/pediatric-nebulizer.jpg,pediatric-nebulizer.jpg,https://advanceddmesupplies.com/product/pediatric-nebulizer-5/
Drive Two wheeled rollator,ROLLATORS,,images/ROLLATORS/Two-wheel-rollator-247x300.jpg,Two-wheel-rollator-247x300.jpg,https://advanceddmesupplies.com/product/drive-two-wheeled-rollator/
Folding Walker With Seat,FOLDING WALKER WITH SEAT,,images/FOLDING WALKER WITH SEAT/folding-walker-with-seat-1-247x300.jpeg,folding-walker-with-seat-1-247x300.jpeg,https://advanceddmesupplies.com/product/folding-walker-with-seat/
CPAP/Bipap Tubing,CPAP BIPAP VPAPS VENTILATORS,,images/CPAP BIPAP VPAPS VENTILATORS/heated-tubing-247x300.jpg,heated-tubing-247x300.jpg,https://advanceddmesupplies.com/product/cpap-bipap-tubing/
CPAP/Bipap Power Supply,CPAP BIPAP VPAPS VENTILATORS,,images/CPAP BIPAP VPAPS VENTILATORS/resmed-power-cord-247x300.jpg,resmed-power-cord-247x300.jpg,https://advanceddmesupplies.com/product/cpap-bipap-power-cord/
Ultima Combo Digital TENS and EMS Unit,PAIN MANAGEMENT,"Ultima Combo Digital TENS and EMS device comes with lead wires, electrodes, battery, instruction manual, and carrying case.",images/PAIN MANAGEMENT/tens-combo-247x300.jpeg,tens-combo-247x300.jpeg,https://advanceddmesupplies.com/product/ultima-combo-digital-tens-and-ems-unit/
No Rinse Wash,NO RINSE WASH,,images/NO RINSE WASH/no-rinse-wash.png,no-rinse-wash.png,https://advanceddmesupplies.com/product/no-rinse-wash-2/
No Rinse Wash,NO RINSE WASH,,images/NO RINSE WASH/no-rinse-body-wash.png,no-rinse-body-wash.png,https://advanceddmesupplies.com/product/no-rinse-wash/
A & D Skin Ointment Cream,A D SKIN OINTMENT CREAM,,images/A D SKIN OINTMENT CREAM/a-and-d-skin-ointment-1-.png,a-and-d-skin-ointment-1-.png,https://advanceddmesupplies.com/product/a-d-skin-ointment-cream-2/
A & D Skin Ointment Cream,A D SKIN OINTMENT CREAM,,images/A D SKIN OINTMENT CREAM/a-and-d-skin-ointment.png,a-and-d-skin-ointment.png,https://advanceddmesupplies.com/product/a-d-skin-ointment-cream/
Calmoseptine,CALMOSEPTINE,,images/CALMOSEPTINE/calmoseptine-247x300.png,calmoseptine-247x300.png,https://advanceddmesupplies.com/product/calmoseptine/
Hibiclens,HIBICLENS,,images/HIBICLENS/image-2020-08-08T103321.260-247x300.png,image-2020-08-08T103321.260-247x300.png,https://advanceddmesupplies.com/product/hibiclens/
Colles Fracture Splints,COLLES FRACTURE SPLINTS,,images/COLLES FRACTURE SPLINTS/colles.png,colles.png,https://advanceddmesupplies.com/product/colles-fracture-splints/
Leg Elevator,LEG ELEVATOR,,images/LEG ELEVATOR/image-2020-08-08T103301.127-247x300.png,image-2020-08-08T103301.127-247x300.png,https://advanceddmesupplies.com/product/leg-elevator/
Adult Nebulizers,ADULT NEBULIZERS,,images/ADULT NEBULIZERS/image-2020-08-08T103258.450-247x300.png,image-2020-08-08T103258.450-247x300.png,https://advanceddmesupplies.com/product/adult-nebulizers-2/
Adult Nebulizers,ADULT NEBULIZERS,,images/ADULT NEBULIZERS/image-2020-08-08T103255.934-247x300.png,image-2020-08-08T103255.934-247x300.png,https://advanceddmesupplies.com/product/adult-nebulizers/
Bacteria Filters,BACTERIA FILTERS,,images/BACTERIA FILTERS/bacteria-filter-1-247x300.png,bacteria-filter-1-247x300.png,https://advanceddmesupplies.com/product/bacteria-filters-2/
Bacteria Filters,BACTERIA FILTERS,,images/BACTERIA FILTERS/bacteria-filter-247x300.jpg,bacteria-filter-247x300.jpg,https://advanceddmesupplies.com/product/bacteria-filters/
Suction Canisters,SUCTION CANISTERS,,images/SUCTION CANISTERS/suction-canisters-247x300.png,suction-canisters-247x300.png,https://advanceddmesupplies.com/product/suction-canisters/
Suction Tubing,SUCTION TUBING,,images/SUCTION TUBING/suction-tubing-247x300.png,suction-tubing-247x300.png,https://advanceddmesupplies.com/product/suction-tubing/
Yankauer,TRACHEOSTOMY SUPPLIES,,images/TRACHEOSTOMY SUPPLIES/image-2020-08-08T103153.102-247x300.png,image-2020-08-08T103153.102-247x300.png,https://advanceddmesupplies.com/product/yankauer/
Pediatric Nebulizer,NEBULIZER,,images/NEBULIZER/pediatric-nebulizer-3.png,pediatric-nebulizer-3.png,https://advanceddmesupplies.com/product/pediatric-nebulizer-4/
Pediatric Nebulizer,NEBULIZER,,images/NEBULIZER/pediatric-nebulizer-2.png,pediatric-nebulizer-2.png,https://advanceddmesupplies.com/product/pediatric-nebulizer-3/
Pediatric Nebulizer,NEBULIZER,,images/NEBULIZER/frog-nebulizer-247x300.jpg,frog-nebulizer-247x300.jpg,https://advanceddmesupplies.com/product/pediatric-nebulizer-2/
Pediatric Nebulizer,NEBULIZER,,images/NEBULIZER/bunnie-nebulizer-247x300.png,bunnie-nebulizer-247x300.png,https://advanceddmesupplies.com/product/pediatric-nebulizer/
InnoSpire Mini Portable Nebulizer,NEBULIZER,"InnoSpire Mini allows patients to nebulize their medications whenever they want and wherever they may be. Compact lightweight and reliable, it provides independence for people who want to get the most out of life. Designed to deliver treatment in 6-8 minutes*",images/NEBULIZER/image-2020-08-07T165446.183-247x300.png,image-2020-08-07T165446.183-247x300.png,https://advanceddmesupplies.com/product/innospire-mini-portable-nebulizer/
Roscoe NebGo Portable Nebulizers,NEBULIZER,,images/NEBULIZER/neb-go-nebulizer-247x300.png,neb-go-nebulizer-247x300.png,https://advanceddmesupplies.com/product/portable-nebulizers-2/
Portable Nebulizers,NEBULIZER,,images/NEBULIZER/portable-nebu.png,portable-nebu.png,https://advanceddmesupplies.com/product/portable-nebulizers/
Merits Power Bath Lift 300lbs,BATH SAFETY,"BATHE WITH CONFIDENCE – take a bath while keeping your incision area dry by adjusting the seat to just above water level; Weight capacity: 300lbs, Lifting Range: 2.6″ to 17″ SMART BATTERY MONITORING SYSTEM: the remote control does not allow lowering of the user if the battery does not have enough power to raise the user back up ADJUSTABLE RECLINING BACK FROM ~ 40°; Backrest automatically returns to the upright position while returning the bath lift to the starting position EASY AND SAFE TO USE: Convenient suction cup on the back of the controller, Anti-slip cover mat for comfort and security FOLDABLE DESIGN for easy storage and transport; Cover is removable and washable",images/BATH SAFETY/power-bath-247x300.png,power-bath-247x300.png,https://advanceddmesupplies.com/product/merits-power-bath-lift-300lbs/
Tracheostomy Mask,TRACHEOSTOMY MASK,,images/TRACHEOSTOMY MASK/tracheostomy-masks-247x300.png,tracheostomy-masks-247x300.png,https://advanceddmesupplies.com/product/tracheostomy-mask/
Tracheostomy Tubes,TRACHEOSTOMY SUPPLIES,,images/TRACHEOSTOMY SUPPLIES/tracheostomy-tubes-2-247x300.png,tracheostomy-tubes-2-247x300.png,https://advanceddmesupplies.com/product/tracheostomy-tubes-2/
Tracheostomy Tube,TRACHEOSTOMY SUPPLIES,,images/TRACHEOSTOMY SUPPLIES/tracheostomy-tubes-1.png,tracheostomy-tubes-1.png,https://advanceddmesupplies.com/product/tracheostomy-tube/
Tracheostomy Tubes,TRACHEOSTOMY SUPPLIES,,images/TRACHEOSTOMY SUPPLIES/tracheostomy-tube-247x300.jpg,tracheostomy-tube-247x300.jpg,https://advanceddmesupplies.com/product/tracheostomy-tubes/
Tracheostomy Tube Holder,TRACHEOSTOMY SUPPLIES,,images/TRACHEOSTOMY SUPPLIES/tracheostomy-247x300.jpg,tracheostomy-247x300.jpg,https://advanceddmesupplies.com/product/tracheostomy-tube-holder/
Tracheostomy Care Kit,TRACHEOSTOMY CARE KIT,,images/TRACHEOSTOMY CARE KIT/tracheostomy-care-kit-247x300.png,tracheostomy-care-kit-247x300.png,https://advanceddmesupplies.com/product/tracheostomy-care-kit/
AirSense 10 AutoSet For Her with HumidAir,AIRSENSE 10 AUTOSET FOR HER WITH HUMIDAIR,"For added convenience the AirSense 10 AutoSet for Her CPAP features SmartStart technology. Simply put on the mask and start breathing and the machine will begin therapy. Similarly, when the mask is taken off, the machine will register the machine is no longer in use and turn off.",images/AIRSENSE 10 AUTOSET FOR HER WITH HUMIDAIR/airsense-10-autoset-247x300.png,airsense-10-autoset-247x300.png,https://advanceddmesupplies.com/product/airsense-10-autoset-for-her-with-humidair/
CoughAssist T70,COUGHASSIST T70,CoughAssist T70 clears secretions from the lungs by gradually applying positive air pressure (insufflation) to the airway and then rapidly shifting to negative air pressure,images/COUGHASSIST T70/cough-assist-247x300.png,cough-assist-247x300.png,https://advanceddmesupplies.com/product/coughassist-t70/
Trilogy EVO Portable Life Support Ventilator,CPAP BIPAP VPAPS VENTILATORS,,images/CPAP BIPAP VPAPS VENTILATORS/triology-evo-1-247x300.jpg,triology-evo-1-247x300.jpg,https://advanceddmesupplies.com/product/trilogy-evo-portable-life-support-ventilator/
TRILOGY100 VENTILATOR,CPAP BIPAP VPAPS VENTILATORS,,images/CPAP BIPAP VPAPS VENTILATORS/triology-ventilator-1-247x300.jpg,triology-ventilator-1-247x300.jpg,https://advanceddmesupplies.com/product/trilogy100-ventilator/
SIMPLY GO PORTABLE OXYGEN CONCENTRATOR,OXYGEN,,images/OXYGEN/6920175520SimplyGo-Portable-Oxygen-Concentrator-Respironics-SimplyGo-Portable-Oxygen-Concentrator-Components-IG-247x300.jpg,6920175520SimplyGo-Portable-Oxygen-Concentrator-Respironics-SimplyGo-Portable-Oxygen-Concentrator-Components-IG-247x300.jpg,https://advanceddmesupplies.com/product/simply-go-portable-oxygen-concentrator/
So Clean Filter Kits,CPAP BIPAP VPAPS VENTILATORS,,images/CPAP BIPAP VPAPS VENTILATORS/so-clean-filter-kit-1-247x300.png,so-clean-filter-kit-1-247x300.png,https://advanceddmesupplies.com/product/so-clean-filter-kits/
So Clean Adapter,CPAP BIPAP VPAPS VENTILATORS,,images/CPAP BIPAP VPAPS VENTILATORS/so-clean-filter-kit-247x300.png,so-clean-filter-kit-247x300.png,https://advanceddmesupplies.com/product/so-clean-adapter-2/
So Clean Adapter,CPAP BIPAP VPAPS VENTILATORS,,images/CPAP BIPAP VPAPS VENTILATORS/so-clean-adapters-247x300.png,so-clean-adapters-247x300.png,https://advanceddmesupplies.com/product/so-clean-adapter/
Resmed Cpap/Bipap Humidifier,CPAP BIPAP VPAPS VENTILATORS,,images/CPAP BIPAP VPAPS VENTILATORS/resmed-cpap-bipap-247x300.png,resmed-cpap-bipap-247x300.png,https://advanceddmesupplies.com/product/resmed-cpap-bipap-humidifier/
Resmed AUTO S9 VPAP AVPAP COPD,CPAP BIPAP VPAPS VENTILATORS,"Resmed AUTO S9 VPAP AVPAP COPD is the first and only home bilevel device specifically designed and FDA cleared for the treatment of COPD. Derived from our most advanced bilevel device—the S9™ VPAP ST-A—VPAP COPD makes features such as alarms, pressures up to 30 cm H2O, and specific clearance to treat respiratory insufficiency available for the first time in a non-backup device.",images/CPAP BIPAP VPAPS VENTILATORS/resmed-auto-s9-vpap.png,resmed-auto-s9-vpap.png,https://advanceddmesupplies.com/product/resmed-auto-s9-vpap-avpap-copd/
AirCurve 10 ST-A BiLevel Machine,AIRCURVE 10 ST A BILEVEL,"The AirCurve 10 ST-A BiLevel Machine provides effective non-invasive ventilation for patients with respiratory insufficiency such as neuromuscular disease, restrictive lung disorders, COPD, and hypoventilation.",images/AIRCURVE 10 ST A BILEVEL/airsense-10-bilevel-247x300.png,airsense-10-bilevel-247x300.png,https://advanceddmesupplies.com/product/aircurve-10-st-a-bilevel-machine/
AirCurve™ 10 S with HumidAir™ and ClimateLineAir™ Tube,AIRCURVE 10 S WITH HUMIDAIR AND CLIMATELINEAIR TUBE,Ideal for non-compliant CPAP patients. Air curve S is a fixed pressure bilevel with humidifier and wireless communication.,images/AIRCURVE 10 S WITH HUMIDAIR AND CLIMATELINEAIR TUBE/aircurve-10-humidifier-300x200.png,aircurve-10-humidifier-300x200.png,https://advanceddmesupplies.com/product/aircurve-10-s-with-humidair-and-climatelineair-tube/
Resmed AirCurve™ 10 VAuto,CPAP BIPAP VPAPS VENTILATORS,The Resmed AirCurve™ 10 VAuto is an auto-adjusting bilevel machine that uses the comfort of both the AutoSet™ algorithm and Easy-Breathe waveform in its VAuto algorithm to treat obstructive sleep apnea patients who can benefit from greater pressure support.,images/CPAP BIPAP VPAPS VENTILATORS/aircurve-10-247x300.png,aircurve-10-247x300.png,https://advanceddmesupplies.com/product/resmed-aircurve-10-vauto/
AirSense 10 CPAP with HumidAir,AIRSENSE 10 CPAP WITH HUMIDAIR,"Basic fixed pressure with integrated humidifier and wireless communication. Provides usage compliance, AHI, and leak data reporting as well as remote diagnostic information in airview.",images/AIRSENSE 10 CPAP WITH HUMIDAIR/airsense-10-247x300.png,airsense-10-247x300.png,https://advanceddmesupplies.com/product/airsense-10-cpap-with-humidair/
Dream Station Go,CPAP BIPAP VPAPS VENTILATORS,"Compact, lightweight, and slim enough to pack in a carry-on flight bag or briefcase. Includes PAP, Power cord, and 12mm micro-flex tubing (w/universal mask adaptor). Standard integrated Bluetooth.",images/CPAP BIPAP VPAPS VENTILATORS/dreamstation-go-light-247x300.png,dreamstation-go-light-247x300.png,https://advanceddmesupplies.com/product/dream-station-go/
Dream Station Go with Heated Humidifier,CPAP BIPAP VPAPS VENTILATORS,"Compact, lightweight, and portable. Includes PAP, Heated Humidifier, Power cord, and 12mm micro-flex tubing (w/ universal mask adaptor). Heated humidifier designed to use tap, bottled, or distilled water. Standard integrated Bluetooth.",images/CPAP BIPAP VPAPS VENTILATORS/dreamstation-go-247x300.png,dreamstation-go-247x300.png,https://advanceddmesupplies.com/product/dream-station-go-with-heated-humidifier/
Leg Bags,CATHETERS,,images/CATHETERS/image-2020-08-02T185209.148.png,image-2020-08-02T185209.148.png,https://advanceddmesupplies.com/product/leg-bags/
Catheter Lubricant,CATHETER LUBRICANT,,images/CATHETER LUBRICANT/image-2020-08-02T185207.889-247x300.png,image-2020-08-02T185207.889-247x300.png,https://advanceddmesupplies.com/product/catheter-lubricant/
Catheter Tray Kit,CATHETER TRAY KIT,,images/CATHETER TRAY KIT/image-2020-08-02T185206.979.png,image-2020-08-02T185206.979.png,https://advanceddmesupplies.com/product/catheter-tray-kit/
Male and Female Hydrophilic Straight Catheters,CATHETERS,,images/CATHETERS/image-2020-08-02T185205.815.png,image-2020-08-02T185205.815.png,https://advanceddmesupplies.com/product/male-and-female-hydrophilic-straight-catheters/
Male and Female Coude Tip Straight Catheters,CATHETERS,,images/CATHETERS/image-2020-08-02T185202.620.png,image-2020-08-02T185202.620.png,https://advanceddmesupplies.com/product/male-and-female-coude-tip-straight-catheters/
Male and Female Coude Tip Foley Catheters,CATHETERS,,images/CATHETERS/image-2020-08-02T185200.984.png,image-2020-08-02T185200.984.png,https://advanceddmesupplies.com/product/male-and-female-coude-tip-foley-catheters/
Female Self Catheter,CATHETERS,,images/CATHETERS/image-2020-08-02T185159.401.png,image-2020-08-02T185159.401.png,https://advanceddmesupplies.com/product/female-self-catheter/
Male Self Catheter,CATHETERS,,images/CATHETERS/image-2020-08-02T185158.401.png,image-2020-08-02T185158.401.png,https://advanceddmesupplies.com/product/male-self-catheter/
Condom Catheter,CATHETERS,,images/CATHETERS/image-2020-08-02T185155.728.png,image-2020-08-02T185155.728.png,https://advanceddmesupplies.com/product/condom-catheter/
Cavilon No Sting Barrier Film,CAVILON NO STING BARRIER FILM,,images/CAVILON NO STING BARRIER FILM/0802-adhesive-paste.png,0802-adhesive-paste.png,https://advanceddmesupplies.com/product/cavilon-no-sting-barrier-film/
Stomahesive Protective Powder,OSTOMY SUPPLIES,,images/OSTOMY SUPPLIES/0802-stomahesive.png,0802-stomahesive.png,https://advanceddmesupplies.com/product/stomahesive-protective-powder/
ConvaTec Stoma Paste,OSTOMY SUPPLIES,,images/OSTOMY SUPPLIES/0802-stoma.png,0802-stoma.png,https://advanceddmesupplies.com/product/convatec-stoma-paste/
Securi-T Stoma Paste,OSTOMY SUPPLIES,,images/OSTOMY SUPPLIES/0802-paste.png,0802-paste.png,https://advanceddmesupplies.com/product/securi-t-stoma-paste/
Adapt Stoma Lubricant,OSTOMY SUPPLIES,,images/OSTOMY SUPPLIES/0802-adapt.png,0802-adapt.png,https://advanceddmesupplies.com/product/adapt-stoma-lubricant/
Adapt Stoma Paste,OSTOMY SUPPLIES,,images/OSTOMY SUPPLIES/0802-adapt-paste.png,0802-adapt-paste.png,https://advanceddmesupplies.com/product/adapt-stoma-paste/
SECURI-T®USA Ostomy Adhesive Removal Wipes,OSTOMY ADHESIVE REMOVAL WIPES,,images/OSTOMY ADHESIVE REMOVAL WIPES/0802-adhesive.png,0802-adhesive.png,https://advanceddmesupplies.com/product/securi-tusa-ostomy-adhesive-removal-wipes/
Coloplast Ostomy Adhesive Removal Wipes,OSTOMY ADHESIVE REMOVAL WIPES,,images/OSTOMY ADHESIVE REMOVAL WIPES/0802-coloplast-wipes.png,0802-coloplast-wipes.png,https://advanceddmesupplies.com/product/coloplast-ostomy-adhesive-removal-wipes/
Safe n Simple Ostomy Adhesive Removal Wipes,OSTOMY ADHESIVE REMOVAL WIPES,,images/OSTOMY ADHESIVE REMOVAL WIPES/0802-safe-and-simple.png,0802-safe-and-simple.png,https://advanceddmesupplies.com/product/safe-n-simple-ostomy-adhesive-removal-wipes/
Ostomy Skin Barrier Strips,OSTOMY SKIN BARRIER STRIPS,,images/OSTOMY SKIN BARRIER STRIPS/skin-barrier-2.png,skin-barrier-2.png,https://advanceddmesupplies.com/product/ostomy-skin-barrier-strips/
Stomahesive Skin Barriers/Wafer,OSTOMY SUPPLIES,,images/OSTOMY SUPPLIES/stoma-01.png,stoma-01.png,https://advanceddmesupplies.com/product/stomahesive-skin-barriers-wafer/
Hollister Two Piece Drainage Pouch,HOLLISTER TWO PIECE DRAINAGE POUCH,,images/HOLLISTER TWO PIECE DRAINAGE POUCH/hollister-3.png,hollister-3.png,https://advanceddmesupplies.com/product/hollister-two-piece-drainage-pouch/
Hollister One Piece Ostomy Drainage Pouch,HOLLISTER ONE PIECE OSTOMY DRAINAGE POUCH,,images/HOLLISTER ONE PIECE OSTOMY DRAINAGE POUCH/hollister-1-247x300.png,hollister-1-247x300.png,https://advanceddmesupplies.com/product/hollister-one-piece-ostomy-drainage-pouch/
Genairex Securi-T Two-Piece Drainage Pouch,GENAIREX SECURI T TWO PIECE DRAINAGE POUCH,,images/GENAIREX SECURI T TWO PIECE DRAINAGE POUCH/genairex-1.png,genairex-1.png,https://advanceddmesupplies.com/product/genairex-securi-t-two-piece-drainage-pouch/
Genairex Securi-T One-Piece Drainage Pouch,GENAIREX SECURI T ONE PIECE DRAINAGE POUCH,,images/GENAIREX SECURI T ONE PIECE DRAINAGE POUCH/Outlook-450ryzm5-247x300.png,Outlook-450ryzm5-247x300.png,https://advanceddmesupplies.com/product/genairex-securi-t-one-piece-drainage-pouch/
Convatec Two Piece Drainage Pouches,CONVATEC TWO PIECE DRAINAGE POUCHES,,images/CONVATEC TWO PIECE DRAINAGE POUCHES/0802-convatec-3.png,0802-convatec-3.png,https://advanceddmesupplies.com/product/convatec-two-piece-drainage-pouches/
Convatec ActiveLife One-Piece Drainage Pouch,CONVATEC ACTIVELIFE ONE PIECE DRAINAGE POUCH,,images/CONVATEC ACTIVELIFE ONE PIECE DRAINAGE POUCH/0802-convatec-01-247x300.png,0802-convatec-01-247x300.png,https://advanceddmesupplies.com/product/convatec-activelife-one-piece-drainage-pouch/
24 Hr Urine Collection Container,24 HR URINE COLLECTION CONTAINER,,images/24 HR URINE COLLECTION CONTAINER/image-2020-08-02T185240.599-247x300.png,image-2020-08-02T185240.599-247x300.png,https://advanceddmesupplies.com/product/24-hr-urine-collection-container/
Bed Side Urine Bag,BED SIDE URINE BAG,,images/BED SIDE URINE BAG/bed-side-urine-bag-247x300.png,bed-side-urine-bag-247x300.png,https://advanceddmesupplies.com/product/bed-side-urine-bag/
Female Urinal,CATHETERS,,images/CATHETERS/female-urinal-1-247x300.jpg,female-urinal-1-247x300.jpg,https://advanceddmesupplies.com/product/female-urinal/
Male Urinal,CATHETERS,,images/CATHETERS/male-urinal-1-247x300.jpg,male-urinal-1-247x300.jpg,https://advanceddmesupplies.com/product/male-urinal/
"Kangaroo Gravity Feeding Bag, Large Bore, 1000 ml, 30/cs",ENTERAL NUTRITION,,images/ENTERAL NUTRITION/0801-kang-3-247x300.png,0801-kang-3-247x300.png,https://advanceddmesupplies.com/product/kangaroo-gravity-feeding-bag-large-bore-1000-ml-30-cs/
Medline EntraFlo Feeding Sets,ENTERAL NUTRITION,,images/ENTERAL NUTRITION/0801-med-1-247x300.png,0801-med-1-247x300.png,https://advanceddmesupplies.com/product/medline-entraflo-feeding-sets/
Kangaroo Feeding Sets for ePump 1000 mL Feed Set with Flush Set – Non-Sterile,ENTERAL NUTRITION,,images/ENTERAL NUTRITION/0801-knag-2-247x300.png,0801-knag-2-247x300.png,https://advanceddmesupplies.com/product/kangaroo-feeding-sets-for-epump-1000-ml-feed-set-with-flush-set-non-sterile/
Kangaroo Enteral Gravity Feeding Bags 1000mL Non Sterile,ENTERAL NUTRITION,,images/ENTERAL NUTRITION/0801-kang-1-247x300.png,0801-kang-1-247x300.png,https://advanceddmesupplies.com/product/kangaroo-enteral-gravity-feeding-bags-1000ml-non-sterile/
Swab Sticks,SWABSTICKS,,images/SWABSTICKS/0801-swab-sticks-green.png,0801-swab-sticks-green.png,https://advanceddmesupplies.com/product/swab-sticks/
Cold Packs,ORTHOPEDICS,,images/ORTHOPEDICS/image-2020-08-02T150606.792-247x300.png,image-2020-08-02T150606.792-247x300.png,https://advanceddmesupplies.com/product/cold-packs/
Transfer Bench With Commode,BATH SAFETY,,images/BATH SAFETY/image-2020-08-02T150506.335-247x300.png,image-2020-08-02T150506.335-247x300.png,https://advanceddmesupplies.com/product/transfer-bench-with-commode/
Cock Up Splints,COCK UP SPLINTS,,images/COCK UP SPLINTS/0801-arm.png,0801-arm.png,https://advanceddmesupplies.com/product/cock-up-splints/
Sani Pant Waterproof Underwear,INCONTINENCE,,images/INCONTINENCE/0801-sanipant.png,0801-sanipant.png,https://advanceddmesupplies.com/product/sani-pant-waterproof-underwear/
Patient Hospital Gown,PATIENT HOSPITAL GOWN,,images/PATIENT HOSPITAL GOWN/patient-gown-247x300.jpg,patient-gown-247x300.jpg,https://advanceddmesupplies.com/product/patient-hospital-gown/
Lab Coats,LAB COATS,,images/LAB COATS/0801-lab-coat.png,0801-lab-coat.png,https://advanceddmesupplies.com/product/lab-coats/
Waterproof Mattress Protector,BED AND MATTRESS,,images/BED AND MATTRESS/0801-claritin-mattress.png,0801-claritin-mattress.png,https://advanceddmesupplies.com/product/waterproof-mattress-protector/
Pediatric Arm Sling,ORTHOPEDICS,,images/ORTHOPEDICS/0801-cast.png,0801-cast.png,https://advanceddmesupplies.com/product/pediatric-arm-sling/
Ankle Stirrup Splint,ANKLE STIRRUP SPLINT,,images/ANKLE STIRRUP SPLINT/0801-heel.png,0801-heel.png,https://advanceddmesupplies.com/product/ankle-stirrup-splint/
Elbow Immobilizer,ELBOW IMMOBILIZER,,images/ELBOW IMMOBILIZER/0801-sling.png,0801-sling.png,https://advanceddmesupplies.com/product/elbow-immobilizer/
Dorsal Night Splint,DORSAL NIGHT SPLINT,,images/DORSAL NIGHT SPLINT/0801-leg.png,0801-leg.png,https://advanceddmesupplies.com/product/dorsal-night-splint/
Ice Bag,ICE BAG,,images/ICE BAG/0801-cold-pack.png,0801-cold-pack.png,https://advanceddmesupplies.com/product/ice-bag/
Bath Sponge,BATH SAFETY,,images/BATH SAFETY/0801-steel.png,0801-steel.png,https://advanceddmesupplies.com/product/bath-sponge/
Single String Pull Back Support,ORTHOPEDICS,,images/ORTHOPEDICS/0801-pullback.png,0801-pullback.png,https://advanceddmesupplies.com/product/single-string-pull-back-support/
Clavicle Support,CLAVICLE SUPPORT,,images/CLAVICLE SUPPORT/0801-clavicle.png,0801-clavicle.png,https://advanceddmesupplies.com/product/clavicle-support/
Pediatric Cervical Collars,ORTHOPEDICS,,images/ORTHOPEDICS/0801-pediatric.png,0801-pediatric.png,https://advanceddmesupplies.com/product/pediatric-cervical-collars-2/
Pediatric Cervical Collars,ORTHOPEDICS,,images/ORTHOPEDICS/0801-pediatric-2.png,0801-pediatric-2.png,https://advanceddmesupplies.com/product/pediatric-cervical-collars/
Rib Belt,ORTHOPEDICS,,images/ORTHOPEDICS/0801-rib-belt.png,0801-rib-belt.png,https://advanceddmesupplies.com/product/rib-belt-2/
Knee Sleeve,KNEE SLEEVE,,images/KNEE SLEEVE/0801-knee-sleeve.png,0801-knee-sleeve.png,https://advanceddmesupplies.com/product/knee-sleeve/
Ankle Sleeve,ANKLE SLEEVE,,images/ANKLE SLEEVE/0801-ankle-sleeve.png,0801-ankle-sleeve.png,https://advanceddmesupplies.com/product/ankle-sleeve/
Range of Motion Knee Brace,ORTHOPEDICS,,images/ORTHOPEDICS/0801-range-of-motion.png,0801-range-of-motion.png,https://advanceddmesupplies.com/product/range-of-motion-knee-brace/
Trigger Point Massager,ORTHOPEDICS,,images/ORTHOPEDICS/0801-trigger-point.png,0801-trigger-point.png,https://advanceddmesupplies.com/product/trigger-point-massager/
Heating Pad,HEATING PAD,,images/HEATING PAD/0801-heating-pad.png,0801-heating-pad.png,https://advanceddmesupplies.com/product/heating-pad/
Wrist Sleeve,ORTHOPEDICS,,images/ORTHOPEDICS/0801-wrist-sleeve.png,0801-wrist-sleeve.png,https://advanceddmesupplies.com/product/wrist-sleeve/
Bunion Sleeves,BUNION SLEEVES,,images/BUNION SLEEVES/0801-bunion-sleeves.png,0801-bunion-sleeves.png,https://advanceddmesupplies.com/product/bunion-sleeves/
Sinus Pack,ORTHOPEDICS,,images/ORTHOPEDICS/0801-sinus-pack.png,0801-sinus-pack.png,https://advanceddmesupplies.com/product/sinus-pack/
Hand Web Exerciser,HAND WEB EXERCISER,,images/HAND WEB EXERCISER/0801-web-hand-exerciser.png,0801-web-hand-exerciser.png,https://advanceddmesupplies.com/product/hand-web-exerciser/
Therapeutic Bands,ORTHOPEDICS,,images/ORTHOPEDICS/0801-therapeutic-bands.png,0801-therapeutic-bands.png,https://advanceddmesupplies.com/product/therapeutic-bands/
Hand Putty,HAND PUTTY,,images/HAND PUTTY/0801-hand-putty.png,0801-hand-putty.png,https://advanceddmesupplies.com/product/hand-putty/
Shower Shield Protector,SHOWER SHIELD PROTECTOR,,images/SHOWER SHIELD PROTECTOR/0801-shower-shield-protector.png,0801-shower-shield-protector.png,https://advanceddmesupplies.com/product/shower-shield-protector/
Cane Tips,CANE TIPS,,images/CANE TIPS/0801-cane-tip.png,0801-cane-tip.png,https://advanceddmesupplies.com/product/cane-tips-2/
Cane Tips,CANE TIPS,,images/CANE TIPS/0801-cane-tips.png,0801-cane-tips.png,https://advanceddmesupplies.com/product/cane-tips/
Hand Held Shower Spray,BATH SAFETY,,images/BATH SAFETY/0801-hand-held-shower-spray-247x300.png,0801-hand-held-shower-spray-247x300.png,https://advanceddmesupplies.com/product/hand-held-shower-spray/
Iodoform Packing Strip,IODOFORM PACKING STRIP,,images/IODOFORM PACKING STRIP/0801-iodoform.png,0801-iodoform.png,https://advanceddmesupplies.com/product/iodoform-packing-strip/
Sacral Dressing,SACRAL DRESSING,,images/SACRAL DRESSING/0801-sacral-dressing.png,0801-sacral-dressing.png,https://advanceddmesupplies.com/product/sacral-dressing/
Antiseptic Towlettes,ANTISEPTIC TOWLETTES,,images/ANTISEPTIC TOWLETTES/0801-antiseptic-towlettes-247x300.png,0801-antiseptic-towlettes-247x300.png,https://advanceddmesupplies.com/product/antiseptic-towlettes/
TacAway Adhesive Removal Wipes,OSTOMY ADHESIVE REMOVAL WIPES,,images/OSTOMY ADHESIVE REMOVAL WIPES/0801-adhesive-removal-wipes.png,0801-adhesive-removal-wipes.png,https://advanceddmesupplies.com/product/adhesive-removal-wipes/
Swab Sticks,SWABSTICKS,,images/SWABSTICKS/0801-swab-sticks.png,0801-swab-sticks.png,https://advanceddmesupplies.com/product/swabsticks/
Surgical Tapes | MedFix,SURGICAL TAPES,,images/SURGICAL TAPES/0801-surgical-tape-2.png,0801-surgical-tape-2.png,https://advanceddmesupplies.com/product/surgical-tapes-medfix/
Surgical Tapes,SURGICAL TAPES,,images/SURGICAL TAPES/0801-surgical-tape.png,0801-surgical-tape.png,https://advanceddmesupplies.com/product/surgical-tapes/
Stretch Bandage,STRETCH BANDAGE,,images/STRETCH BANDAGE/stretch-bandage.png,stretch-bandage.png,https://advanceddmesupplies.com/product/stretch-bandage/
Sterile Water,STERILE WATER,,images/STERILE WATER/0801-sterile.png,0801-sterile.png,https://advanceddmesupplies.com/product/sterile-water/
Saline,SALINE,,images/SALINE/0801-saline.png,0801-saline.png,https://advanceddmesupplies.com/product/saline/
Hoyer Lift Batteries,HOYER LIFT,,images/HOYER LIFT/hoyer-lift-battery-247x300.jpg,hoyer-lift-battery-247x300.jpg,https://advanceddmesupplies.com/product/hoyer-lift-batteries/
Full Body Hoyer Sling With Commode Cut Out,FULL BODY HOYER SLING WITH COMMODE CUT OUT,,images/FULL BODY HOYER SLING WITH COMMODE CUT OUT/full-body-sling-commode.png,full-body-sling-commode.png,https://advanceddmesupplies.com/product/full-body-hoyer-sling-with-commode-cut-out/
Full Body Hoyer Sling,FULL BODY HOYER SLING,,images/FULL BODY HOYER SLING/full-body-swing-247x300.png,full-body-swing-247x300.png,https://advanceddmesupplies.com/product/full-body-hoyer-sling/
Hoyer Half Sling,HOYER HALF SLING,,images/HOYER HALF SLING/split-hoyer-sling-247x300.jpg,split-hoyer-sling-247x300.jpg,https://advanceddmesupplies.com/product/hoyer-half-sling/
Medline Hybrid Combo Transport Chair & Walker,HYBRID COMBO TRANSPORT CHAIR WALKER,,images/HYBRID COMBO TRANSPORT CHAIR WALKER/medline-transport-chair-combo-247x300.jpg,medline-transport-chair-combo-247x300.jpg,https://advanceddmesupplies.com/product/hybrid-combo-transport-chair-walker/
Lightweight Transport Chair,WHEELCHAIRS MANUAL,,images/WHEELCHAIRS MANUAL/transport-chair-247x300.jpeg,transport-chair-247x300.jpeg,https://advanceddmesupplies.com/product/lightweight-transport-chair/
Shower Stool,BATH SAFETY,,images/BATH SAFETY/shower-stool-1.png,shower-stool-1.png,https://advanceddmesupplies.com/product/shower-stool-2/
Shower Chair with Front Hygiene Cut Out,BATH SAFETY,,images/BATH SAFETY/shower-chair-front-hygeine-cut-out-247x300.png,shower-chair-front-hygeine-cut-out-247x300.png,https://advanceddmesupplies.com/product/shower-chair-with-front-hygiene-cut-out/
Heavy Duty Shower Chair with Back and Handles,BATH SAFETY,,images/BATH SAFETY/shower-chair-with-handles-247x300.jpg,shower-chair-with-handles-247x300.jpg,https://advanceddmesupplies.com/product/heavy-duty-shower-chair-with-back-and-handles/
Shower Stool,BATH SAFETY,,images/BATH SAFETY/shower-stoll.png,shower-stoll.png,https://advanceddmesupplies.com/product/shower-stool/
Shower Chair With Arm and Back,BATH SAFETY,,images/BATH SAFETY/shower-chair-with-back-and-arm-247x300.jpg,shower-chair-with-back-and-arm-247x300.jpg,https://advanceddmesupplies.com/product/shower-chair-with-arm-and-back/
Adult Briefs | Attends,ADULT BRIEFS,,images/ADULT BRIEFS/adult-briefs-3-247x300.png,adult-briefs-3-247x300.png,https://advanceddmesupplies.com/product/adult-briefs-attends-2/
Adult Briefs | McKesson,ADULT BRIEFS,,images/ADULT BRIEFS/adult-briefs-1-247x300.png,adult-briefs-1-247x300.png,https://advanceddmesupplies.com/product/adult-briefs-mckesson/
Adult Underwear | Attends,ADULT UNDERWEAR,,images/ADULT UNDERWEAR/adult-underwear-4-247x300.png,adult-underwear-4-247x300.png,https://advanceddmesupplies.com/product/adult-underwear-attends/
Prevail Adult Brief,ADULT UNDERWEAR,,images/ADULT UNDERWEAR/adult-underwear-3-247x300.png,adult-underwear-3-247x300.png,https://advanceddmesupplies.com/product/adult-underwear-prevail-2/
Adult Underwear | Prevail,ADULT UNDERWEAR,,images/ADULT UNDERWEAR/adult-underwear-2-247x300.png,adult-underwear-2-247x300.png,https://advanceddmesupplies.com/product/adult-underwear-prevail/
Adult Underwear,ADULT UNDERWEAR,,images/ADULT UNDERWEAR/adult-underwear-247x300.png,adult-underwear-247x300.png,https://advanceddmesupplies.com/product/adult-underwear/
Abri-form Adult Briefs,INCONTINENCE,,images/INCONTINENCE/adult-briefs-7-247x300.png,adult-briefs-7-247x300.png,https://advanceddmesupplies.com/product/adult-briefs-abriform/
Adult Briefs | AbriFlex,INCONTINENCE,,images/INCONTINENCE/adult-briefs-6-247x300.png,adult-briefs-6-247x300.png,https://advanceddmesupplies.com/product/adult-briefs-abriflex/
Adult Briefs | Attends,ADULT BRIEFS,,images/ADULT BRIEFS/adult-briefs-5-247x300.png,adult-briefs-5-247x300.png,https://advanceddmesupplies.com/product/adult-briefs-attends/
Liners | AbriForm,INCONTINENCE,,images/INCONTINENCE/liners-3-247x300.png,liners-3-247x300.png,https://advanceddmesupplies.com/product/liners-abriform/
Liners | Prevail,INCONTINENCE,,images/INCONTINENCE/liners-1-247x300.png,liners-1-247x300.png,https://advanceddmesupplies.com/product/liners-prevail/
Liners | Attends,INCONTINENCE,,images/INCONTINENCE/liners-2-247x300.png,liners-2-247x300.png,https://advanceddmesupplies.com/product/liners-attends/
Liners,INCONTINENCE,,images/INCONTINENCE/liners-4-247x300.png,liners-4-247x300.png,https://advanceddmesupplies.com/product/liners/
Washcloth,WASHCLOTH,,images/WASHCLOTH/washcloth-247x300.png,washcloth-247x300.png,https://advanceddmesupplies.com/product/washcloth/
Elevated Foot Rest,ELEVATED FOOT REST,,images/ELEVATED FOOT REST/elevated-foot-rest-247x300.png,elevated-foot-rest-247x300.png,https://advanceddmesupplies.com/product/elevated-foot-rest/
Swing Away Foot Rest,WHEELCHAIRS MANUAL,,images/WHEELCHAIRS MANUAL/foot-rest.png,foot-rest.png,https://advanceddmesupplies.com/product/swing-away-foot-rest/
Blood Sugar Test Strips,BLOOD SUGAR TEST STRIPS,,images/BLOOD SUGAR TEST STRIPS/glucose.png,glucose.png,https://advanceddmesupplies.com/product/blood-sugar-test-strips/
Lancets,DIAGNOSTICS,,images/DIAGNOSTICS/lancets-247x300.png,lancets-247x300.png,https://advanceddmesupplies.com/product/lancets/
Diabetic Shoes Men,DIABETIC SHOES,,images/DIABETIC SHOES/image-3-247x300.png,image-3-247x300.png,https://advanceddmesupplies.com/product/diabetic-shoe-men/
Bariatric Floor Stand Trapeze,BARIATRIC FLOOR STAND TRAPEZE HOSPITAL BEDS AND ACCESSORIES,,images/BARIATRIC FLOOR STAND TRAPEZE HOSPITAL BEDS AND ACCESSORIES/bariatric-floor-trapeze-247x300.jpg,bariatric-floor-trapeze-247x300.jpg,https://advanceddmesupplies.com/product/floor-stand-trapeze/
Bed Trapeze,BED AND MATTRESS,,images/BED AND MATTRESS/bed-trapeze-247x300.jpg,bed-trapeze-247x300.jpg,https://advanceddmesupplies.com/product/bed-trapeze/
Inner Spring Bed Mattress,BED AND MATTRESS,,images/BED AND MATTRESS/inner-bed-spring-mattress-247x300.png,inner-bed-spring-mattress-247x300.png,https://advanceddmesupplies.com/product/inner-spring-bed-mattress/
Gel Overlay Pad,BED AND MATTRESS,,images/BED AND MATTRESS/gel-overlay-pad.png,gel-overlay-pad.png,https://advanceddmesupplies.com/product/gel-overlay-pad/
Pressure Relief Therapeutic Mattress,BED AND MATTRESS,,images/BED AND MATTRESS/THERAPEUTIC-MATTRESS-247x300.jpg,THERAPEUTIC-MATTRESS-247x300.jpg,https://advanceddmesupplies.com/product/pressure-relief-therapeutic-mattress/
Toe off-loading post op Shoe,OFF LOADING SHOE,,images/OFF LOADING SHOE/off-loading-shoe-247x300.png,off-loading-shoe-247x300.png,https://advanceddmesupplies.com/product/off-loading-shoe/
Shoe Leveler,ORTHOPEDICS,,images/ORTHOPEDICS/shoe-leveler-247x300.png,shoe-leveler-247x300.png,https://advanceddmesupplies.com/product/shoe-leveler/
Blanket Lifter,BED AND MATTRESS,,images/BED AND MATTRESS/bed-lifter-247x300.png,bed-lifter-247x300.png,https://advanceddmesupplies.com/product/blanket-lifter/
Folding Canes,CANES AND CRUTCHES,,images/CANES AND CRUTCHES/folding-canes-247x300.png,folding-canes-247x300.png,https://advanceddmesupplies.com/product/folding-canes/
Seat Cane,CANES AND CRUTCHES,,images/CANES AND CRUTCHES/cane-seat-247x300.jpg,cane-seat-247x300.jpg,https://advanceddmesupplies.com/product/seat-cane/
Patient Stand Assist Frame,HOYER LIFT,,images/HOYER LIFT/MOB1043WHT-Transport-Stand-Assist-247x300.jpg,MOB1043WHT-Transport-Stand-Assist-247x300.jpg,https://advanceddmesupplies.com/product/patient-manual-standing-frame/
Tripod Cane,CANES AND CRUTCHES,,images/CANES AND CRUTCHES/tripod-247x300.jpg,tripod-247x300.jpg,https://advanceddmesupplies.com/product/quad-cane/
Straight Aluminum Cane,CANES AND CRUTCHES,,images/CANES AND CRUTCHES/cane-247x300.png,cane-247x300.png,https://advanceddmesupplies.com/product/straight-aluminum-cane/
Double Electric Breast Pump Kit Ameda® Mya,BREAST PUMPS,,images/BREAST PUMPS/ameda-maya-247x300.jpg,ameda-maya-247x300.jpg,https://advanceddmesupplies.com/product/double-electric-breast-pump-kit-ameda-mya/
Double Electric Breast Pump Kit Lansinoh® SignaturePro™,BREAST PUMPS,,images/BREAST PUMPS/Outlook-rpma00cf-247x300.png,Outlook-rpma00cf-247x300.png,https://advanceddmesupplies.com/product/double-electric-breast-pump-kit-lansinoh-signaturepro/
Double Electric Breast Pump Kit Evenflo® Advanced,BREAST PUMPS,"Lightweight and portable with a quiet “Hush” motor that allows for discreet pumping anywhere Independent speed and suction controls maximize your milk output Multiple flange sizes are included for a comfortable, more gentle pumping experience, and also more milk Unique angled flanges with a slouch free design that helps eliminate back and shoulder aches Controls are designed to help you have multiple milk releases (letdowns) and ensure you get the most milk out of each pumping session All Evenflo Feeding Advanced Breast Pumps have interchangeable parts to help simplify your pumping process",images/BREAST PUMPS/evenflo-247x300.png,evenflo-247x300.png,https://advanceddmesupplies.com/product/double-electric-breast-pump-kit-evenflo-advanced/
Alternating Pressure Mattress Pad,ALTERNATING PRESSURE MATTRESS PAD,,images/ALTERNATING PRESSURE MATTRESS PAD/bed-pad-247x300.jpg,bed-pad-247x300.jpg,https://advanceddmesupplies.com/product/alternating-pressure-mattress/
Female Trouser Stockings,FEMALE TROUSER STOCKINGS,,images/FEMALE TROUSER STOCKINGS/compression-her.png,compression-her.png,https://advanceddmesupplies.com/product/female-trouser-stockings/
Male Trouser Stockings,MALE TROUSER STOCKINGS,,images/MALE TROUSER STOCKINGS/compression-him.png,compression-him.png,https://advanceddmesupplies.com/product/male-trouser-stockings/
Panty Hose Compression Stockings,PANTY HOSE COMPRESSION STOCKINGS,,images/PANTY HOSE COMPRESSION STOCKINGS/compression-waist.png,compression-waist.png,https://advanceddmesupplies.com/product/panty-hose-compression-stockings/
"Knee High Compression Stockings (15-20 mmhg, 20-30 mmhg, 30-40 mmhg)",KNEE HIGH COMPRESSION STOCKINGS,,images/KNEE HIGH COMPRESSION STOCKINGS/compression-calf.png,compression-calf.png,https://advanceddmesupplies.com/product/knee-high-compression-stockings-15-20-mmhg-20-30-mmhg-30-40-mmhg/
"Thigh High Compression Stockings (15-20 mmhg, 20-30 mmhg, 30-40 mmhg)",STOCKINGS,,images/STOCKINGS/compression-thigh.png,compression-thigh.png,https://advanceddmesupplies.com/product/thigh-high-compression-stockings-15-20-mmhg-20-30-mmhg-30-40-mmhg/
Non-skid Socks,NON SKID SOCKS,,images/NON SKID SOCKS/sock.png,sock.png,https://advanceddmesupplies.com/product/non-skid-socks/
Hiking Cane,CANES AND CRUTCHES,,images/CANES AND CRUTCHES/hiking-cane-247x300.jpg,hiking-cane-247x300.jpg,https://advanceddmesupplies.com/product/hiking-cane/
Blind Walking Cane,BLIND WALKING CANE,,images/BLIND WALKING CANE/blind-cane-1-247x300.jpg,blind-cane-1-247x300.jpg,https://advanceddmesupplies.com/product/blind-walking-cane/
Foam Rollers,FOAM ROLLER,,images/FOAM ROLLER/foam-roll.png,foam-roll.png,https://advanceddmesupplies.com/product/foam-rollers/
Face Down Pillow,FACE DOWN PILLOW,,images/FACE DOWN PILLOW/face-pillow.png,face-pillow.png,https://advanceddmesupplies.com/product/face-down-pillow/
Travel Cervical Pillow,PILLOW AND CUSHIONS,,images/PILLOW AND CUSHIONS/neck-pillow.png,neck-pillow.png,https://advanceddmesupplies.com/product/travel-cervical-pillow/
Bow Tie Cervical Pillow,BOW TIE CERVICAL PILLOW,,images/BOW TIE CERVICAL PILLOW/pillow-cushion.png,pillow-cushion.png,https://advanceddmesupplies.com/product/bow-tie-cervical-pillow/
Cervical Pillow,CERVICAL PILLOW,,images/CERVICAL PILLOW/collar-cushion.png,collar-cushion.png,https://advanceddmesupplies.com/product/cervical-pillow/
Chair Back,CHAIR BACK,,images/CHAIR BACK/leg-cushion-2.png,leg-cushion-2.png,https://advanceddmesupplies.com/product/chair-back/
Leg Separator,LEG SEPARATOR PILLOW AND CUSHIONS,,images/LEG SEPARATOR PILLOW AND CUSHIONS/leg-cushion-1-247x300.png,leg-cushion-1-247x300.png,https://advanceddmesupplies.com/product/leg-separator-2/
Knee Wedge,KNEE WEDGE,,images/KNEE WEDGE/leg-cushion-247x300.png,leg-cushion-247x300.png,https://advanceddmesupplies.com/product/knee-wedge/
Breg PlasmaFlow and DVT prevention unit,BREG PLASMAFLOW AND DVT PREVENTION UNIT,Aid in the prevention of DVT Enhance blood circulation Diminish post-operative pain and swelling Reduce wound healing time,images/BREG PLASMAFLOW AND DVT PREVENTION UNIT/image-2020-07-21T102112.844-247x300.png,image-2020-07-21T102112.844-247x300.png,https://advanceddmesupplies.com/product/breg-plasmaflow-and-dvt-prevention-unit/
"4, 8, Chamber Garments",CHAMBER GARMENTS,,images/CHAMBER GARMENTS/image-2020-07-21T101803.188.png,image-2020-07-21T101803.188.png,https://advanceddmesupplies.com/product/4-8-chamber-garments/
VASCU-EASE Portable DVT System,LYMPHEDEMA AND COMPRESSION THERAPY,,images/LYMPHEDEMA AND COMPRESSION THERAPY/image-2020-07-21T101638.815.png,image-2020-07-21T101638.815.png,https://advanceddmesupplies.com/product/vascu-ease-portable-dvt-system/
Model SC-2008 Sequential Circulator,LYMPHEDEMA AND COMPRESSION THERAPY,"Model SC-2008-OC Sequential Circulator is an 8 chamber gradient, sequential, pneumatic compression device, intended for the primary secondary Lymphedema. The device is also used for the treatment of chronic venous stasis ulcers and associated venous insufficiency, as well as general treatment of swelling of the extremities. Intended for home or hospital use",images/LYMPHEDEMA AND COMPRESSION THERAPY/lymp-3.png,lymp-3.png,https://advanceddmesupplies.com/product/model-sc-2008-sequential-circulator/
Model SC-3004-DL Sequential Circulator,LYMPHEDEMA AND COMPRESSION THERAPY,"Model SC-3004-DL Sequential Circulator is a 4 chamber gradient, sequential, pneumatic compression device, intended for the primary or secondary Lymphedema. The device is additionally intended for alternate treatment of chronic venous stasis ulcers and associated venous insufficiency, as well as general treatment of swelling of the extremities. Intended for home or hospital use.",images/LYMPHEDEMA AND COMPRESSION THERAPY/lymp.png,lymp.png,https://advanceddmesupplies.com/product/model-sc-3004-dl-sequential-circulator/
Models SC-2004FC-OC Sequential Circulator,LYMPHEDEMA AND COMPRESSION THERAPY,"Model SC-2004FC-OC Sequential Circulator is a gradient, sequential, pneumatic compression device, intended for the primary or secondary Lymphedema. The device is also used for the treatment of chronic venous stasis ulcers and associated venous insufficiency, as well as general treatment of swelling of the extremities. Intended for home or hospital use.",images/LYMPHEDEMA AND COMPRESSION THERAPY/lymphedema-1.png,lymphedema-1.png,https://advanceddmesupplies.com/product/models-sc-2004fc-oc-sequential-circulator/
Portable Suction Machine with Rechargeable Batteries,PORTABLE SUCTION MACHINE WITH RECHARGEABLE BATTERIES,,images/PORTABLE SUCTION MACHINE WITH RECHARGEABLE BATTERIES/image-100-247x300.png,image-100-247x300.png,https://advanceddmesupplies.com/product/portable-suction-machine-with-rechargeable-batteries/
Bariatric Commode with Front Opening,BARIATRIC COMMODE WITH FRONT OPENING,,images/BARIATRIC COMMODE WITH FRONT OPENING/commode-with-front-opening-247x300.jpg,commode-with-front-opening-247x300.jpg,https://advanceddmesupplies.com/product/bariatric-commode-with-front-opening/
Rollator Basket,ROLLATOR BASKET,,images/ROLLATOR BASKET/image-96-247x300.png,image-96-247x300.png,https://advanceddmesupplies.com/product/rollator-basket/
Wheelchair Wheels Front,WHEELCHAIRS MANUAL,,images/WHEELCHAIRS MANUAL/image-98-1-247x300.png,image-98-1-247x300.png,https://advanceddmesupplies.com/product/wheelchair-wheels-front/
Wheelchair Wheels,WHEELCHAIRS MANUAL,,images/WHEELCHAIRS MANUAL/image-97-247x300.png,image-97-247x300.png,https://advanceddmesupplies.com/product/wheelchair-wheels/
Rollator Wheels,ROLLATOR WHEELS,,images/ROLLATOR WHEELS/image-99-247x300.png,image-99-247x300.png,https://advanceddmesupplies.com/product/rollator-wheels/
Rollator Bag,ROLLATOR BAG,,images/ROLLATOR BAG/rollator-bag-247x300.png,rollator-bag-247x300.png,https://advanceddmesupplies.com/product/rollator-bag-and-basket/
Rollator Brakes,ROLLATOR BRAKES,,images/ROLLATOR BRAKES/image-95-247x300.png,image-95-247x300.png,https://advanceddmesupplies.com/product/rollator-brakes/
Wheelchair Brakes,WHEELCHAIR BRAKES,,images/WHEELCHAIR BRAKES/wheelchair-brakes-247x300.png,wheelchair-brakes-247x300.png,https://advanceddmesupplies.com/product/wheelchair-brakes/
Brake Extensions,BRAKE EXTENSIONS,,images/BRAKE EXTENSIONS/brake-extensions-247x300.jpg,brake-extensions-247x300.jpg,https://advanceddmesupplies.com/product/brake-extensions/
Wheelchair Anti Tippers,WHEELCHAIRS MANUAL,,images/WHEELCHAIRS MANUAL/image-94-247x300.png,image-94-247x300.png,https://advanceddmesupplies.com/product/wheelchair-anti-tippers/
Arm Pads,ARM PADS,,images/ARM PADS/arm-pads-247x300.jpg,arm-pads-247x300.jpg,https://advanceddmesupplies.com/product/arm-pads/
Wheelchair Arm Support Tray,WHEELCHAIRS MANUAL,,images/WHEELCHAIRS MANUAL/image-77-247x300.png,image-77-247x300.png,https://advanceddmesupplies.com/product/wheelchair-arm-support-tray/
Shower Mats,BATH SAFETY,,images/BATH SAFETY/image-75-247x300.png,image-75-247x300.png,https://advanceddmesupplies.com/product/shower-mats/
Junior Rollator,JUNIOR ROLLATOR,,images/JUNIOR ROLLATOR/JUNIOR-ROLLATOR-247x300.jpeg,JUNIOR-ROLLATOR-247x300.jpeg,https://advanceddmesupplies.com/product/junior-rollator/
PVC Reclining Shower Chair,BATH SAFETY,,images/BATH SAFETY/image-73-247x300.png,image-73-247x300.png,https://advanceddmesupplies.com/product/pvc-reclining-shower-chair/
Raised Toilet Seat,RAISED TOILET SEAT,,images/RAISED TOILET SEAT/image-72-247x300.png,image-72-247x300.png,https://advanceddmesupplies.com/product/raised-toilet-seat/
Back Inversion Table,BACK INVERSION TABLE,,images/BACK INVERSION TABLE/Back-Inversion-Table-247x300.jpg,Back-Inversion-Table-247x300.jpg,https://advanceddmesupplies.com/product/back-inversion-table/
Air Cervical Traction Unit,AIR CERVICAL TRACTION UNIT,,images/AIR CERVICAL TRACTION UNIT/image-69-247x300.png,image-69-247x300.png,https://advanceddmesupplies.com/product/air-cervical-traction-unit/
Sheep Bed Pad,BED AND MATTRESS,,images/BED AND MATTRESS/image-67-247x300.png,image-67-247x300.png,https://advanceddmesupplies.com/product/sheep-bed-pad/
Flushing Syringe,ENTERAL NUTRITION,,images/ENTERAL NUTRITION/flush-syringe-247x300.jpg,flush-syringe-247x300.jpg,https://advanceddmesupplies.com/product/flushing-syringe/
Mic-key Extensions Feeding Tubes,ENTERAL NUTRITION,,images/ENTERAL NUTRITION/mic-key-247x300.jpg,mic-key-247x300.jpg,https://advanceddmesupplies.com/product/mic-key-extensions-feeding-tubes/
IV Pole,ENTERAL NUTRITION,,images/ENTERAL NUTRITION/image-63-247x300.png,image-63-247x300.png,https://advanceddmesupplies.com/product/iv-pole-2/
Feeding Bags,ENTERAL NUTRITION,,images/ENTERAL NUTRITION/image-62-247x300.png,image-62-247x300.png,https://advanceddmesupplies.com/product/feeding-bags/
Kangaroo Feeding Pump,ENTERAL NUTRITION,,images/ENTERAL NUTRITION/kangaroo-feeding-pump-247x300.jpg,kangaroo-feeding-pump-247x300.jpg,https://advanceddmesupplies.com/product/kangaroo-feeding-pump/
Peptamen Nutrition,ENTERAL NUTRITION,,images/ENTERAL NUTRITION/peptamen-1-5af-247x300.png,peptamen-1-5af-247x300.png,https://advanceddmesupplies.com/product/peptamen-nutrition/
Kate Farms Nutrition,ENTERAL NUTRITION,,images/ENTERAL NUTRITION/kate-farms-standard-10-247x300.jpg,kate-farms-standard-10-247x300.jpg,https://advanceddmesupplies.com/product/kate-farms-nutrition/
Glucerna Nutrition,GLUCERNA NUTRITION,,images/GLUCERNA NUTRITION/image-61-247x300.png,image-61-247x300.png,https://advanceddmesupplies.com/product/glucerna-nutrition/
Jevity Nutrition,ENTERAL NUTRITION,,images/ENTERAL NUTRITION/image-60-247x300.png,image-60-247x300.png,https://advanceddmesupplies.com/product/jevity-nutrition/
Boost Nutritional Drink,BOOST NUTRITIONAL DRINK,,images/BOOST NUTRITIONAL DRINK/image-59-247x300.png,image-59-247x300.png,https://advanceddmesupplies.com/product/boost-nutritional-drink/
Medela Double Electric Breast Pump,BREAST PUMPS,"STARTER KIT, BREAST PUMP 2PHASE W/BREAST SHIELD/BATTERY ADPT Designed for moms who pump several times a day, Medela’s breast pumps work more like breastfeeding babies to deliver the milk you need to provide for your baby even when you’re not there",images/BREAST PUMPS/Medela-Breast-Pump-57081-247x300.jpg,Medela-Breast-Pump-57081-247x300.jpg,https://advanceddmesupplies.com/product/medela-breast-pump/
Pure Expressions Double Electric Breast Pumps,BREAST PUMPS,"PUMP, BREAST DBL ELECTRIC PUREEXPRESSIONS DUAL CHANNEL LCD Display provides status of programs and functions Control suction and speed to suit your comfort level with a total of 28 pumping state options 2 phase expression; stimulation and expression mode Easy to assemble and clean; silent for discreet pumping Passive prevention of milk backflow Single or double pumping options",images/BREAST PUMPS/image-93-247x300.png,image-93-247x300.png,https://advanceddmesupplies.com/product/pure-extension-breast-pump/
Spectra S2 Double Electric Breast Pump,BREAST PUMPS,,images/BREAST PUMPS/spectra-s2-.-247x300.jpg,spectra-s2-.-247x300.jpg,https://advanceddmesupplies.com/product/spectra-s2-breast-pump/
Spectra S1 Double Electric Breast Pump,BREAST PUMPS,,images/BREAST PUMPS/spectra-s1.-247x300.jpg,spectra-s1.-247x300.jpg,https://advanceddmesupplies.com/product/spectra-s1-breast-pump/
Elbow Protector,ELBOW PROTECTOR,,images/ELBOW PROTECTOR/image-34-247x300.png,image-34-247x300.png,https://advanceddmesupplies.com/product/elbow-protector/
Tilting Bedside Table,PATIENT ROOM CARE,,images/PATIENT ROOM CARE/image-35-247x300.png,image-35-247x300.png,https://advanceddmesupplies.com/product/tilting-bedside-table/
Aspen Vista Cervical Collar,CERVICAL COLLAR,,images/CERVICAL COLLAR/image-37-247x300.png,image-37-247x300.png,https://advanceddmesupplies.com/product/aspen-vista-cervical-collar/
Cervical Collar,CERVICAL COLLAR,,images/CERVICAL COLLAR/cervical-collar-1-247x300.jpg,cervical-collar-1-247x300.jpg,https://advanceddmesupplies.com/product/cervical-collar/
Elbow Post Op Brace,ELBOW POST OP BRACE,,images/ELBOW POST OP BRACE/image-38.png,image-38.png,https://advanceddmesupplies.com/product/elbow-post-op-brace/
Aspen Back Brace Adjustable,ASPEN BACK BRACES,,images/ASPEN BACK BRACES/image-39-247x300.png,image-39-247x300.png,https://advanceddmesupplies.com/product/aspen-back-brace-adjustable/
Aspen Back Brace,ASPEN BACK BRACES,,images/ASPEN BACK BRACES/image-40-247x300.png,image-40-247x300.png,https://advanceddmesupplies.com/product/aspen-back-braces/
Diabetic Socks,STOCKINGS,,images/STOCKINGS/image-41-247x300.png,image-41-247x300.png,https://advanceddmesupplies.com/product/diabetic-socks-2/
Sock Aid,SOCK AID,,images/SOCK AID/image-42-247x300.png,image-42-247x300.png,https://advanceddmesupplies.com/product/sock-aid/
Wheelchair Laptop Cushion,WHEELCHAIRS MANUAL,,images/WHEELCHAIRS MANUAL/image-43-247x300.png,image-43-247x300.png,https://advanceddmesupplies.com/product/wheelchair-laptop-cushion/
Wheelchair Tray,WHEELCHAIRS MANUAL,,images/WHEELCHAIRS MANUAL/image-44-247x300.png,image-44-247x300.png,https://advanceddmesupplies.com/product/wheelchair-tray/
Wheelchair Alarm,WHEELCHAIRS MANUAL,,images/WHEELCHAIRS MANUAL/image-45-247x300.png,image-45-247x300.png,https://advanceddmesupplies.com/product/wheelchair-alarm/
Walker Wheels,WALKER WHEELS,,images/WALKER WHEELS/image-48.png,image-48.png,https://advanceddmesupplies.com/product/walker-wheels/
Cup Holder,CUP HOLDER,,images/CUP HOLDER/image-47-247x300.png,image-47-247x300.png,https://advanceddmesupplies.com/product/cup-holder/
Walker Skis,WALKER SKIS,,images/WALKER SKIS/image-50-247x300.png,image-50-247x300.png,https://advanceddmesupplies.com/product/walker-skis/
Crutch Protectors,CANES AND CRUTCHES,,images/CANES AND CRUTCHES/image-51-247x300.png,image-51-247x300.png,https://advanceddmesupplies.com/product/crutch-protectors/
Bed Alarm,BED ALARM,,images/BED ALARM/image-52-247x300.png,image-52-247x300.png,https://advanceddmesupplies.com/product/bed-alarm/
TENS Unit,PAIN MANAGEMENT,,images/PAIN MANAGEMENT/image-53-247x300.png,image-53-247x300.png,https://advanceddmesupplies.com/product/tens-unit/
Mattress Extension,MATTRESS EXTENSION,,images/MATTRESS EXTENSION/image-28-247x300.png,image-28-247x300.png,https://advanceddmesupplies.com/product/mattress-extension/
Hospital Bed Extension Kit,BED AND MATTRESS,,images/BED AND MATTRESS/image-29-247x300.png,image-29-247x300.png,https://advanceddmesupplies.com/product/hospital-bed-extension-kit/
Hip Kit,HIP KIT ORTHOPEDICS,,images/HIP KIT ORTHOPEDICS/image-54-247x300.png,image-54-247x300.png,https://advanceddmesupplies.com/product/hip-kit-2/
Bath Tub Lift Chair,BATH SAFETY,,images/BATH SAFETY/image-55-247x300.png,image-55-247x300.png,https://advanceddmesupplies.com/product/bath-tub-lift-chair/
Hospital Bed Full Electric,BED AND MATTRESS,,images/BED AND MATTRESS/image-57-247x300.png,image-57-247x300.png,https://advanceddmesupplies.com/product/hospital-bed-full-electric-3/
Hospital Bed Full Electric,BED AND MATTRESS,,images/BED AND MATTRESS/image-58-247x300.png,image-58-247x300.png,https://advanceddmesupplies.com/product/hospital-bed-full-electric/
Lightweight Wheelchair with Elevated Foot Rest,LIGHTWEIGHT WHEELCHAIR ELEVATED FOOT REST,"With a weight capacity of 300 pounds, a height-adjustable dual axle for hemi-height adjustment, and multi-position front caster forks, it is one of the more versatile wheelchairs on the market today.",images/LIGHTWEIGHT WHEELCHAIR ELEVATED FOOT REST/image-87-247x300.png,image-87-247x300.png,https://advanceddmesupplies.com/product/lightweight-wheelchair-with-elevated-foot-rest/
Walker Tray,WALKERS,,images/WALKERS/image-86-247x300.png,image-86-247x300.png,https://advanceddmesupplies.com/product/walker-tray-2/
Diabetic Insoles,DIABETIC INSOLES,,images/DIABETIC INSOLES/image-7-247x300.png,image-7-247x300.png,https://advanceddmesupplies.com/product/diabetic-insoles/
Diabetic Shoes Women,DIABETIC SHOES,,images/DIABETIC SHOES/image-4-247x300.png,image-4-247x300.png,https://advanceddmesupplies.com/product/diabetic-shoes-men-2/
Diabetic Shoes Women,DIABETIC SHOES,,images/DIABETIC SHOES/image-5-247x300.png,image-5-247x300.png,https://advanceddmesupplies.com/product/diabetic-shoes-women-2/
Diabetic Shoes Men,DIABETIC SHOES,,images/DIABETIC SHOES/image-2-247x300.png,image-2-247x300.png,https://advanceddmesupplies.com/product/diabetic-shoes-men/
Extra Heavy Duty Wheelchair,HEAVY DUTY WHEELCHAIR,Weight Capacity: 700lbs,images/HEAVY DUTY WHEELCHAIR/image-23-247x300.png,image-23-247x300.png,https://advanceddmesupplies.com/product/extra-heavy-duty-wheelchair/
Drop-Arm Bariatric Commode,COMMODES,,images/COMMODES/image-27-247x300.png,image-27-247x300.png,https://advanceddmesupplies.com/product/drop-arm-bariatric-commode/
All-Terrain Knee Scooter,ALL TERRAIN KNEE SCOOTER,,images/ALL TERRAIN KNEE SCOOTER/image-17-247x300.png,image-17-247x300.png,https://advanceddmesupplies.com/product/all-terrain-knee-scooter/
Heavy Duty Bariatric Rollator,HEAVY DUTY ROLLATOR,,images/HEAVY DUTY ROLLATOR/image-25-247x300.png,image-25-247x300.png,https://advanceddmesupplies.com/product/heavy-duty-rollator/
Commode Liners,COMMODE LINERS,,images/COMMODE LINERS/image-22-247x300.png,image-22-247x300.png,https://advanceddmesupplies.com/product/commode-liners/
Toilet Safety Frame,COMMODES,,images/COMMODES/image-21-247x300.png,image-21-247x300.png,https://advanceddmesupplies.com/product/toilet-safety-frame-2/
Bariatric Commode,BARIATRIC COMMODE,,images/BARIATRIC COMMODE/image-26-247x300.png,image-26-247x300.png,https://advanceddmesupplies.com/product/bariatric-commode/
Oral Thermometer,DIAGNOSTICS,,images/DIAGNOSTICS/oral-thermometer-247x300.png,oral-thermometer-247x300.png,https://advanceddmesupplies.com/product/oral-thermometer/
Non-Contact Thermometer,DIAGNOSTICS,,images/DIAGNOSTICS/image-18-247x300.png,image-18-247x300.png,https://advanceddmesupplies.com/product/non-contact-thermometer/
Upper Arm Blood Pressure Monitor,DIAGNOSTICS,,images/DIAGNOSTICS/image-14-247x300.png,image-14-247x300.png,https://advanceddmesupplies.com/product/upper-arm-blood-pressure-monitor/
Blood Pressure Cuffs,BLOOD PRESSURE CUFFS,,images/BLOOD PRESSURE CUFFS/image-13-247x300.png,image-13-247x300.png,https://advanceddmesupplies.com/product/blood-pressure-cuffs/
Incentive Spirometer,DIAGNOSTICS,,images/DIAGNOSTICS/image-11-247x300.png,image-11-247x300.png,https://advanceddmesupplies.com/product/incentive-spirometer/
Diabetic Shoes Women,DIABETIC SHOES,,images/DIABETIC SHOES/image-6-247x300.png,image-6-247x300.png,https://advanceddmesupplies.com/product/diabetic-shoes-women/
Diabetic Shoes Men,DIABETIC SHOES,,images/DIABETIC SHOES/image-5-247x300.png,image-5-247x300.png,https://advanceddmesupplies.com/product/diabetic-shoes-men-women/
Sani Wipes,PPE,,images/PPE/image-10-247x300.png,image-10-247x300.png,https://advanceddmesupplies.com/product/sani-wipes/
Pulse Oximeter,DIAGNOSTICS,,images/DIAGNOSTICS/image-15-247x300.png,image-15-247x300.png,https://advanceddmesupplies.com/product/pulse-oximeter/
Home Bed Assist Rail with Adjustable Height,BED AND MATTRESS,,images/BED AND MATTRESS/home-bed-assist-rail.jpg,home-bed-assist-rail.jpg,https://advanceddmesupplies.com/product/home-bed-assist-rail-with-adjustable-height/
Folding Walker,FOLDING WALKER WALKERS,,images/FOLDING WALKER WALKERS/walker-247x300.png,walker-247x300.png,https://advanceddmesupplies.com/product/folding-walker/
Golden Companion (4-wheel) Full Size GC440,SCOOTER,,images/SCOOTER/2-13-247x300.png,2-13-247x300.png,https://advanceddmesupplies.com/product/golden-companion-gc440/
Protective Face Shields,FACE SHIELD,,images/FACE SHIELD/face-shield-247x300.jpg,face-shield-247x300.jpg,https://advanceddmesupplies.com/product/protective-face-shields/
Isolation Gowns,ISOLATION GOWNS,,images/ISOLATION GOWNS/disposable-isolation-gowns-247x300.jpg,disposable-isolation-gowns-247x300.jpg,https://advanceddmesupplies.com/product/isolation-gowns/
Disposable Bouffants – Head Covers,BOUFFANTS,,images/BOUFFANTS/disposable-bouffants-247x300.jpg,disposable-bouffants-247x300.jpg,https://advanceddmesupplies.com/product/disposable-bouffants-head-covers/
Shoe Covers,PPE,,images/PPE/shoe-covers-247x300.jpg,shoe-covers-247x300.jpg,https://advanceddmesupplies.com/product/shoe-covers/
Sanitizers,PPE,,images/PPE/dial-sanitizer-247x300.jpg,dial-sanitizer-247x300.jpg,https://advanceddmesupplies.com/product/sanitizers/
Alcohol Wipes,DISINFECTANT WIPES,,images/DISINFECTANT WIPES/pharmacgo-wipes-247x300.jpeg,pharmacgo-wipes-247x300.jpeg,https://advanceddmesupplies.com/product/alcohol-wipes/
DisInfectant Surface Wipes,DISINFECTANT WIPES,,images/DISINFECTANT WIPES/citrus-ii-wipes-247x300.jpg,citrus-ii-wipes-247x300.jpg,https://advanceddmesupplies.com/product/disinfectant-surface-wipes/
Washable Face Mask,MASKS,,images/MASKS/navy-blue-washable-face-mask-247x300.jpg,navy-blue-washable-face-mask-247x300.jpg,https://advanceddmesupplies.com/product/washable-face-mask/
KN95 Face Mask,MASKS,,images/MASKS/kn95-mask-247x300.jpg,kn95-mask-247x300.jpg,https://advanceddmesupplies.com/product/kn95-face-mask/
Surgical Masks,MASKS,,images/MASKS/surgical-mask-247x300.jpg,surgical-mask-247x300.jpg,https://advanceddmesupplies.com/product/surgical-masks/
Safety Goggles,GOGGLES,,images/GOGGLES/3m-Safety-goggles-247x300.jpg,3m-Safety-goggles-247x300.jpg,https://advanceddmesupplies.com/product/safety-goggles/
Protective Goggles,GOGGLES,,images/GOGGLES/chemical-goggles-247x300.jpg,chemical-goggles-247x300.jpg,https://advanceddmesupplies.com/product/chemical-goggles/
Vinyl Exam Gloves,GLOVES,,images/GLOVES/vinyl-gloves-247x300.jpg,vinyl-gloves-247x300.jpg,https://advanceddmesupplies.com/product/vinyl-gloves/
Nitrile Exam Gloves,GLOVES,,images/GLOVES/nitrile-gloves-1-247x300.jpg,nitrile-gloves-1-247x300.jpg,https://advanceddmesupplies.com/product/nitrile-gloves/
3ft Ramp,3FT RAMP,,images/3FT RAMP/3-ft-ramp-247x300.jpg,3-ft-ramp-247x300.jpg,https://advanceddmesupplies.com/product/3ft-ramp/
Threshold Ramp,RAMPS,,images/RAMPS/threshold-ramp-247x300.jpg,threshold-ramp-247x300.jpg,https://advanceddmesupplies.com/product/threshold-ramp/
Folding Ramp,FOLDING RAMP,,images/FOLDING RAMP/folding-ramp-1-247x300.jpg,folding-ramp-1-247x300.jpg,https://advanceddmesupplies.com/product/folding-ramp/
Jazzy 614HD,JAZZY 614HD,,images/JAZZY 614HD/jazzy-614-hd-candy-apple-red-247x300.jpg,jazzy-614-hd-candy-apple-red-247x300.jpg,https://advanceddmesupplies.com/product/jazzy-614hd/
Jazzy Elite ES Portable,JAZZY ELITE ES PORTABLE,Pride’s Portable Jazzy Elite ES power wheelchair with in-line technology provides stability and a tight turning radius. The high-back seat with headrest and larger footplate will keep you riding in comfort. The easy to maintain design and added Jazzy Armor makes this power chair reliable and more resistant to normal wear and tear than other power wheelchairs. The charging port is easily accessible on the controller. The total weight capacity is 300 lbs. FDA Class II Medical Device,images/JAZZY ELITE ES PORTABLE/jazzy-elite-es-portable-candy-apple-red-247x300.jpg,jazzy-elite-es-portable-candy-apple-red-247x300.jpg,https://advanceddmesupplies.com/product/jazzy-elite-es-portable/
Jazzy Go Chair,JAZZY GO CHAIR,,images/JAZZY GO CHAIR/go-chair-247x300.jpg,go-chair-247x300.jpg,https://advanceddmesupplies.com/product/jazzy-go-chair/
Jazzy Passport,JAZZY PASSPORT,,images/JAZZY PASSPORT/jazzy-passport-247x300.jpg,jazzy-passport-247x300.jpg,https://advanceddmesupplies.com/product/jazzy-passport/
Jazzy Air 2,JAZZY AIR 2,,images/JAZZY AIR 2/jazzy-air-2-sapphire-blue-247x300.jpg,jazzy-air-2-sapphire-blue-247x300.jpg,https://advanceddmesupplies.com/product/jazzy-air-2/
Fold-and-Go Walker,FOLD AND GO WALKER,,images/FOLD AND GO WALKER/Fold-and-Go-Walker-247x300.jpg,Fold-and-Go-Walker-247x300.jpg,https://advanceddmesupplies.com/product/fold-and-go-walker/
Roho Cushion,PILLOW AND CUSHIONS,,images/PILLOW AND CUSHIONS/roho-cushion-247x300.jpg,roho-cushion-247x300.jpg,https://advanceddmesupplies.com/product/roho-cushion/
Disposable Bed Pads,INCONTINENCE,,images/INCONTINENCE/disposable-pads-247x300.jpg,disposable-pads-247x300.jpg,https://advanceddmesupplies.com/product/disposable-bed-pads/
Sit-to-Stand Hoyer Lift,HOYER LIFT,,images/HOYER LIFT/sit-to-stand-hoyer-lift-247x300.jpg,sit-to-stand-hoyer-lift-247x300.jpg,https://advanceddmesupplies.com/product/sit-to-stand-hoyer-lift/
Bed Rails Full & Half,BED AND MATTRESS,,images/BED AND MATTRESS/invacare-hospital-bed-rails-1d8-247x300.jpg,invacare-hospital-bed-rails-1d8-247x300.jpg,https://advanceddmesupplies.com/product/bed-rails-full-half/
CPAP Filters Philips Respronics,CPAP BIPAP VPAPS VENTILATORS,,images/CPAP BIPAP VPAPS VENTILATORS/cpap-filter-300x300-247x300.jpg,cpap-filter-300x300-247x300.jpg,https://advanceddmesupplies.com/product/cpap-filters-philips-respronics/
CPAP Filter Dreamstation Respironics CPAP Machine,CPAP BIPAP VPAPS VENTILATORS,,images/CPAP BIPAP VPAPS VENTILATORS/respronics-filter-247x300.jpg,respronics-filter-247x300.jpg,https://advanceddmesupplies.com/product/cpap-filter-dreamstation-respironics-cpap-machine/
CPAP Mask Under The Nose by Philips Respironics,CPAP BIPAP VPAPS VENTILATORS,,images/CPAP BIPAP VPAPS VENTILATORS/dreamwear_cpap_mask_underthenose_0002_1-247x300.jpg,dreamwear_cpap_mask_underthenose_0002_1-247x300.jpg,https://advanceddmesupplies.com/product/cpap-mask-under-the-nose-by-philips-respironics/
CPAP Mask Full Face Dreamwear by Philips Respironics,CPAP BIPAP VPAPS VENTILATORS,,images/CPAP BIPAP VPAPS VENTILATORS/philips_respironics_dreamwear_cpap_mask_sistemmacpap_0001_6-247x300.jpg,philips_respironics_dreamwear_cpap_mask_sistemmacpap_0001_6-247x300.jpg,https://advanceddmesupplies.com/product/cpap-mask-full-face-dreamwear-by-philips-respironics/
CPAP Mask Nuance Nasal by Philips Respironics,CPAP BIPAP VPAPS VENTILATORS,,images/CPAP BIPAP VPAPS VENTILATORS/philips_respironics_nuance_cpap_mask_-_sistemmacpap_0003-247x300.jpg,philips_respironics_nuance_cpap_mask_-_sistemmacpap_0003-247x300.jpg,https://advanceddmesupplies.com/product/cpap-mask-respironics-nuance-nasal/
CPAP Mask Wisp Nasal by Philips Respironics,CPAP BIPAP VPAPS VENTILATORS,,images/CPAP BIPAP VPAPS VENTILATORS/wisp-92-247x300.jpg,wisp-92-247x300.jpg,https://advanceddmesupplies.com/product/cpap-mask-respironics-wisp-nasal/
Bed Pan,BED PAN,,images/BED PAN/bed-pan-alex-ortho-247x300.jpg,bed-pan-alex-ortho-247x300.jpg,https://advanceddmesupplies.com/product/bed-pan-2/
Hybrid 2 Transport Wheelchair Chairs,WHEELCHAIRS MANUAL,Combination wheelchair and transport chair. Comes with the transport wheels already attached to the chair. You simply remove the large wheel and stow until standard chair mode is required. 300 lb capacity.,images/WHEELCHAIRS MANUAL/medline-hybrid-2-transport-wheelchair-chairs-mds806250nh2-mds806250nh2-06250nh2.10-247x300.jpg,medline-hybrid-2-transport-wheelchair-chairs-mds806250nh2-mds806250nh2-06250nh2.10-247x300.jpg,https://advanceddmesupplies.com/product/hybrid-2-transport-wheelchair-chairs/
Breg Cothera VPULSE Cold Therapy DVT Device,PAIN MANAGEMENT,"The VPULSE is very similar to a regular cold therapy unit in that you fill the machine with ice and water but then adds compression and massage to the mix to help defeat deep vein thrombosis. Simply strap the leg pads to your calves and turn the machine on. It goes to work instantly to help increase blood flow to and from the legs. This device is the first of it’s the type to combine both DVT and Cold Therapy into one machine, forming one super-device capable of preventing a very dangerous disease. DVT claims the lives of up to 10% of those affected by it. Don’t be a victim – start using a VPULSE device today.",images/PAIN MANAGEMENT/breg-cothera-v-pulse-247x300.jpg,breg-cothera-v-pulse-247x300.jpg,https://advanceddmesupplies.com/product/breg-cothera-vpulse-cold-therapy-dvt-device/
Breg Cold Therapy Machine,PAIN MANAGEMENT,"Breg Polar Care Kodiak Cold Therapy System is the most convenient and versatile unit that effectively treats post-operative pain and swelling. Depending on the patient-specific protocol, with the addition of a little ice and water patients can enjoy 6 to 8 hours of effortless motorized cold therapy. Polar Care Kodiak Cold Therapy delivers ice water through circulation pads, specifically designed for different body parts that maximize the healing process.",images/PAIN MANAGEMENT/Kodiak-cold-therapy-withpad-247x300.png,Kodiak-cold-therapy-withpad-247x300.png,https://advanceddmesupplies.com/product/breg-cold-therapy-machine/
Anti-Embolism Stockings,ANTI EMBOLISM STOCKINGS,"Both men and women can benefit from our wide line of anti-embolism stockings and socks that deliver 18 mmHg of pressure to improve blood circulation, relieve pain, and energize the legs. From our thigh-high compression stockings to our open-toe knee-high stockings for men and women, we have something for anyone recovering from surgery or prone to prolonged bed rest orders. Find a way to get rid of your leg discomfort while you combat your circulation problems, and order your first pair of anti-embolism socks so that you can see just how much of a difference they make.",images/ANTI EMBOLISM STOCKINGS/Anti-embolism-stockings-247x300.jpeg,Anti-embolism-stockings-247x300.jpeg,https://advanceddmesupplies.com/product/anti-embolism-stockings/
Panty Hose,PANTY HOSE,Panty Hose 8 -15MMHG Panty Hose 15 – 20MMHG Panty Hose 20 – 30MMHG Panty Hose 30 – 40MMHG,images/PANTY HOSE/panty-Hose-247x300.jpg,panty-Hose-247x300.jpg,https://advanceddmesupplies.com/product/panty-hose/
Thigh High,STOCKINGS,Thigh High 8 -15MMHG Thigh High 15 – 20MMHG Thigh High 20 – 30MMHG Thigh High 30 – 40MMHG,images/STOCKINGS/Thigh-High--247x300.jpg,Thigh-High--247x300.jpg,https://advanceddmesupplies.com/product/thigh-high/
Stockings Knee High,STOCKINGS,Stockings Knee High 8 -15MMHG Stockings Knee High 15 – 20MMHG Stockings Knee High 20 – 30MMHG Stockings Knee High 30 – 40MMHG,images/STOCKINGS/Stockings-Knee-High-247x300.jpg,Stockings-Knee-High-247x300.jpg,https://advanceddmesupplies.com/product/stockings-knee-high/
Rehab Tilt-in Space Wheelchair,WHEELCHAIRS MANUAL,Rehab Tilt-in-Space – Adult : 18″ Wide Wheelchair Alum Tilt & Recline Wt Limit 250 lbs,images/WHEELCHAIRS MANUAL/dalton-medical-k518-247x300.jpg,dalton-medical-k518-247x300.jpg,https://advanceddmesupplies.com/product/rehab-tilt-in-space-wheelchair/
Powerchair/Scooter Batteries,SCOOTER,"If you rely on a powered wheelchair or personal mobility scooter to get around, we can help you find the perfect replacement battery to keep you moving.",images/SCOOTER/PowerchairScooter-Batteries-247x300.jpg,PowerchairScooter-Batteries-247x300.jpg,https://advanceddmesupplies.com/product/powerchair-scooter-batteries/
Home Oxygen Concentrator,HOME OXYGEN CONCENTRATOR RENTALS AND REPAIRS,,images/HOME OXYGEN CONCENTRATOR RENTALS AND REPAIRS/Home-Oxygen-Concentrator-247x300.jpg,Home-Oxygen-Concentrator-247x300.jpg,https://advanceddmesupplies.com/product/home-oxygen-concentrator/
Glucose Monitor,GLUCOSE MONITOR DIAGNOSTICS,Compact Design to Measure Your Glucose On-the-Go.,images/GLUCOSE MONITOR DIAGNOSTICS/Glucose-Monitor-247x300.jpg,Glucose-Monitor-247x300.jpg,https://advanceddmesupplies.com/product/glucose-monitor/
Stoma Skin Barrier,OSTOMY SUPPLIES,"Ostomy Skin Barriers — Ostomy Flanges, Coloplast Skin Barrier, ConvaTec Skin Barrier, Ostomy Skin Wafers",images/OSTOMY SUPPLIES/Stoma-Skin-Barrier-247x300.jpg,Stoma-Skin-Barrier-247x300.jpg,https://advanceddmesupplies.com/product/stoma-skin-barrier/
Ostomy Pouches,OSTOMY POUCHES OSTOMY SUPPLIES,Ostomy pouches are available in several styles,images/OSTOMY POUCHES OSTOMY SUPPLIES/Ostomy-Pouches-247x300.jpg,Ostomy-Pouches-247x300.jpg,https://advanceddmesupplies.com/product/ostomy-pouches/
Leg Bag,CATHETERS,Leg Bags with comfort strap and twist valve drainage port. These sturdy bags are latex-free and have a sterile fluid pathway.,images/CATHETERS/Leg-Bag-247x300.jpg,Leg-Bag-247x300.jpg,https://advanceddmesupplies.com/product/leg-bag/
Intermittent Straight Catheters,CATHETERS,Intermittent Self Catheter has a smooth tip for easy insertion and patient comfort. The staggered eyes allow for maximum urine flow and the funnel end provides ease of handling,images/CATHETERS/Intermittent-Catheters-247x300.jpg,Intermittent-Catheters-247x300.jpg,https://advanceddmesupplies.com/product/intermittent-catheters/
Catheter Foley Tray,CATHETER FOLEY TRAY,Pre-connected Foley tray specifically for simulation use Staining PVP swab sticks replaced by non-staining alcohol swab sticks to mimic aseptic technique 12 Fr or 14 Fr 100% silicone catheter for ease of use with manikins Not for patient use,images/CATHETER FOLEY TRAY/cathether-tray-247x300.jpg,cathether-tray-247x300.jpg,https://advanceddmesupplies.com/product/catheter-foley-tray/
Male External Catheters,CATHETERS,"External Catheters, also commonly referred to as condom catheters or male catheters, are used by men to treat urinary incontinence. This type of catheter consists of a flexible sheath that slides over the penis just like a condom.",images/CATHETERS/male-external-catheter-500x500-247x300.jpg,male-external-catheter-500x500-247x300.jpg,https://advanceddmesupplies.com/product/male-external-catheters/
Reusable Underpads,INCONTINENCE,"High quality, reusable, waterproof, personal care & hospital rated underpad",images/INCONTINENCE/Reusable-Underpads-247x300.png,Reusable-Underpads-247x300.png,https://advanceddmesupplies.com/product/reusable-underpads/
Portable Commode/Shower Chair,COMMODES,This lightweight portable shower chair commode with casters is packed with features to ensure a pleasant and comfortable bathing experience.,images/COMMODES/Portable-CommodeShower-Chair-247x300.jpg,Portable-CommodeShower-Chair-247x300.jpg,https://advanceddmesupplies.com/product/portable-commode-shower-chair/
Padded Toilet Seat w/ Cut Out,COMMODES,"Padded Toilet Seat Cushions with Cut-Out 2″ or 4″ high-density foam provides elevation, support and comfort. The supple Sure-Check vinyl cover provides antibacterial protection and is soft to the touch. Two hook & loop straps secure the cushion to the toilet seat. Cut-out front allows for easy transfer and personal cleaning. Standard seat 14″W x 16-1/2″D. Before elevated, opening 6-1/2″W x 12″D. Elongated seat 16″W x 19-1/2″D. Opening 9″W x 12″D. Weight capacity 300 lbs.",images/COMMODES/Padded-Toilet-Seat-w-Cut-Out-247x300.jpg,Padded-Toilet-Seat-w-Cut-Out-247x300.jpg,https://advanceddmesupplies.com/product/padded-toilet-seat-w-cut-out/
Drop Arm Commode,COMMODES,Arms swing out of the way for easier lateral transfers on and off the commode Transfers are easier for patients using a wheelchair Place near the bed with near arm down for patients transferring during the night Padded commode,images/COMMODES/drop-arm-commode-247x300.jpg,drop-arm-commode-247x300.jpg,https://advanceddmesupplies.com/product/drop-arm-commode/
Vinyl Bed Rail Pads,BED AND MATTRESS,Provide added protection with cushioning that covers top and resident side of bed rails Pads extend between and below the mattress and bed rails,images/BED AND MATTRESS/Vinyl-Bed-rail-247x300.jpeg,Vinyl-Bed-rail-247x300.jpeg,https://advanceddmesupplies.com/product/vinyl-bed-rail-pads/
Geo Mattress,BED AND MATTRESS,Specifically designed for the needs of the at-home patient at risk for skin breakdown.,images/BED AND MATTRESS/Geo-Mattress-247x300.png,Geo-Mattress-247x300.png,https://advanceddmesupplies.com/product/geo-mattress/
Clinical Care Geri Chair Recliners,BATH SAFETY,"This clinical care Geri chair recliner is ideal for use in dialysis, blood collection, respiratory and cardiac care. It shifts into four positions: upright, TV, full recline and Trendelenburg. Both recline and Trendelenburg positions are controlled by a gas cylinder and can only be attained by an attendant and a convenient release handle can be operated from either side of the recliner. The product includes a large, blow-molded tray that includes a recess for a cup.",images/BATH SAFETY/3-position-geri-chair-recliner-c5e-247x300.jpg,3-position-geri-chair-recliner-c5e-247x300.jpg,https://advanceddmesupplies.com/product/clinical-care-geri-chair-recliners/
Padded Transfer Bench,BATH SAFETY,"Featuring a comfortable cushioned seat and sturdy backrest, this lightweight aluminum transfer bench by Drive Medical is both comfortable and versatile. With unique “Dual Column” extension legs, you can adjust the height in 1/2″ increments and the seat back adjusts without tools. The bench comes with a new “A” frame design composed of 1″ aluminum frame that is light, sturdy and corrosion resistant. Extra suction cups provide additional stability and tool-free assembly will make you’re life even easier.",images/BATH SAFETY/padded-transfer-bench-1-247x300.jpg,padded-transfer-bench-1-247x300.jpg,https://advanceddmesupplies.com/product/padded-transfer-bench/
Folding Bath/Shower,BATH SAFETY,"For bathing comfort and support. Features include a con-toured blow-molded seat and backrest, 1 anodized aluminum frame, fixed-height legs, and hand-held shower holders. Ergonomically positioned drain holes allow consistent drainage.",images/BATH SAFETY/Folding-Bath-Shower.jpeg,Folding-Bath-Shower.jpeg,https://advanceddmesupplies.com/product/folding-bath-shower/
PVC Shower Chair,BATH SAFETY,"The PVC Knockdown Shower Chair is easy to assemble and breaks-down for transport. No tools required. The shower chair is constructed with the highest quality health care grade PVC. Deluxe elongated extra heavy-duty, contoured open front seat. Curved arms provide support without exposed sharp edges and include anti-slip handgrips for added safety.",images/BATH SAFETY/PVC-Shower-Chair.jpg,PVC-Shower-Chair.jpg,https://advanceddmesupplies.com/product/pvc-shower-chair/
Golden Buzz Around 3 Wheel Scooter,GOLDEN BUZZ AROUND 3 WHEEL SCOOTER,"Offering tight indoor maneuverability, smooth outdoor performance, and a stylish modern design Golden’s popular compact Buzzaround scooter was made for you.",images/GOLDEN BUZZ AROUND 3 WHEEL SCOOTER/buzz-around-247x300.jpg,buzz-around-247x300.jpg,https://advanceddmesupplies.com/product/golden-buzz-around-3-wheel-scooter/
Golden Companion 3 Wheel Scooter,GOLDEN COMPANION 3 WHEEL SCOOTER,"The Companion GC340 scooter offers more legroom and foot room with a wider front deck and a stylish new design. New features include easy disassembly; an adjustable LED headlight; an ergonomic control panel design with a backlit battery gauge display; a wraparound Delta tiller for easy steering; and an optional power-elevating seat. With a weight capacity of 400 lbs., a maximum speed of 4.5 mph and a range of 16.5 miles, the Companion GC340 is the ultimate value in a full-time portable scooter. 40AH battery upgrade pack available!",images/GOLDEN COMPANION 3 WHEEL SCOOTER/Golden-Companion-3-Wheel-Scooter-.jpeg,Golden-Companion-3-Wheel-Scooter-.jpeg,https://advanceddmesupplies.com/product/golden-companion-3-wheel-scooter/
Golden Companion 4 Wheel Scooter,GOLDEN COMPANION 4 WHEEL SCOOTER,"The Companion GC440 four-wheel scooter offers the most legroom and foot room in its class with a modern, rugged design. With 10-inch tires on the front and rear, it cruises the outdoors and takes obstacles in stride. Features include easy disassembly; an adjustable LED headlight; an ergonomic control panel design with a backlit battery gauge display; and a wraparound Delta tiller for easy steering. With a weight capacity of 400 lbs., a maximum speed of 4.5 mph and a range of 15 miles, the Companion GC440 is rugged, dependable and an outstanding value for a full-time, four-wheel scooter. 40AH battery upgrade pack available!",images/GOLDEN COMPANION 4 WHEEL SCOOTER/Golden-4-wheel-scooter.jpeg,Golden-4-wheel-scooter.jpeg,https://advanceddmesupplies.com/product/golden-companion-4-wheel-scooter/
Nitro Rollator,NITRO ROLLATOR,,images/NITRO ROLLATOR/nitro-rollator-247x300.jpeg,nitro-rollator-247x300.jpeg,https://advanceddmesupplies.com/product/nitro-rollator/
Wheelchair Folding Ramps,RAMPS,Capacity: 600 lbs – Includes 1 ramp – Slip resistant grip surface 2.5″ angled lip with holes to secure ramps in place – Soft nylon handle for easy carrying Weight: 40 lbs – Size: 72″ L x 29″ W Folds: 40″ x 14.5″ x 8″ – Material: Aluminum – Recommended for use with a scooter or wheelchair and not intended for walking,images/RAMPS/Wheelchair-Folding-Ramps-247x300.jpg,Wheelchair-Folding-Ramps-247x300.jpg,https://advanceddmesupplies.com/product/wheelchair-folding-ramps/
Sitz Bath,SITZ BATH,Fits standard toilets Convenient on/off clip to stop water flow Lightweight Easy to clean Durable Odor resistant,images/SITZ BATH/Sitz-bath.jpeg,Sitz-bath.jpeg,https://advanceddmesupplies.com/product/sitz-bath/
Walker Bags (Mobility Bags),WALKER BAGS MOBILITY BAGS,Easily attaches to the walker or rollator Does not interfere with walking Made of easy care durable fabric,images/WALKER BAGS MOBILITY BAGS/Walker-Bags-Mobility-Bags-247x300.jpg,Walker-Bags-Mobility-Bags-247x300.jpg,https://advanceddmesupplies.com/product/walker-bags-mobility-bags/
Knee Walker Pad,KNEE WALKER PAD,Fleece fabric fits on top of knee pad Allows air passage Helps avoid excess sweating,images/KNEE WALKER PAD/Knee-Walker-Pad.jpeg,Knee-Walker-Pad.jpeg,https://advanceddmesupplies.com/product/knee-walker-pad/
Walker Basket,WALKER BASKET,Fits any walker,images/WALKER BASKET/Walker-Basket.jpeg,Walker-Basket.jpeg,https://advanceddmesupplies.com/product/walker-basket/
3 Wheeled Rollator,3 WHEEL ROLLATOR,3 Wheels with 8″ x 2″ foam wheels Handles are adjustable from 31″ to 37″ Durable lightweight steel frame Locking hand brakes 15″ width between hand brakes Tote bag Basket and Tray are optional Limited lifetime warranty on the frame Weight capacity: 300 lbs.,images/3 WHEEL ROLLATOR/red-3-wheel-247x300.jpg,red-3-wheel-247x300.jpg,https://advanceddmesupplies.com/product/3-wheeled-rollator/
Leg Wedge,LEG WEDGE,Polyurethane foam elevates the legs Helps reduce swelling in the feet and legs by improving circulation and blood flow in lower extremites Eases strain on the back and lower body Relieves pain associated with varicose veins Removable washable cover,images/LEG WEDGE/Leg-Wedge-.jpeg,Leg-Wedge-.jpeg,https://advanceddmesupplies.com/product/leg-wedge/
Back Wedge,BACK WEDGE,"The Adjustable Back Wedge lets you sit, recline or sleep while providing full support, relieving you from lower back pain, muscle spasms and other everyday discomforts. Use to sit upright while you read or watch TV, or lie back and experience the healthful benefits of the Zero Gravity position.",images/BACK WEDGE/Back-Wedge.jpeg,Back-Wedge.jpeg,https://advanceddmesupplies.com/product/back-wedge/
Coccyx Cushion,COCCYX CUSHION,"Designed to resist sliding Memory foam, durable foam material The foam conforms to the body’s contour through the transfer of body heat Offers comfort and stability while relieving pressure Cut out releives pressure on the tail bone Corrects pelvic angle while sitting and sitting posture preserving the natural curve of the back Removable washable cover",images/COCCYX CUSHION/Coccyx-Cushion-247x300.jpg,Coccyx-Cushion-247x300.jpg,https://advanceddmesupplies.com/product/coccyx-cushion/
Positioning Wedge,PILLOW AND CUSHIONS,Positioning Wedge 20° Foam Only,images/PILLOW AND CUSHIONS/Positioning-Wedge.jpeg,Positioning-Wedge.jpeg,https://advanceddmesupplies.com/product/positioning-wedge/
Donut Cushion,DONUT CUSHION,Supportive foam with opening in the center to relieve pressure on the tail bone Facilitates healing of hemorrhoids Removable washable cover Extra covers can be purchased separately,images/DONUT CUSHION/Donut-Cushion.jpeg,Donut-Cushion.jpeg,https://advanceddmesupplies.com/product/donut-cushion/
Wheelchair Cushion,PILLOW AND CUSHIONS,Durable polyurethane foam Removable washable cover Provides comfort for long term sitting and traction to prevent sliding,images/PILLOW AND CUSHIONS/Wheelchair-Cushion.jpeg,Wheelchair-Cushion.jpeg,https://advanceddmesupplies.com/product/wheelchair-cushion/
Lumbar Cushion,LUMBAR CUSHION,Supports the back Soothes tense lumbar muscles Perfect size for travel,images/LUMBAR CUSHION/lumbar-cushion-247x300.jpg,lumbar-cushion-247x300.jpg,https://advanceddmesupplies.com/product/lumbar-cushion/
Overbed Table,PATIENT ROOM CARE,Walnut wood grained laminate top with vinyl edge molding. Adjustable table height H-base Spring loaded column Shipped flat Weight Limit: 25 Lbs.,images/PATIENT ROOM CARE/tilt-table-247x300.jpg,tilt-table-247x300.jpg,https://advanceddmesupplies.com/product/overbed-table/
Foot Stool With Handle,FOOT STOOL WITH HANDLE,Non-skid ribbed rubber platform; Provides a stable boost for those hard to reach items Reinforced rubber feet; Great addition to the bathroom for children to reach high sinks and mirrors Steel-welded silver vein construction; Strong and Sturdy Step Stool perfect for reaching high shelves Comes fully assembled; Hand Rail provides additional stability and security,images/FOOT STOOL WITH HANDLE/Foot-Stool-With-Handle-247x300.jpg,Foot-Stool-With-Handle-247x300.jpg,https://advanceddmesupplies.com/product/foot-stool-with-handle/
Pedlar Exerciser,PATIENT AID CARE,"Exercise Peddler with Electronic Display, Black",images/PATIENT AID CARE/Pedlar-Exerciser-247x300.jpeg,Pedlar-Exerciser-247x300.jpeg,https://advanceddmesupplies.com/product/pedlar-exerciser/
Exercise Pulley Set,EXERCISE PULLEY SET,"Complete with door bracket, pulleys, cords and handles Easy overdoor installation Can be used while sitting or standing",images/EXERCISE PULLEY SET/EXERCISE-PULLEY-SET.jpeg,EXERCISE-PULLEY-SET.jpeg,https://advanceddmesupplies.com/product/exercise-pulley-set/
Over Door Traction Unit,OVER DOOR TRACTION UNIT,Unit includes water bags,images/OVER DOOR TRACTION UNIT/traction-unit-247x300.jpg,traction-unit-247x300.jpg,https://advanceddmesupplies.com/product/over-door-traction-unit/
Home Bed Assistant Handle,HOME BED ASSISTANT HANDLE,Simple to use handle slides under mattress to provide a safe and secure grip for assistance getting into and out of bed Comes in three easy to assemble pieces; No tools necessary No-Slip foam on base board for increased stability Folds flat for easy storage and portability,images/HOME BED ASSISTANT HANDLE/Home-Bed-handle-247x300.jpg,Home-Bed-handle-247x300.jpg,https://advanceddmesupplies.com/product/home-bed-assistant-handle/
Knee Immobilizer,KNEE IMMOBILIZER,Supportive foam laminated to hook engagable fabric Two lateral stays are easily detached for adjustments Three posterior pre-shaped stays are removable for washing Adjustable hook & loop-lock straps provide desired tension,images/KNEE IMMOBILIZER/Knee-Immobilizer-247x300.jpeg,Knee-Immobilizer-247x300.jpeg,https://advanceddmesupplies.com/product/knee-immobilizer/
Ankle Support,ANKLE SUPPORT,Mild or moderate ankle sprains Protects weak ankles from re-injury Can be worn comfortably in most shoes Can be used for right or left foot Adjustable straps for proper support,images/ANKLE SUPPORT/Ankle-Support.jpeg,Ankle-Support.jpeg,https://advanceddmesupplies.com/product/ankle-support/
Pediatric Reverse Walker,PEDIATRIC REVERSE WALKER,"Pediatric walking aids feature “grow-with-you” height adjustability. Models with wheels maneuver well over normal floor obstacles and are ideal for outdoor play areas. Lightweight, aluminum frame with proportionally large width to length for a widestance and greater stability. Large rubber tips come standard to provide long braking action as this model comes with 3″ front wheels.",images/PEDIATRIC REVERSE WALKER/Reverse-Walker-247x300.jpg,Reverse-Walker-247x300.jpg,https://advanceddmesupplies.com/product/pediatric-reverse-walker/
Sterile Saline,STERILE SALINE,"Reduce the risk of cross-contamination and the potential of wasting bulk containers. Pre-packaged sterile saline in convenient, ready-to-use containers. Great for device irrigation, suctioning, dressing moistening and wound debridement. Cup size provides the proper amount for suctioning.",images/STERILE SALINE/Sterile-Saline-247x300.jpg,Sterile-Saline-247x300.jpg,https://advanceddmesupplies.com/product/sterile-saline/
Nebulizer Mask and Tubing,NEBULIZER,Adult or pediatric nebulizer masks with tubing,images/NEBULIZER/nebulizer-mask-2-247x300.jpg,nebulizer-mask-2-247x300.jpg,https://advanceddmesupplies.com/product/nebulizer-mask-and-tubing/
Oxygen Mask,OXYGEN,,images/OXYGEN/oxygen-mask-247x300.jpg,oxygen-mask-247x300.jpg,https://advanceddmesupplies.com/product/oxygen-mask/
Brass Oxygen Regulator,BRASS OXYGEN REGULATOR,"Medline oxygen regulators feature a brass core for maximum safety and permanent laser etchings on knob and body that won’t peel, flake or wear off. All metal anodized aluminum construction is more durable than plastic and will not rust, plus the gauge protector helps prevent damage. Five-year warranty (excludes contents gauge and gauge protector).",images/BRASS OXYGEN REGULATOR/Brass-Oxygen-Regulator-247x300.jpg,Brass-Oxygen-Regulator-247x300.jpg,https://advanceddmesupplies.com/product/brass-oxygen-regulator/
Oxygen Tank Holder for Wheelchair,WHEELCHAIRS MANUAL,"Lightweight, easy-to-attach, easy-to-lift Size “E” oxygen tanks fit into this holder with minimum lifting and positioning Positions a 26″ (66 cm) long tank off-centre behind the wheelchair back to avoid interference with the wheelchair user’s head or back Made of heavy-duty waterproof black nylon",images/WHEELCHAIRS MANUAL/Oxygen-Tank-Holder-for-Wheelchair-247x300.jpg,Oxygen-Tank-Holder-for-Wheelchair-247x300.jpg,https://advanceddmesupplies.com/product/oxygen-tank-holder-for-wheelchair/
Oxygen Set Up Kit,OXYGEN,"Contains two adult soft-touch cannulas (HCS4514), Christmas tree adater (HCS4555), empty bubble humidifier (HCS64377 ), oxygen tubing connector (HCS65100) and 25′ violet oxygen tubing (HCS4525V).",images/OXYGEN/Oxygen-Set-Up-Kit.jpeg,Oxygen-Set-Up-Kit.jpeg,https://advanceddmesupplies.com/product/oxygen-set-up-kit/
Oxygen Nasal Cannula,OXYGEN,"Medline Super soft cannula reduces pressure on the face and ears Comfortable, curved, non-flared nasal prongs Universal connection type fits all oxygen sources",images/OXYGEN/Oxygen-Nasal-Cannula-247x300.jpg,Oxygen-Nasal-Cannula-247x300.jpg,https://advanceddmesupplies.com/product/oxygen-nasal-cannula/
Pediatric Nebulizer Compressor,NEBULIZER,"Kid-friendly nebulizers help make children smile, while the high quality and durability ensure safe and effective aerosol treatments Available in various configurations All include 7 feet of tubing, filters, medicine cup, mask, and mouthpiece Method of nebulization: dry piston compressor",images/NEBULIZER/panda-pediatric-nebulizer-pink-with-disposable-neb-kit-b4c-247x300.jpg,panda-pediatric-nebulizer-pink-with-disposable-neb-kit-b4c-247x300.jpg,https://advanceddmesupplies.com/product/pediatric-nebulizer-compressor/
Nebulizer Kit,NEBULIZER,Aeromist Plus Nebulizer Compressors are easy to pick up by the molded handle. Break-resistant hinges. The compact design easily fits on small surfaces and the cord conveniently stores inside the shell when not in use. Low center of gravity when laying flat on the four non-skid rubber feet.,images/NEBULIZER/Nebulizer-Kit-247x300.jpeg,Nebulizer-Kit-247x300.jpeg,https://advanceddmesupplies.com/product/nebulizer-kit/
Wound Packing Strips,WOUND CARE PRODUCTS,"Medline Curad Sterile Plain Packing Strips are tightly woven 100 percent cotton gauze packing strips. It is ideal for sterile drainage of open and/or infected wounds. These strips are ravel resistant, and would not fray or lint. Curad Packing Strips can be used for packing or as drainage conduits in wound care management applications, such as nasal or sinus packing, boils, abscesses, fistulas and other draining or tunneling wounds.",images/WOUND CARE PRODUCTS/Wound-Packing-Strip-247x300.jpg,Wound-Packing-Strip-247x300.jpg,https://advanceddmesupplies.com/product/wound-packing-strips/
Surgical Tape,SURGICAL TAPE,"Gentle, air-permeable, non-woven material. Especially recommended for geriatric patients or others with fragile skin. Conforms and adheres even to damp skin. Flexible and conformable. Secures lightweight dressing and facial dressings. Hypoallergenic.",images/SURGICAL TAPE/Surgical-tape1-247x300.jpg,Surgical-tape1-247x300.jpg,https://advanceddmesupplies.com/product/surgical-tape/
Compression Bandage,COMPRESSION BANDAGE,"Is easy to apply and conforms to the contour of the limb Effective for edema reduction and control, interim control of hypertropic scarring following burn surgery, dressing, and monitoring device retention Also smooth’s irregularities when casting",images/COMPRESSION BANDAGE/Compression-Bandage1-247x300.jpg,Compression-Bandage1-247x300.jpg,https://advanceddmesupplies.com/product/compression-bandage/
Xeroform Gauze,WOUND CARE PRODUCTS,"Medline Xeroform Sterile Overwrap Petrolatum Gauze Dressing is a U.S.P. absorbent fine mesh gauze that is impregnated with 3% Bismuth Tribromophenate, a medicating and deodorizing agent in a petroleum blend. It prevents secondary dressings from sticking to the wound/peri-wound skin to help prevent trauma with dressing changes. Medline Xeroform Dressing is permeable to allow minimal drainage to pass through to secondary dressing.",images/WOUND CARE PRODUCTS/Xeroform-Gauze-247x300.jpg,Xeroform-Gauze-247x300.jpg,https://advanceddmesupplies.com/product/xeroform-gauze/
Teganderm Film Dressing,TEGANDERM FILM DRESSING,"Tegaderm Brand transparent dressings can be used to cover and protect catheter sites and wounds, to maintain a moist environment for wound healing, and to secure devices to the skin. Provides a waterproof, sterile barrier to external contaminants including liquids, bacteria and viruses. Made with a hypoallergenic, latex-free adhesive that is gentle to the skin yet holds catheters and other devices in place. Conformable dressing flexes with skin for greater patient comfort. Unique shapes and designs for both I.V. and wound needs.",images/TEGANDERM FILM DRESSING/Teganderm-247x300.jpeg,Teganderm-247x300.jpeg,https://advanceddmesupplies.com/product/teganderm-film-dressing/
Gauze Sponges,GAUZE SPONGES,"Item: Gauze, sponge, 4″x4″, 12Ply, sterile, LF, 2’s This product is manufactured by Medline",images/GAUZE SPONGES/Gauze-Sponge-247x300.jpg,Gauze-Sponge-247x300.jpg,https://advanceddmesupplies.com/product/gauze-sponges/
Gauze Bandage,GAUZE BANDAGE WOUND CARE PRODUCTS,"Unique crimped, open-weave design means superior absorbency and cushioning. Gently stretches and conforms to body contours. Used as either a primary or secondary dressing. Non-Sterile. 6-ply, 100% cotton.",images/GAUZE BANDAGE WOUND CARE PRODUCTS/Gauze-247x300.jpg,Gauze-247x300.jpg,https://advanceddmesupplies.com/product/gauze-bandage/
Exam Gloves,EXAM GLOVES,CURAD® nitrile exam gloves are an excellent alternative to latex Dependable strength and chemical resistance Blue color with full texture for better grip Tested for use with chemotherapy drugs Not made with natural rubber latex,images/EXAM GLOVES/Exam-Gloves-247x300.jpg,Exam-Gloves-247x300.jpg,https://advanceddmesupplies.com/product/exam-gloves/
U Step 2 Walker,U STEP 2 WALKER,"You will feel as stable as you would feel holding onto another person’s arm. This item may be a differ in model, color, etc. Please review the title and features carefully.",images/U STEP 2 WALKER/U-Step-2-Walker-247x300.jpg,U-Step-2-Walker-247x300.jpg,https://advanceddmesupplies.com/product/u-step-2-walker/
Walker Platform Attachment,WALKER PLATFORM ATTACHMENT,,images/WALKER PLATFORM ATTACHMENT/Walker-Platform-Attachment-247x300.jpg,Walker-Platform-Attachment-247x300.jpg,https://advanceddmesupplies.com/product/walker-platform-attachment/
Walker Tray,WALKER TRAY,"The Universal Walker Tray and Cup Holder by Drive Medical fits all manufacturers walkers. It allows you to carry personal items from room to room safely and securely, and is made of easy to clean, durable plastic.",images/WALKER TRAY/Walker-Tray-247x300.jpg,Walker-Tray-247x300.jpg,https://advanceddmesupplies.com/product/walker-tray/
Heel Protector,HEEL PROTECTOR,HEEL PROTECTORS: This set comes with 2 Heel Protector Gel Cushions.,images/HEEL PROTECTOR/nova-heel-protector-247x300.jpg,nova-heel-protector-247x300.jpg,https://advanceddmesupplies.com/product/heel-protector/
Transfer Board,PATIENT ROOM CARE,"EASIER TRANSFERS TO AND FROM BED, WHEELCHAIR, CAR, OR COMMODE, your transfer slide board supports up to 220 pounds. FSA eligible VALUABLE MOBILITY AID for improving independent living LIGHTWEIGHT WHEELCHAIR TRANSFER BOARD that’s easy to move and carry as it only weighs 3.4 pounds DURABLE AND STRONG made of lightweight, smooth, molded, durable plastic with a contoured surface making transfers significantly easier",images/PATIENT ROOM CARE/Transfer-Board-247x300.jpg,Transfer-Board-247x300.jpg,https://advanceddmesupplies.com/product/transfer-board/
IV Pole,IV POLE,"Metal 4 rubber wheels provide for a smooth transport and maneuverability Removable hooks make this economy IV pole versatile; Easily converted to 2-hook or 4-hook with easy to release pushpin Chrome plated steel with weighted base provides strength, durability, and reduces risk of tipping Locking collar allows for easy height adjustment",images/IV POLE/IV-Pole-247x300.jpg,IV-Pole-247x300.jpg,https://advanceddmesupplies.com/product/iv-pole/
Gait Belt,GAIT BELT,Washable cotton material means these belts are reusable Regular: 60″ Striped,images/GAIT BELT/Gait-Belt.jpeg,Gait-Belt.jpeg,https://advanceddmesupplies.com/product/gait-belt/
Digital Tents Unit,PAIN MANAGEMENT,"DUAL CHANNEL TENS UNIT – The TENS 7000 TENS unit provides prescription strength pain relief. The dual intensity muscle stimulator, nerve stimulator, and electric massager has truly independent dual channels that control four (4) TENS unit pads (electrodes) for targeted pain relief.",images/PAIN MANAGEMENT/Digital-Tents-Unit-247x300.jpg,Digital-Tents-Unit-247x300.jpg,https://advanceddmesupplies.com/product/digital-tents-unit/
Hip Kit,HIP KIT,Includes 5 items most often suggested by therapists Provides essential ADL items Recommended for post hip surgery patients Save over individual purchases,images/HIP KIT/Hip-Kit-300x166.jpeg,Hip-Kit-300x166.jpeg,https://advanceddmesupplies.com/product/hip-kit/
Suction Aspirator,SUCTION ASPIRATOR,"Suction machines or aspirators are tracheostomy-care devices used for removing obstructions from a person’s airway. The machine uses suction to pull out mucus, saliva, blood, secretions or other fluids clearing the airway for easy breathing. These machines are designed either for stationary use at home or the portable variety for a patient on the move. We have a diverse range of portable and non-portable aspirators which can be used in hospitals, clinics, doctor’s office and ambulances or at home.",images/SUCTION ASPIRATOR/Suction-Aspirator-300x290.jpg,Suction-Aspirator-300x290.jpg,https://advanceddmesupplies.com/product/suction-aspirator/
Lymphedema Pump and Sleeves,LYMPHEDEMA PUMP AND SLEEVES RENTALS AND REPAIRS,"The garment provides tissue fluid movement from the arm all the way to the thoracic duct. With a chamber located directly at the axillary area, scar tissue and axillary nodes are effectively addressed.",images/LYMPHEDEMA PUMP AND SLEEVES RENTALS AND REPAIRS/Lymphedema-Pump-and-Sleeves-247x300.jpg,Lymphedema-Pump-and-Sleeves-247x300.jpg,https://advanceddmesupplies.com/product/lymphedema-pump-and-sleeves/
CPM Machine,CPM MACHINE RENTALS AND REPAIRS,Bariatric Knee CPM Machine,images/CPM MACHINE RENTALS AND REPAIRS/Kinetec_Prima_XL_Bariatric_Knee_CPM_1__49219.1501779697.1280.1280-247x300.jpeg,Kinetec_Prima_XL_Bariatric_Knee_CPM_1__49219.1501779697.1280.1280-247x300.jpeg,https://advanceddmesupplies.com/product/cpm-machine/
Premium Tri-Panel Abdominal Binder,ORTHOPEDICS,"Made with latex free elastic for optimal support Contact closure for easy adjustment Tri panel design to reduce rolling Minimum length is 30 inch, maximum length is 45 inch",images/ORTHOPEDICS/Premium-Tri-Panel-Abdominal-Binder-247x300.jpg,Premium-Tri-Panel-Abdominal-Binder-247x300.jpg,https://advanceddmesupplies.com/product/premium-tri-panel-abdominal-binder/
Plantar Fascitis Night Splint,ORTHOPEDICS,"Plantar Fascitis Night Splint Brace Heel and Foot Pain Size: Medium Medium , Men 8 – 10 1/2 , Women 7 1/2 – 10 Designed to comfortably position the foot Low profile shell is sturdy and breathable Gentle stretch to the plantar fascia and Achilles tendon",images/ORTHOPEDICS/Plantas-Fascitis-Night-Splint-247x300.jpg,Plantas-Fascitis-Night-Splint-247x300.jpg,https://advanceddmesupplies.com/product/plantas-fascitis-night-splint/
Post Op Knee Brace,ORTHOPEDICS,"The upper and lower hinge bars on the Post-Op can be easily contoured or shortened for an optimized fit, and the foam may be trimmed to suit smaller patients. Universally sized for left and right for easy stocking.",images/ORTHOPEDICS/Post_Op-KNee-Brace-247x300.png,Post_Op-KNee-Brace-247x300.png,https://advanceddmesupplies.com/product/post-op-knee-brace/
Hinged Knee Brace,HINGED KNEE BRACE,Moisture wicking materials help increase breathability Popliteal fabric with advanced stretch characteristics minimizes bunching and maximizes comfort Polycentric hinges provide better control,images/HINGED KNEE BRACE/Hinged-Knee-Brace.jpeg,Hinged-Knee-Brace.jpeg,https://advanceddmesupplies.com/product/hinged-knee-brace/
Aluminum Transport Chair with 8″ Wheels,ALUMINUM TRANSPORT CHAIR WITH 8 WHEELS,Powder coated aluminum frame is lightweight and durable Back folds down for easy storage and transport Seat belt for safety Comfortable nylon upholstery; padded arms Arm style: full length permanent; Leg style: detachable footrest,images/ALUMINUM TRANSPORT CHAIR WITH 8 WHEELS/transport-wheelchair-3-247x300.jpg,transport-wheelchair-3-247x300.jpg,https://advanceddmesupplies.com/product/aluminum-transport-chair-with-8-wheels/
Reclining Manual Wheelchair,WHEELCHAIRS MANUAL,,images/WHEELCHAIRS MANUAL/RecliningWheelchair01-247x300.jpg,RecliningWheelchair01-247x300.jpg,https://advanceddmesupplies.com/product/reclining-manual-wheelchair/
Wheelchair Lap Tray,WHEELCHAIRS MANUAL,"HCFA guidelines mention removable lap trays as restraint alternatives. Trays serve as foundations on which residents can lean for support, they provide activity and feeding surfaces, and they act as reminders not to leave the wheelchair.",images/WHEELCHAIRS MANUAL/Wheelchair-Lap-Tray.jpeg,Wheelchair-Lap-Tray.jpeg,https://advanceddmesupplies.com/product/wheelchair-lap-tray/
Ostomy Kit,OSTOMY KIT OSTOMY SUPPLIES,"Designed for hospitals and doctor’s offices, long-term care facilities and homes, browse high-quality urological products and clinically proven solutions for optimal urological care.",images/OSTOMY KIT OSTOMY SUPPLIES/ostomy-Kit.jpeg,ostomy-Kit.jpeg,https://advanceddmesupplies.com/product/ostomy-kit/
Diabetic Socks,DIABETIC SOCKS,Designed without any seams for maximum comfort and to help prevent pressure sores Extra width and depth can accommodate bulky bandaging without restricting the foot for easy use and wear,images/DIABETIC SOCKS/Diabetic-Socks.jpeg,Diabetic-Socks.jpeg,https://advanceddmesupplies.com/product/diabetic-socks/
Uplift Seat Assist,LIFT CHAIRS,"This comfortable, low-profile, easy-to-use lifting cushion has a spring to help the user stand up. Memory foam, with water-resistant coating, to help protect against pressure sores. Waterproof cover is machine-washable in cold water. Flattens for easy transport. Built-in handle. Available in Plus size to accommodate users weighing between 195 to 350 lbs. Uplift Assists help keep users active and independent while making assisted transfers a breeze for the caregiver. These handy assists help relieve stress and strain on joints, lifting up to 80% of user’s weight. All Uplift Assists are self-powered, using a hydropneumatic lift actuator that lifts user up to a height of 9″. Custom-adjust to user’s weight–simply select one size setting between 80 and 230 lbs (195 – 350 lbs for the Plus). The more strength the user is able to exert, the less lift it provides. This dynamic design helps the user to maintain muscle strength.",images/LIFT CHAIRS/Uplift-Seat-Assist.jpeg,Uplift-Seat-Assist.jpeg,https://advanceddmesupplies.com/product/uplift-seat-assist/
Foldable Scooter S19LI,FOLDABLE SCOOTER S19LI,"Compact space saving design and convenient storage. Portable: Easy to transport by car, van, train, boat or plane.",images/FOLDABLE SCOOTER S19LI/Solax-Transformer-Automatic-Folding-Scooter-247x300.jpg,Solax-Transformer-Automatic-Folding-Scooter-247x300.jpg,https://advanceddmesupplies.com/product/foldable-scooter-s19li/
Upright Walker,ROLLATORS,,images/ROLLATORS/upright-walker-247x300.jpg,upright-walker-247x300.jpg,https://advanceddmesupplies.com/product/forearm-rollator/
RESMED Air Sense 10 CPA Machine,CPAP BIPAP VPAPS VENTILATORS,"With each AirSense 10 device offering built-in cellular technology, you get unprecedented access to therapy data and remote access to device settings, helping you to be more connected with your patients and even more efficient in your business.",images/CPAP BIPAP VPAPS VENTILATORS/RESMED-Air-Sense-10-CPA-Machine-247x300.png,RESMED-Air-Sense-10-CPA-Machine-247x300.png,https://advanceddmesupplies.com/product/resmed-air-sense-10-cpa-machine/
RESMED Air Mini Travel CPAP Machine,CPAP BIPAP VPAPS VENTILATORS,Smallest portable CPAP on the market today Effective waterless humidification for portable convenience * Convenient control with the AirMini app Premium travel bag and accessories for therapy on the go *Currently not available when using full face masks,images/CPAP BIPAP VPAPS VENTILATORS/RESMED-Air-MIni-Travel-CPAP-Machine-300x235.png,RESMED-Air-MIni-Travel-CPAP-Machine-300x235.png,https://advanceddmesupplies.com/product/resmed-air-mini-travel-cpap-machine/
CPAP Masks Full Face Air Fit F20,CPAP MASKS FULL FACE AIR FIT F20,"Specially-designed to fit all patients, regardless of facial profile Designed to perform across a wide range of therapy pressures Modular frame fits all cushion sizes",images/CPAP MASKS FULL FACE AIR FIT F20/CPAP-Masks-Full-Face-Air-Fit-F20-247x300.png,CPAP-Masks-Full-Face-Air-Fit-F20-247x300.png,https://advanceddmesupplies.com/product/cpap-masks-full-face-air-fit-f20/
CPAP Nasal Air Fit N20,CPAP NASAL AIR FIT N20,"Comfortably moves with you throughout the night, regardless of sleep position Features InfinitySeal™ cushion technology, our most adaptive yet Ideal for those who breathe through their nose during sleep",images/CPAP NASAL AIR FIT N20/CPAP-Mask-Nasal-Pillow-Swift-FX-247x300.jpg,CPAP-Mask-Nasal-Pillow-Swift-FX-247x300.jpg,https://advanceddmesupplies.com/product/cpap-nasal-air-fit-n20-2/
CPAP Mask Nasal Pillow Swift FX,CPAP MASK NASAL PILLOW SWIFT FX,"The ResMed Swift™ FX nasal pillows mask makes it easy to forget about your mask you’re wearing, and remember what it’s like to get a great night’s sleep. Combining a super-soft fit with a minimal appearance, the Swift FX covers as little of your face as possible, softly adjusting to your unique facial contours and muscle movements without leaving facial marks. It’s easy to use and offers maximum comfort and a real sense of freedom — whether you sleep on your side or your back, you can depend upon reliable, effective sleep apnea therapy throughout the night.",images/CPAP NASAL AIR FIT N20/CPAP-Mask-Nasal-Pillow-Swift-FX-247x300.jpg,CPAP-Mask-Nasal-Pillow-Swift-FX-247x300.jpg,https://advanceddmesupplies.com/product/cpap-mask-nasal-pillow-swift-fx/
SOCLEAN 2 CPAP Cleaner and Sanitizer,CPAP BIPAP VPAPS VENTILATORS,"The SoClean 2 makes cleaning your CPAP equipment a breeze. An automated CPAP cleaner, the SoClean 2 channels activated oxygen to clean and sanitize, killing 99.9% of the CPAP bacteria, germs, and other pathogens. Featuring no water or chemicals, and zero disassembly, the SoClean 2 is the go-to, time-saving CPAP cleaner and sanitizer.",images/CPAP BIPAP VPAPS VENTILATORS/SOCLEAN-2-CPA-Cleaner-and-Sanitizer-247x300.jpg,SOCLEAN-2-CPA-Cleaner-and-Sanitizer-247x300.jpg,https://advanceddmesupplies.com/product/soclean-2-cpa-cleaner-and-sanitizer/
CPAP Nasal Air Fit N20,CPAP NASAL AIR FIT N20,"Comfortably moves with you throughout the night, regardless of sleep position Features InfinitySeal™ cushion technology, our most adaptive yet Ideal for those who breathe through their nose during sleep",images/CPAP NASAL AIR FIT N20/Cpap-Nasa-Air-Fit-N20-247x300.png,Cpap-Nasa-Air-Fit-N20-247x300.png,https://advanceddmesupplies.com/product/cpap-nasal-air-fit-n20/
"Medical Oxygen (M6, E Tanks, C, D)",MEDICAL OXYGEN,"For patients who use supplemental oxygen, portable cylinders can be a great way to allow them the freedom to move around as they please.",images/MEDICAL OXYGEN/Medical-Oxygen-M6-E-Tanks-247x300.jpg,Medical-Oxygen-M6-E-Tanks-247x300.jpg,https://advanceddmesupplies.com/product/medical-oxygen-m6-e-tanks-c-d/
Littman Stethoscope,DIAGNOSTICS,"Dual Head Stethoscope High acoustic sensitivity Monitor and assess a wide range of patients Detect normal and abnormal sounds and rhythms Tunable diaphragms on both the adult and pediatric sides of the chestpiece Single-piece, easy to clean diaphragm",images/DIAGNOSTICS/Littman-Stethoscope-247x300.jpg,Littman-Stethoscope-247x300.jpg,https://advanceddmesupplies.com/product/littman-stethoscope/
Omron Blood Pressure Monitor,DIAGNOSTICS,"Compact design makes it easy to use anywhere you need to take a reading. Wide-range size fits standard to large adult arms (9″-17″). The next evolution in wireless heart healthy management – easily transmit your readings wirelessly to the Omron connect app using your mobile device. The Omron connect app features: Auto date/time setup, unlimited memory, trend charts, hypertension indicator, irregular heartbeat indicator #1 doctor recommended",images/DIAGNOSTICS/Omron-Blood-Pressure-Monitor-247x300.jpg,Omron-Blood-Pressure-Monitor-247x300.jpg,https://advanceddmesupplies.com/product/omron-blood-pressure-monitor/
Hernia Belt,HERNIA BELT,4″ waist band Removable pressure pads Washable,images/HERNIA BELT/Hernia-Belt-247x300.jpg,Hernia-Belt-247x300.jpg,https://advanceddmesupplies.com/product/hernia-belt/
Post-op Shoe,ORTHOPEDICS,Removable tongue may be placed anywhere on inner lining for optimum comfort Inner sole platform and cushioned rocker sole Contoured heel area for stability,images/ORTHOPEDICS/Post-op-Shoe-247x300.jpg,Post-op-Shoe-247x300.jpg,https://advanceddmesupplies.com/product/post-op-shoe/
BUCKET SEAT LUMBAR CUSHION WITH HOT/COLD PACK,BUCKET SEAT LUMBAR CUSHION W HOT COLD PACK,Sport version designed to fit bucket seats Same as 5323 with pouch for ice HOT/COLD pack included Removable washable cover Addition of the HOT/COLD pack reduces pain,images/BUCKET SEAT LUMBAR CUSHION W HOT COLD PACK/BUCKET-SEAT-LUMBAR-CUSHION-WITH-HOTCOLD-PACK-247x300.jpg,BUCKET-SEAT-LUMBAR-CUSHION-WITH-HOTCOLD-PACK-247x300.jpg,https://advanceddmesupplies.com/product/bucket-seat-lumbar-cushion-with-hot-cold-pack/
Back Support,BACK SUPPORT,Mesh back panel with four anti-roll stays is light and comfortable for all day wearing Provides needed compression and support Plush hook & loop compatible side panels taper to 4″ over abdomen Applying the 4″ tension straps gives added support Comfortable enough to be worn under clothing,images/BACK SUPPORT/Back-Support-247x300.jpg,Back-Support-247x300.jpg,https://advanceddmesupplies.com/product/back-support/
Finger Splint,FINGER SPLINT,Malleable aluminum with foam padding,images/FINGER SPLINT/Finger-Splint-247x300.jpeg,Finger-Splint-247x300.jpeg,https://advanceddmesupplies.com/product/finger-splint/
Thumb Spica,ORTHOPEDICS,Padded with soft breathable foam Splints are ventilated for air circulation Places hand in dorsiflexed position Fits either right or left hand,images/ORTHOPEDICS/Thumb-Spica-247x300.jpg,Thumb-Spica-247x300.jpg,https://advanceddmesupplies.com/product/thumb-spica/
Wrist Brace,ORTHOPEDICS,Easy one handed application Soft inside lining with hook and loop closure Preshaped aluminum stay formed to minimize wrist movement without restricting finger movement,images/ORTHOPEDICS/Wrist-Brace-247x300.jpg,Wrist-Brace-247x300.jpg,https://advanceddmesupplies.com/product/wrist-brace/
Sacro Belt,ORTHOPEDICS,Uniform 6″ belt Elastic side panels with hook & loop closure 1/2″ thick neoprene pad inserts into the pouch on the back panel for added support Pad can be replaced with hot or cold packs,images/ORTHOPEDICS/Sacro-Belt-247x300.jpg,Sacro-Belt-247x300.jpg,https://advanceddmesupplies.com/product/sacro-belt/
LUMBAR SACRAL SUPPORT WITH FELT BACK,LUMBAR SACRAL SUPPORT WITH FELT BACK,12″ felt back panel Hook and loop closure 4″ tension straps overlap at abdomen for extra support Four pre-shaped rigid stays Lumbar-sacral orthosis Rigid posterior panel extends from sacrococcygeal junction to T-9 vertebrae,images/LUMBAR SACRAL SUPPORT WITH FELT BACK/LUMBAR-SACRAL-SUPPORT-WITH-FELT-BACK-247x300.jpeg,LUMBAR-SACRAL-SUPPORT-WITH-FELT-BACK-247x300.jpeg,https://advanceddmesupplies.com/product/lumbar-sacral-support-with-felt-back/
Rib Belt,ORTHOPEDICS,"Elastic back panel, velvet loop side panels Female belt contoured to fit female form Hook & loop closure",images/ORTHOPEDICS/Rib-Belt-247x300.jpg,Rib-Belt-247x300.jpg,https://advanceddmesupplies.com/product/rib-belt/
Industrial Back Support,INDUSTRIAL BACK SUPPORT,8″ elastic back panel 4″ double pull straps Hook & loop closure Shoulder suspenders Produces intracavitary pressure to reduce load on the inter-vertebral discs,images/INDUSTRIAL BACK SUPPORT/Industrial-Back-Support-247x300.jpg,Industrial-Back-Support-247x300.jpg,https://advanceddmesupplies.com/product/industrial-back-support/
Maternity Belt,MATERNITY BELT,Aids in relieving back pressure for the expectant mother Adjusts in size to fit the abdomen as it grows Back panel has pocket for a moldable insert,images/MATERNITY BELT/Maternity-Belt-247x300.jpg,Maternity-Belt-247x300.jpg,https://advanceddmesupplies.com/product/maternity-belt/
Tennis Elbow Strap W/ Gel Pad,ORTHOPEDICS,2″ neoprene strap wraps around elbow Gel pad applies pressure where it is needed,images/ORTHOPEDICS/Tennis-Elbow-Strap-247x300.jpg,Tennis-Elbow-Strap-247x300.jpg,https://advanceddmesupplies.com/product/tennis-elbow-strap-w-gel-pad/
Clavicle/Postre Support,ORTHOPEDICS,Straps wrap around from the shoulder/back to the front forming a figure 8 Lightweight fabric on the back panel with stays Aids in the correction of the posture,images/ORTHOPEDICS/ClaviclePostre-Support.jpeg,ClaviclePostre-Support.jpeg,https://advanceddmesupplies.com/product/clavicle-postre-support/
Leg Separator,LEG SEPARATOR,"Foam leg separator fits between your legs and moves with you Legs remain parallel even while rolling over Hips and spine remain in proper position Aides leg circulation with less pressure on lower legs, knees and hips Removable washable cover Polyurethane foam",images/LEG SEPARATOR/Leg-Separator.jpeg,Leg-Separator.jpeg,https://advanceddmesupplies.com/product/leg-separator/
Patella Support,ORTHOPEDICS,"Provides warmth and support around joint Inferior patella pad applies compression on the tendon without restricting or binding Increases stability Improve patella tracking Alleviates pain and pressure Adjustable hook & loop straps for easy application Enhanced compression control Wraps around for quick, easy application Fits right or left knee Measure around center of knee",images/ORTHOPEDICS/Patella-Support-247x300.jpg,Patella-Support-247x300.jpg,https://advanceddmesupplies.com/product/patella-support/
Children’s Foam Collar,CHILDRENS FOAM COLLAR,"2″ wide, medium firm foam Covered in natural color soft stockinette Hook & loop closure Removable washable cover is provided",images/CHILDRENS FOAM COLLAR/Childrens-Foam-Collar-247x300.jpg,Childrens-Foam-Collar-247x300.jpg,https://advanceddmesupplies.com/product/childrens-foam-collar/
Contour Cervical Collar,CONTOUR CERVICAL COLLAR,"Covered in natural colored stockinette Designed for moderate neck and head control 3″ to 3.5″ wide, firm foam Provides more comfort and chin support Also available with removable and washable stockinette cover",images/CONTOUR CERVICAL COLLAR/Contour-Cervical-Collar-247x300.png,Contour-Cervical-Collar-247x300.png,https://advanceddmesupplies.com/product/contour-cervical-collar/
Ankle Foot Orthotics,ANKLE FOOT ORTHOTICS,Leaf spring orthosis provides mediolateral stability to the ankle Aids in correction of drop foot and toe drag Strap made of hook compatible against skin Hook and loop closure,images/ANKLE FOOT ORTHOTICS/Ankle-Foot-Orthotics-247x300.jpg,Ankle-Foot-Orthotics-247x300.jpg,https://advanceddmesupplies.com/product/ankle-foot-orthotics/
Wheelchair Bag,WHEELCHAIRS MANUAL,Bag fits across the back of the wheelchair with webbing straps that slide on and hang over the hand rails Pack has several small pockets Made of washable fabric,images/WHEELCHAIRS MANUAL/Wheelchair-Bag-247x300.jpeg,Wheelchair-Bag-247x300.jpeg,https://advanceddmesupplies.com/product/wheelchair-bag/
CPAP Pillow,CPAP PILLOW,"Improving sleep in any position, back or side Reducing mask interface Aligning the airway Aligning the spine Allowing hose to position naturally Positioning the neck and shoulders in neutral position",images/CPAP PILLOW/CPAP-Pillow-300x220.jpeg,CPAP-Pillow-300x220.jpeg,https://advanceddmesupplies.com/product/cpap-pillow/
Bed Pan,BED PAN,"Pontoon design for comfort Stable and reduces spills during use Designed for immobile patients Plastic grip prevents spills during handling Lightweight, durable molded plastic construction Odor resistant / Easy to clean / Latex free",images/BED PAN/Bed-Pan-247x300.jpg,Bed-Pan-247x300.jpg,https://advanceddmesupplies.com/product/bed-pan/
Sport Seat,CANES AND CRUTCHES,"HOW TO SIT PROPERLY: FOLDING SEAT CANES ARE NOT INTENDED FOR INDIVIDUALS WITH SIGNIFICANT MOBILITY IMPAIRMENT. NOTE: THIS SEAT IS DESIGNED FOR STRADDLE SEATING ONLY. SIT DOWN SLOWLY CENTER WEIGHT DIRECTLY OVER SEAT REQUIRES ALL LEGS TO BE AT THE SAME HEIGHT FOR PROPER USE. CAUTION: DO NOT ROCK BACK AND FORTH DO NOT STAND ON SEAT DO NOT SIT CANE ON GRAVEL, OR ANY UNEVEN SURFACE",images/CANES AND CRUTCHES/Sport-Seat-247x300.jpg,Sport-Seat-247x300.jpg,https://advanceddmesupplies.com/product/sport-seat/
Crutch Accessories Kit,CANES AND CRUTCHES,Crutch Accessories Complete Set Includes: One pair of tips One pair of hand grips One pair of underarm pads,images/CANES AND CRUTCHES/Crutch-Accessories-Kit-247x300.jpg,Crutch-Accessories-Kit-247x300.jpg,https://advanceddmesupplies.com/product/crutch-accessories-kit/
Forearm Crutches,CANES AND CRUTCHES,Thick wall anodized aluminum tubing Orthopedic handle Vinyl coated forearm cuffs Push button spring locks on cuff and leg Sold in pairs Height: Adjusts in 1″ increments Weight capacity: 250 lbs,images/CANES AND CRUTCHES/forearm-crutches-247x300.jpg,forearm-crutches-247x300.jpg,https://advanceddmesupplies.com/product/forearm-crutches/
Under Arm Cast Protector,BATH SAFETY,"Keeps the casts and bandages dry while showering or bathing Tightly fitting ring creates a seal around the arm , keeping water out Reusable Fits most adults and children",images/BATH SAFETY/underarm-cast-protector-247x300.jpeg,underarm-cast-protector-247x300.jpeg,https://advanceddmesupplies.com/product/under-arm-cast-protector/
GEL MATTRESS OVERLAY,BED AND MATTRESS,Lightweight gel formula reduces overall product weight Four elastic straps secure the corners snugly to the mattress Conforms to any adjustable bed Weight capacity: 300 lbs.,images/BED AND MATTRESS/gel-mattress-overlay-247x300.jpg,gel-mattress-overlay-247x300.jpg,https://advanceddmesupplies.com/product/gel-mattress-overlay/
OVERHEAD TRAPEZE SETS,BED AND MATTRESS,"Provides free-standing capability for Versa-Helper Trapezes Assisted weight capacity of 250 pounds Individually-leveled floor bars provide a firm, secure base Folds flat for easy storage and handling",images/BED AND MATTRESS/floor-trapeze-250-lbs-247x300.jpg,floor-trapeze-250-lbs-247x300.jpg,https://advanceddmesupplies.com/product/overhead-trapeze-sets-with-clamps/
BATH TUB BAR,BATH SAFETY,Heavy duty welded steel construction White vinyl coating Wipes clean Stainless steel locking mechanism Lip-grip non-mar rubber pads Height above the tub 13 1/4″,images/BATH SAFETY/BATH-TUB-BAR-247x300.jpg,BATH-TUB-BAR-247x300.jpg,https://advanceddmesupplies.com/product/bath-tub-bar/
Cast and Bandage Protector Leg,BATH SAFETY,"Keeps the casts and bandages dry while showering or bathing Tightly fitting ring creates a seal around the arm , keeping water out Reusable Fits most adults and children",images/BATH SAFETY/cast-protector--247x300.jpg,cast-protector--247x300.jpg,https://advanceddmesupplies.com/product/cast-and-bandage-protector-arm/
Standard Aluminum Crutches,CANES AND CRUTCHES,Crutches come packaged completely accessorized with no assembly required.,images/CANES AND CRUTCHES/alluminum-crutches.jpg,alluminum-crutches.jpg,https://advanceddmesupplies.com/product/standard-aluminum-crutches/
Knee Scooter,KNEE SCOOTER,"KNEE WALKER, FOUR WHEELED KNEE WALKER, WEIL, GEN 2",images/KNEE SCOOTER/image-16-247x300.png,image-16-247x300.png,https://advanceddmesupplies.com/product/knee-walker/
Electric Patient  hoyer Lift,HOYER LIFT,,images/HOYER LIFT/electric-hoyer-lift-247x300.jpg,electric-hoyer-lift-247x300.jpg,https://advanceddmesupplies.com/product/powered-base-patient-lifts/
Manual Hydraulic Hoyer Lift,HOYER LIFT,"LIFT, PATIENT, HYDRAULIC, 6 POINT CRADLE LIFT, PATIENT, HYDRAULIC, LOW BASE LIFT, PAT, HYDRAULIC, 6 POINT CRD, NO SLING 400 lb. Safe Working Capacity",images/HOYER LIFT/manual-hoyer-lift-1-247x300.jpg,manual-hoyer-lift-1-247x300.jpg,https://advanceddmesupplies.com/product/manual-hydraulic-hoyer-lift/
Enamel Grab Bar,BATH SAFETY,,images/BATH SAFETY/grab-bar-2-247x300.jpg,grab-bar-2-247x300.jpg,https://advanceddmesupplies.com/product/enamel-grab-bar/
Go-Go Elite Traveler 3 Wheel,SCOOTER,"Looking to enhance your travel experience? Look no further than the Go-Go Elite Traveller®! It offers unbeatable ease of transport, tight space maneuverability, and gives you the versatility to change its color, and your style, in a snap with interchangeable shroud panels.",images/SCOOTER/pride-go-go-elite-traveller-3-wheel-scooter-247x300.jpg,pride-go-go-elite-traveller-3-wheel-scooter-247x300.jpg,https://advanceddmesupplies.com/product/go-go-elite-traveler-3-wheel/
GO-GO SPORT – 4 WHEEL,SCOOTER,"Looking to enhance your travel experience? Look no further than the Go-Go Elite Traveller®! It offers unbeatable ease of transport, tight space maneuverability, and gives you the versatility to change its color, and your style, in a snap with interchangeable shroud panels. FDA Class II Medical Device",images/SCOOTER/scooter-247x300.jpg,scooter-247x300.jpg,https://advanceddmesupplies.com/product/go-go-sport-4-wheel/
Medline Remedy Olivamine,MEDLINE REMEDY OLIVAMINE,"Remedy™ Skin Repair Cream. The CDC Hand Hygiene guideline strongly recommends the use of a moisturizer as part of a hand hygiene protocol.* Remedy™ Skin Repair Cream helps protect and relieve damage related to frequent handwashing such as dryness, cracked, inflamed, reddened and itchy skin. Remedy features Olivamine®®, a proprietary blend of nutrients targeted for skin cells, as well as dimethicone to help prevent e-TEWL. Remedy™ Skin Repair Cream is CHG and latex friendly. Tested to be non-sensitizing, non-allergenic. Remedy™ Skin Repair Cream is therapy for skin.",images/MEDLINE REMEDY OLIVAMINE/Remedy-products-comp-wtbg-300x298.jpg,Remedy-products-comp-wtbg-300x298.jpg,https://advanceddmesupplies.com/product/medline-remedy-olivamine-2/
Non-Sterile Latex-Free Co-Flex LF2 Bandages,NON STERILE LATEX FREE CO FLEX LF2 BANDAGES,"CoFlex LF2 Cohesive Bandage is a unique quick stick self-adhearing bandage with a soft foam texture. Latex-free but performs better than latex. Patented hand tear technology. Acts as a secondary dressing without the need for clips or tape. Will not constrict. Bandage measurements are for stretched length. Non-Sterile, latex-free.",images/NON STERILE LATEX FREE CO FLEX LF2 BANDAGES/woundcare.jpg,woundcare.jpg,https://advanceddmesupplies.com/product/non-sterile-latex-free-co-flex-lf2-bandages/
MEDLINE SUPRA DPS LOW AIR LOSS MATTRESS,BED AND MATTRESS,"Overlay has 5-inch air cells that help provide 20% more air cushion than 4-inch competitor models, which enables better flotation. Lightweight and easy to transport.",images/BED AND MATTRESS/mattress-247x300.jpg,mattress-247x300.jpg,https://advanceddmesupplies.com/product/medline-supra-dps-low-air-loss-mattress/
Medline Portable Nebulizer,MEDLINE PORTABLE NEBULIZER,"Better compliance – treatments can be easily taken, anytime and anywhere. Small footprint and a sleek design. Battery operated.",images/MEDLINE PORTABLE NEBULIZER/medline-portable-nebulizer-247x300.jpg,medline-portable-nebulizer-247x300.jpg,https://advanceddmesupplies.com/product/medline-remedy-olivamine/
Aeromist Plus Nebulizer Compressor,AEROMIST PLUS NEBULIZER COMPRESSOR,Aeromist® Plus Nebulizer Compressors are easy to pick up by the molded handle. Break-resistant hinges. The compact design easily fits on small surfaces and the cord conveniently stores inside the shell when not in use. Low center of gravity when laying flat on the four non-skid rubber feet. With Disposable Nebulizer Kit,images/AEROMIST PLUS NEBULIZER COMPRESSOR/nebulizer-247x300.jpeg,nebulizer-247x300.jpeg,https://advanceddmesupplies.com/product/aeromist-plus-nebulizer-compressor-with-disposable-nebulizer-kit/
Attends Super Plus Underwear,ATTENDS SUPER PLUS UNDERWEAR,"Attends Protective Underwear are easy, convenient to use and discreet. Barrier leg cuffs provide ultimate protection against leakage.",images/ATTENDS SUPER PLUS UNDERWEAR/attends-super-plus-underwear-247x300.jpg,attends-super-plus-underwear-247x300.jpg,https://advanceddmesupplies.com/product/attends-super-plus-underwear/
Standard Arm Sling,ORTHOPEDICS,Padded pressure sensitive strap offers customized fitting and adjustment. Adjusts from both front and back. Deep pocket design accommodates the largest of casts and dressings. Open end with thumb loop adds comfort and eliminates slippage.,images/ORTHOPEDICS/standard-arm-sling.jpg,standard-arm-sling.jpg,https://advanceddmesupplies.com/product/arm-sling/
Shoulder Immobilizer With Abduction Pillow,ORTHOPEDICS,"The sling is ambidextrous, versatile, allows mobility of the hand and wrist and is easy to apply with only three sizes. Latex free. Breathable sling is constructed of our NoSwet® Mesh material, combined with a soft moisture quick-wicking liner to provide your patient with comfort and support.",images/ORTHOPEDICS/shoulder-immobilizer.jpg,shoulder-immobilizer.jpg,https://advanceddmesupplies.com/product/shoulder-immobilizer/
Clavicle Splint,ORTHOPEDICS,Contoured urethane foam is hook & loop sensitive allowing maximum adjustability. Comfortable foam construction provides proper immobilization. Two buckles on rear felt pad are used for tension adjustment.,images/ORTHOPEDICS/Clavicle-Splint-247x300.jpg,Clavicle-Splint-247x300.jpg,https://advanceddmesupplies.com/product/clavicle-splint/
STABILIZER AIR WALKER – STANDARD & ANKLE,ORTHOPEDICS,The Stabilizer Air Walker provides maximum stability and support following injury or post-operative procedures. Available in Sizes: XS | SM | MD | LG | XL,images/ORTHOPEDICS/air-walker.jpg,air-walker.jpg,https://advanceddmesupplies.com/product/stabilizer-air-walker-standard-ankle/
JAZZY ELITE ES,JAZZY ELITE ES,,images/JAZZY ELITE ES/pride-jazzy-elite-es-power-chair-247x300.jpg,pride-jazzy-elite-es-power-chair-247x300.jpg,https://advanceddmesupplies.com/product/jazzy-elite-es/
"Full-Electric Bariatric Bed, 42″",BED AND MATTRESS,"Bed Height Minimum without casters: 9.5”. Bed Height Maximum with casters: 23.5”. Unit Dimensions: 36″ (W) x 88″ (L). Warranty: (Original Purchaser) 5 Years on Motor and Hand Control, Limited Lifetime on Welds and Frame, 1 Year on All Other Parts and Components",images/BED AND MATTRESS/bed-247x300.jpg,bed-247x300.jpg,https://advanceddmesupplies.com/product/full-electric-bariatric-bed-42%e2%80%b3/
Full-Electric Low Bed,BED AND MATTRESS,Users and caregivers can easily adjust body position and bed height with intuitive hand pendant. Maintenance is easy with color-coded junction box connections. Interchangeable bed ends reduce inventory and are washable with standard water pressure.,images/BED AND MATTRESS/15235bv-pkg-1__96158-247x300.jpg,15235bv-pkg-1__96158-247x300.jpg,https://advanceddmesupplies.com/product/full-electric-low-bed/
Semi-Electric Bed,BED AND MATTRESS,"The Semi Electric Bed is perfect for anyone who needs a hospital style bed at home or in a nursing home. The Semi Electric bed has a motor which is quiet and smooth when operating the adjustment of the head and foot sections of the bed, while the height of the bed is adjusted manually. The frame of the bed provides superior strength and reduced weight due to its construction, while the spring deck is zinc coated to provide durability and to reduce corrosion effects. The hand control is easy to use and will operate the head and foot sections at the same time and has a convenient clip which attaches to the frame of the bed making sure the control is always by the patients side. The Semi Electric Bed is perfect for any home where someone needs additional assistance in bed and would like the added convenience of being able to adjust the sections of the bed.",images/BED AND MATTRESS/Beds-03-247x300.jpg,Beds-03-247x300.jpg,https://advanceddmesupplies.com/product/semi-electric-bed/
Toilet Safety Frame,BATH SAFETY,Width between Arms: 19″ (smallest) | 23.50″ (largerst). Adjustable Height: 28″ (smallest) | 32″ (highest). Weight: 4lbs. Weight Limit: 300lbs. Warranty: Limited Lifetime.,images/BATH SAFETY/Toilet-Safety-Frame1-247x300.jpg,Toilet-Safety-Frame1-247x300.jpg,https://advanceddmesupplies.com/product/toilet-safety-frame/
Locking Raised Toilet Seats with Arms,COMMODES,,images/COMMODES/raised-toilet-seat-247x300.jpg,raised-toilet-seat-247x300.jpg,https://advanceddmesupplies.com/product/deluxe-raised-toilet-seat-warms-retail/
5 INCH ELEVATED TOILET SEAT,5 INCH ELEVATED TOILET SEAT,Non-locking. Extra large seating area. Rubber pads help prevent seat from moving. Hygienic cut out.,images/5 INCH ELEVATED TOILET SEAT/5-inch.jpg,5-inch.jpg,https://advanceddmesupplies.com/product/5-inch-elevated-toilet-seat/
16″ SUCTION GRAB BAR,16 SUCTION GRAB BAR,Grab bars suction to any non-porous surfaces to prevent slips & falls. Contoured handle makes for a secured grip. Push levers down to attach to the surface or flip up to release. Indicators change from red to green when secure.,images/16 SUCTION GRAB BAR/suction-grab-bar-16-247x300.jpg,suction-grab-bar-16-247x300.jpg,https://advanceddmesupplies.com/product/16%e2%80%b3-suction-grab-bar/
Aluminum Rehab Shower Commode Chair,ALUMINUM REHAB SHOWER COMMODE CHAIR,With Four Rear-locking Casters. Overall Width Open: 22.25″. Overall Height: 39″ – 41″. Seat to Floor Height: 20″ – 22″. Back Height: 19”. Seat Dimensions: 18″ (W) x 17″ (D). Overall Length (with riggings): 34.5″. Weight: 35.25lbs. Weight Limit: 275lbs. Warranty: Limited Lifetime.,images/ALUMINUM REHAB SHOWER COMMODE CHAIR/1912017757Drive-Aluminum-Rehab-Shower-Commode-Chair-with-5-Casters-P-247x300.jpg,1912017757Drive-Aluminum-Rehab-Shower-Commode-Chair-with-5-Casters-P-247x300.jpg,https://advanceddmesupplies.com/product/aluminum-rehab-shower-commode-chair/
Sliding Transfer Bench,BATH SAFETY,,images/BATH SAFETY/sliding-bench-.-247x300.jpg,sliding-bench-.-247x300.jpg,https://advanceddmesupplies.com/product/folding-universal-sliding-transfer-bench/