name,category,description,url,image_url,image_alt
Aluminum Small base Quad Canes,ALUMINUM QUAD CANES,,https://advanceddmesupplies.com/product/aluminum-quad-canes/,https://advanceddmesupplies.com/wp-content/uploads/2017/07/aluminum-quad-cane1-247x300.jpg,Aluminum Small base Quad Canes
OFFSET HANDLE FASHION CRANES,CANES AND CRUTCHES,,https://advanceddmesupplies.com/product/offset-handle-fashion-cranes/,https://advanceddmesupplies.com/wp-content/uploads/2017/07/offsetcrane-247x300.jpg,OFFSET HANDLE FASHION CRANES
BARIATRIC QUAD CANES,BARIATRIC QUAD CANES,,https://advanceddmesupplies.com/product/bariatric-quad-canes/,https://advanceddmesupplies.com/wp-content/uploads/2017/07/bariatic-2.jpg,BARIATRIC QUAD CANES
LUMEX TALL ADULT CRUTCHES,CANES AND CRUTCHES,,https://advanceddmesupplies.com/product/lumex-tall-adult-crutches/,https://advanceddmesupplies.com/wp-content/uploads/2017/07/alluminum-crutches-247x300.jpg,LUMEX TALL ADULT CRUTCHES
3-IN-1 all purpose COMMODE,3 IN 1 ALL PURPOSE COMMODE,,https://advanceddmesupplies.com/product/3-in-1-all-purpose-commode/,https://advanceddmesupplies.com/wp-content/uploads/2017/07/commode1-247x300.jpg,3-IN-1 all purpose COMMODE
FOLDING Steel COMMODE CHAIR,COMMODES,,https://advanceddmesupplies.com/product/folding-commode-chair/,https://advanceddmesupplies.com/wp-content/uploads/2017/07/folding-commode-247x300.jpg,FOLDING Steel COMMODE CHAIR
Walkers,WALKERS WALKERS,,https://advanceddmesupplies.com/product/walkers/,https://advanceddmesupplies.com/wp-content/uploads/2017/07/walkers-247x300.jpg,Walkers
SET N GO ADJUSTABLE HEIGHT ROLLATOR,RENTALS AND REPAIRS,,https://advanceddmesupplies.com/product/set-n-go-adjustable-height-rollator/,https://advanceddmesupplies.com/wp-content/uploads/2017/07/set-n-go-red-247x300.jpg,SET N GO ADJUSTABLE HEIGHT ROLLATOR
WALKABOUT CONTOUR DELUXE ROLLATOR-BLUE,ROLLATORS,,https://advanceddmesupplies.com/product/walkabout-contour-deluxe-rollator-blue/,https://advanceddmesupplies.com/wp-content/uploads/2017/07/bariatric-rollator-247x300.jpg,WALKABOUT CONTOUR DELUXE ROLLATOR-BLUE
BARIATRIC WALKABOUT ROLLATOR-BL,BARIATRIC WALKABOUT ROLLATOR BL,,https://advanceddmesupplies.com/product/bariatric-walkabout-rollator-bl/,https://advanceddmesupplies.com/wp-content/uploads/2017/07/123_1024x1024@2x-247x300.webp,BARIATRIC WALKABOUT ROLLATOR-BL
Deluxe Aluminum Bath Chair,BATH SAFETY,,https://advanceddmesupplies.com/product/deluxe-aluminum-bath-chair/,https://advanceddmesupplies.com/wp-content/uploads/2017/07/Deluxe-Aluminum-Bath-Chair-31-1-247x300.jpg,Deluxe Aluminum Bath Chair
Transfer Tub Bench,BATH SAFETY,,https://advanceddmesupplies.com/product/transfer-tub-bench/,https://advanceddmesupplies.com/wp-content/uploads/2017/07/bath-safety-247x300.jpeg,Transfer Tub Bench
Buzzaround LT 4-Wheel Model: GB108,SCOOTER,,https://advanceddmesupplies.com/product/buzzaround-lt-4-wheel-model-gb108/,https://advanceddmesupplies.com/wp-content/uploads/2026/09/1-7-247x300.jpg,Buzzaround LT 4-Wheel Model: GB108
Buzzaround LT 3-Wheel Model: GB107,SCOOTER,,https://advanceddmesupplies.com/product/buzzaround-lt-3-wheel-model-gb107/,https://advanceddmesupplies.com/wp-content/uploads/2026/09/1-4-247x300.jpg,Buzzaround LT 3-Wheel Model: GB107
Golden Eagle All-Terrain™Model: GR596,SCOOTER,,https://advanceddmesupplies.com/product/golden-eagle-all-terrainmodel-gr596/,https://advanceddmesupplies.com/wp-content/uploads/2026/09/1-1-1-247x300.jpg,Golden Eagle All-Terrain™Model: GR596
Golden Cricket LT Carbon Model: GP309,WHEELCHAIRS POWER,,https://advanceddmesupplies.com/product/golden-cricket-lt-carbon-model-gp309/,https://advanceddmesupplies.com/wp-content/uploads/2026/09/2-247x300.jpg,Golden Cricket LT Carbon Model: GP309
FOAM-FREE G3 X,CPAP BIPAP VPAPS VENTILATORS,,https://advanceddmesupplies.com/product/foam-free-g3-x/,https://advanceddmesupplies.com/wp-content/uploads/2026/09/Front-Std-Time-247x300.png,FOAM-FREE G3 X
VOCSN,CPAP BIPAP VPAPS VENTILATORS,,https://advanceddmesupplies.com/product/vocsn/,https://advanceddmesupplies.com/wp-content/uploads/2026/09/VOCSN2__480x480_update-247x300.jpg,VOCSN
VC+Pro ventilator,CPAP BIPAP VPAPS VENTILATORS,,https://advanceddmesupplies.com/product/vcpro-ventilator/,https://advanceddmesupplies.com/wp-content/uploads/2026/09/VOCSN-VC-ISO-Shadow388001-1-247x300.png,VC+Pro ventilator
V+ PRO ventilator,CPAP BIPAP VPAPS VENTILATORS,,https://advanceddmesupplies.com/product/v-pro-ventilator/,https://advanceddmesupplies.com/wp-content/uploads/2026/09/VPro24755__600x477-247x300.png,V+ PRO ventilator
The VC Ventilator,CPAP BIPAP VPAPS VENTILATORS,,https://advanceddmesupplies.com/product/the-vc-ventilator/,https://advanceddmesupplies.com/wp-content/uploads/2026/09/VC-Ventilator-1-247x300.png,The VC Ventilator
The VHome Ventilator,CPAP BIPAP VPAPS VENTILATORS,,https://advanceddmesupplies.com/product/the-vhome-ventilator/,https://advanceddmesupplies.com/wp-content/uploads/2026/09/FrontViewIsowShadow-V-Home41858-247x300.png,The VHome Ventilator
HomeFill Compressor,OXYGEN,,https://advanceddmesupplies.com/product/homefill-compressor/,https://advanceddmesupplies.com/wp-content/uploads/2026/09/HomeFill-Easy-Coupler-with-larger-cylinder-247x300.jpg,HomeFill Compressor
Pediatric Flowmeter,OXYGEN,,https://advanceddmesupplies.com/product/pediatric-flowmeter/,https://advanceddmesupplies.com/wp-content/uploads/2026/09/pediatric-flow-meter-247x300.jpg,Pediatric Flowmeter
Ankle Compression Ice Wrap,PAIN MANAGEMENT,,https://advanceddmesupplies.com/product/ankle-compression-ice-wrap/,https://advanceddmesupplies.com/wp-content/uploads/2025/11/SUP2017GRY-Ankle-Compression-Ice-Wrap-247x300.jpg,Ankle Compression Ice Wrap
Knee Compression Ice Wrap,PAIN MANAGEMENT,,https://advanceddmesupplies.com/product/knee-compression-ice-wrap/,https://advanceddmesupplies.com/wp-content/uploads/2025/11/SUP2007GRY-Knee-Compression-Ice-Wrap-247x300.jpg,Knee Compression Ice Wrap
Shoulder Compression Ice Wrap,PAIN MANAGEMENT,,https://advanceddmesupplies.com/product/shoulder-compression-ice-wrap/,https://advanceddmesupplies.com/wp-content/uploads/2025/11/SUP1075GRY-Shoulder-Compression-Ice-Wrap-247x300.jpg,Shoulder Compression Ice Wrap
Knee Ice Wrap,PAIN MANAGEMENT,,https://advanceddmesupplies.com/product/knee-ice-wrap/,https://advanceddmesupplies.com/wp-content/uploads/2025/11/Knee-Ice-Wrap-2pk-247x300.jpg,Knee Ice Wrap
Hip Ice pack,PAIN MANAGEMENT,,https://advanceddmesupplies.com/product/hip-ice-pack/,https://advanceddmesupplies.com/wp-content/uploads/2025/11/RHB2092TAL-Hip-Ice-pack-247x300.jpg,Hip Ice pack
Hot and Cold Eye Mask,PAIN MANAGEMENT,,https://advanceddmesupplies.com/product/hot-and-cold-eye-mask/,https://advanceddmesupplies.com/wp-content/uploads/2025/11/RHB3047BLK-Hot-and-Cold-Eye-Mask-247x300.png,Hot and Cold Eye Mask
Wrist Compression Ice Wrap,PAIN MANAGEMENT,,https://advanceddmesupplies.com/product/wrist-compression-ice-wrap/,https://advanceddmesupplies.com/wp-content/uploads/2025/11/SUP3074GRY-Wrist-Compression-Ice-Wrap-247x300.jpg,Wrist Compression Ice Wrap
Elbow Compression Ice Wrap,PAIN MANAGEMENT,,https://advanceddmesupplies.com/product/elbow-compression-ice-wrap/,https://advanceddmesupplies.com/wp-content/uploads/2025/11/SUP3063GRY-Elbow-Compression-Ice-Wrap-247x300.jpg,Elbow Compression Ice Wrap
ManaCold Platinum 2.0,PAIN MANAGEMENT,,https://advanceddmesupplies.com/product/manacold-platinum-2-0/,https://advanceddmesupplies.com/wp-content/uploads/2025/11/manacold-platinum-2-water-circulating-therapy-device_1-247x300.jpg,ManaCold Platinum 2.0
ManaSport+ Ultrasound,PAIN MANAGEMENT,,https://advanceddmesupplies.com/product/manasport-ultrasound/,https://advanceddmesupplies.com/wp-content/uploads/2025/11/manasport-plus-ultrasound-device_1-247x300.jpg,ManaSport+ Ultrasound
Protekt® Dash standing transfer frame,HOYER LIFT,,https://advanceddmesupplies.com/product/protekt-dash-standing-transfer-frame/,https://advanceddmesupplies.com/wp-content/uploads/2025/11/32500-Protekt-Dash-600x600-1-247x300.jpg,Protekt® Dash standing transfer frame
Active Wheelchair,WHEELCHAIRS MANUAL,,https://advanceddmesupplies.com/product/active-wheelchair/,https://advanceddmesupplies.com/wp-content/uploads/2025/11/MOB1101BLU-Active-Wheelchair-247x300.jpg,Active Wheelchair
Seated Scooter Knee Walker,WALKERS,,https://advanceddmesupplies.com/product/seated-scooter-knee-walker/,https://advanceddmesupplies.com/wp-content/uploads/2025/11/seated-knee-scooter-247x300.jpg,Seated Scooter Knee Walker
Bariatric HD Wheelchair – 32″ x 20″ w/ ELR,WHEELCHAIRS MANUAL,,https://advanceddmesupplies.com/product/bariatric-hd-wheelchair-32-x-20-w-elr/,https://advanceddmesupplies.com/wp-content/uploads/2025/10/10293-main-247x300.png,"Bariatric HD Wheelchair - 32"" x 20"" w/ ELR"
Sleek Motion X-Light Wheelchair,WHEELCHAIRS MANUAL,,https://advanceddmesupplies.com/product/sleek-motion-x-light-wheelchair/,https://advanceddmesupplies.com/wp-content/uploads/2025/10/10281_sleek-motion-wc_angle_72dpi-1-247x300.png,Sleek Motion X-Light Wheelchair
Noka light weight wheelchair with flip back arms,WHEELCHAIRS MANUAL,,https://advanceddmesupplies.com/product/noka-light-weight-wheelchair-with-flip-back-arms/,https://advanceddmesupplies.com/wp-content/uploads/2025/10/11441061-247x300.png,Noka light weight wheelchair with flip back arms
Noka light weight transport chair,WHEELCHAIRS MANUAL,,https://advanceddmesupplies.com/product/noka-transport-chair/,https://advanceddmesupplies.com/wp-content/uploads/2025/10/11121199-247x300.png,Noka light weight transport chair
Noka light weight wheelchair,WHEELCHAIRS MANUAL,,https://advanceddmesupplies.com/product/noka-light-weight-wheelchair/,https://advanceddmesupplies.com/wp-content/uploads/2025/10/11441316-247x300.png,Noka light weight wheelchair
Noka Samba Rollator,ROLLATORS,,https://advanceddmesupplies.com/product/noka-samba-rollator/,https://advanceddmesupplies.com/wp-content/uploads/2025/10/11092742-247x300.png,Noka Samba Rollator
Protekt® All-In-One electric hoyer lift,HOYER LIFT,,https://advanceddmesupplies.com/product/protekt-all-in-one-electric-hoyer-lift/,https://advanceddmesupplies.com/wp-content/uploads/2025/10/Protekt-All-In-One_1-1-247x300.jpg,Protekt® All-In-One electric hoyer lift
Sleek Motion 22lb Ultra-lightweight Wheelchair,WHEELCHAIRS MANUAL,,https://advanceddmesupplies.com/product/sleek-motion-22lb-ultra-lightweight-wheelchair/,https://advanceddmesupplies.com/wp-content/uploads/2025/09/10281_sleek-motion-wc_angle_72dpi-247x300.png,Sleek Motion 22lb Ultra-lightweight Wheelchair
ASCENT XR ROLLATOR 450LBS,ROLLATORS,,https://advanceddmesupplies.com/product/ascent-xr-rollator-450lbs/,https://advanceddmesupplies.com/wp-content/uploads/2025/09/RLASXRBW-1-247x300.jpg,ASCENT XR ROLLATOR 450LBS
Vive Power Wheelchair – Foldable Long Range Transport Aid,WHEELCHAIRS POWER,,https://advanceddmesupplies.com/product/power-wheelchair-foldable-long-range-transport-aid/,https://advanceddmesupplies.com/wp-content/uploads/2025/09/Image_1_41_287eab58-697b-47d0-aa66-91a282b828a4_800x800-247x300.jpg,Vive Power Wheelchair - Foldable Long Range Transport Aid
Vive Compact Power Wheelchair – Foldable Long Range Transport Aid,WHEELCHAIRS POWER,,https://advanceddmesupplies.com/product/compact-power-wheelchair-foldable-long-range-transport-aid/,https://advanceddmesupplies.com/wp-content/uploads/2025/09/CompactPowerWheelchair_798x798-247x300.webp,Vive Compact Power Wheelchair - Foldable Long Range Transport Aid
Vive Airframe Power Wheelchair – Magnesium Collection,WHEELCHAIRS POWER,,https://advanceddmesupplies.com/product/airframe-power-wheelchair-magnesium-collection/,https://advanceddmesupplies.com/wp-content/uploads/2025/09/1d2_1_800x800-247x300.jpg,Vive Airframe Power Wheelchair - Magnesium Collection
Vive Airframe Power Wheelchair,WHEELCHAIRS POWER,,https://advanceddmesupplies.com/product/vive-airframe-power-wheelchair/,https://advanceddmesupplies.com/wp-content/uploads/2025/09/1aMainImage_fd17cf38-e8dc-4781-8cc4-9752634b8f65_800x800-247x300.jpg,Vive Airframe Power Wheelchair
Golden Ally Sport GP305,WHEELCHAIRS POWER,,https://advanceddmesupplies.com/product/golden-ally-sport-gp305/,https://advanceddmesupplies.com/wp-content/uploads/2025/09/1-247x300.jpg,Golden Ally Sport GP305
Golden Ally Pro Model: GP304,WHEELCHAIRS POWER,,https://advanceddmesupplies.com/product/golden-ally-pro-model-gp304/,https://advanceddmesupplies.com/wp-content/uploads/2025/09/1-247x300.png,Golden Ally Pro Model: GP304
Buzzaround LT 4-Wheel,SCOOTER,,https://advanceddmesupplies.com/product/buzzaround-lt-4-wheel/,https://advanceddmesupplies.com/wp-content/uploads/2025/09/2-8-247x300.jpg,Buzzaround LT 4-Wheel
Buzzaround CarryOn HD Model: GB220,SCOOTER,,https://advanceddmesupplies.com/product/buzzaround-carryon-hd-model-gb220/,https://advanceddmesupplies.com/wp-content/uploads/2025/09/1-3-247x300.jpg,Buzzaround CarryOn HD Model: GB220
The Golden Passport™ Hi Low Adjustable Bed with Dual-Zone Vibrating Massage,BED AND MATTRESS,,https://advanceddmesupplies.com/product/the-golden-passport-hi-low-adjustable-bed-with-dual-zone-vibrating-massage/,https://advanceddmesupplies.com/wp-content/uploads/2025/09/67876.424612131123-247x300.webp,The Golden Passport™ Hi Low Adjustable Bed with Dual-Zone Vibrating Massage
UPbed® Independence 4-in-1 Motorized Lift Bed with 90° Rotation,BED AND MATTRESS,,https://advanceddmesupplies.com/product/upbed-independence-4-in-1-motorized-lift-bed-with-90-rotation/,https://advanceddmesupplies.com/wp-content/uploads/2025/09/upbed-independence-247x300.webp,UPbed® Independence 4-in-1 Motorized Lift Bed with 90° Rotation
byACRE Carbon Ultralight Rollator,ROLLATORS,,https://advanceddmesupplies.com/product/byacre-carbon-ultralight-rollator/,https://advanceddmesupplies.com/wp-content/uploads/2025/09/carbon-ultralight-carbon-black-1-247x300.webp,byACRE Carbon Ultralight Rollator
Journey So Lite® C2 Ultra Lightweight Wheelchair,WHEELCHAIRS MANUAL,,https://advanceddmesupplies.com/product/journey-so-lite-c2-ultra-lightweight-wheelchair/,https://advanceddmesupplies.com/wp-content/uploads/2025/09/SLWC2-Red-1500x1500-1-247x300.webp,Journey So Lite® C2 Ultra Lightweight Wheelchair
Journey Zoomer® Lightweight Folding Power Chair,WHEELCHAIRS POWER,,https://advanceddmesupplies.com/product/journey-zoomer-lightweight-folding-power-chair/,https://advanceddmesupplies.com/wp-content/uploads/2025/09/Zoomer-1500x1500-1-247x300.webp,Journey Zoomer® Lightweight Folding Power Chair
Journey Zinger® Folding Power Chair,WHEELCHAIRS POWER,,https://advanceddmesupplies.com/product/journey-zinger-folding-power-chair/,https://advanceddmesupplies.com/wp-content/uploads/2025/09/Zinger-Blue-1500x1500-1-247x300.webp,Journey Zinger® Folding Power Chair
Journey Air Elite Lightweight Folding Power Chair,WHEELCHAIRS POWER,,https://advanceddmesupplies.com/product/journey-air-elite-lightweight-folding-power-chair/,https://advanceddmesupplies.com/wp-content/uploads/2025/09/Air-Elite-1500x1500-1-247x300.webp,Journey Air Elite Lightweight Folding Power Chair
Drive Air-Go Walker,WALKERS,,https://advanceddmesupplies.com/product/drive-air-go-walker/,https://advanceddmesupplies.com/wp-content/uploads/2025/09/AIR-GO-B-1-247x300.jpg,Drive Air-Go Walker
"Clever-Lite Walker, Adult, with 8″ Casters",WALKERS,,https://advanceddmesupplies.com/product/clever-lite-walker-adult-with-8-casters/,https://advanceddmesupplies.com/wp-content/uploads/2025/09/walker-247x300.jpg,"Clever-Lite Walker, Adult, with 8"" Casters"
Roscoe Ultra-5 Ultraviolet Disinfector,CPAP BIPAP VPAPS VENTILATORS,,https://advanceddmesupplies.com/product/roscoe-ultra-5-ultraviolet-disinfector/,https://advanceddmesupplies.com/wp-content/uploads/2025/09/Ulta-5-68.opt__96229-247x300.jpg,Roscoe Ultra-5 Ultraviolet Disinfector
React Health Lumin CPAP Cleaner For Mask and Accessories,CPAP BIPAP VPAPS VENTILATORS,,https://advanceddmesupplies.com/product/react-health-lumin-cpap-cleaner-for-mask-and-accessories/,https://advanceddmesupplies.com/wp-content/uploads/2025/09/lumin-247x300.jpg,React Health Lumin CPAP Cleaner For Mask and Accessories
Chariot IV Wheelchair (K4),WHEELCHAIRS MANUAL,,https://advanceddmesupplies.com/product/chariot-iv-wheelchair-k4/,https://advanceddmesupplies.com/wp-content/uploads/2025/08/Chariot-IV-01-247x300.jpg,Chariot IV Wheelchair (K4)
Chariot III Wheelchair (K3),WHEELCHAIRS MANUAL,,https://advanceddmesupplies.com/product/chariot-iii-wheelchair-k3/,https://advanceddmesupplies.com/wp-content/uploads/2025/08/k3-247x300.jpg,Chariot III Wheelchair (K3)
VOCIC AX12 Electric Toilet Lift Seat for Senior,BATH SAFETY,,https://advanceddmesupplies.com/product/vocic-ax12-electric-toilet-lift-seat-for-senior/,https://advanceddmesupplies.com/wp-content/uploads/2025/08/717HOoo8uIL.__AC_SX300_SY300_QL70_ML2_-247x300.jpg,VOCIC AX12 Electric Toilet Lift Seat for Senior
U-Step Neuro (Press Down Brake),ROLLATORS,,https://advanceddmesupplies.com/product/u-step-neuro-press-down-brake/,https://advanceddmesupplies.com/wp-content/uploads/2025/08/press-down-brake-247x300.jpg,U-Step Neuro (Press Down Brake)
U-Step Neuro (Platform),ROLLATORS,,https://advanceddmesupplies.com/product/u-step-neuro-platform/,https://advanceddmesupplies.com/wp-content/uploads/2025/08/Platform-Inside-view-255-4-C-WithOUT-Callouts-LO-RES-247x300.jpg,U-Step Neuro (Platform)
U-Step Neuro (Standard),ROLLATORS,,https://advanceddmesupplies.com/product/u-step-neuro-standard/,https://advanceddmesupplies.com/wp-content/uploads/2025/08/Standard-Model-TSP-225-1030x1030-1-247x300.jpg,U-Step Neuro (Standard)
Merits Roadster S4,SCOOTER,,https://advanceddmesupplies.com/product/merits-roadster-s4/,https://advanceddmesupplies.com/wp-content/uploads/2025/07/roadster-S4-247x300.png,Merits Roadster S4
Carbon Crossover Power Wheelchair,WHEELCHAIRS POWER,,https://advanceddmesupplies.com/product/carbon-crossover-power-wheelchair/,https://advanceddmesupplies.com/wp-content/uploads/2025/07/713NWETe03L._AC_SL1500_-247x300.jpg,Carbon Crossover Power Wheelchair
VOCIC U31 3 In 1 Lightweight Foldable Manual Wheelchair,WHEELCHAIRS MANUAL,,https://advanceddmesupplies.com/product/vocic-u31-3-in-1-lightweight-foldable-manual-wheelchair/,https://advanceddmesupplies.com/wp-content/uploads/2025/07/OIP-247x216.jpg,VOCIC U31 3 In 1 Lightweight Foldable Manual Wheelchair
AX05 Heavy Duty Floor Lift Chair,BATH SAFETY,,https://advanceddmesupplies.com/product/ax05-heavy-duty-floor-lift-chair/,https://advanceddmesupplies.com/wp-content/uploads/2025/07/61EwPVk4xdL._AC_SL1500_-247x300.jpg,AX05 Heavy Duty Floor Lift Chair
Inogen Voxi 5,OXYGEN,,https://advanceddmesupplies.com/product/inogen-voxi-5/,https://advanceddmesupplies.com/wp-content/uploads/2025/06/voxi5-247x300.png,Inogen Voxi 5
Tri-Rollator With Seat,ROLLATORS,,https://advanceddmesupplies.com/product/tri-rollator-with-seat/,https://advanceddmesupplies.com/wp-content/uploads/2025/06/MOB1116BLK-Tri-Rollator-With-Seat-Black-247x300.jpg,Tri-Rollator With Seat
drive AeroWalk Ultra-Lite Rollator,ROLLATORS,,https://advanceddmesupplies.com/product/drive-aerowalk-ultra-lite-rollator/,https://advanceddmesupplies.com/wp-content/uploads/2025/06/10277WT-247x300.jpg,drive AeroWalk Ultra-Lite Rollator
Shower Commode Transport Chair,BATH SAFETY,,https://advanceddmesupplies.com/product/shower-commode-transport-chair/,https://advanceddmesupplies.com/wp-content/uploads/2025/06/MOB1090SLV-Shower-Commode-Transport-Chair-247x300.jpg,Shower Commode Transport Chair
Sunstride Rollator – All Terrain Edition,ROLLATORS,,https://advanceddmesupplies.com/product/sunstride-rollator-all-terrain-edition/,https://advanceddmesupplies.com/wp-content/uploads/2025/06/MOB1093BLU-Sunstride-Rollator-All-Terrain-Edition-247x300.jpg,Sunstride Rollator - All Terrain Edition
Portable Stand Assist,BATH SAFETY,,https://advanceddmesupplies.com/product/portable-stand-assist/,https://advanceddmesupplies.com/wp-content/uploads/2025/06/LVA3045BLK-Portable-Stand-Assist-247x300.jpg,Portable Stand Assist
Lightweight Transport Wheelchair,WHEELCHAIRS MANUAL,,https://advanceddmesupplies.com/product/lightweight-transport-wheelchair/,https://advanceddmesupplies.com/wp-content/uploads/2025/06/MOB1108BLU-Lightweight-Transport-Wheelchair-247x300.jpg,Lightweight Transport Wheelchair
Toilet Safety Frame With Handles,BATH SAFETY,,https://advanceddmesupplies.com/product/toilet-safety-frame-with-handles/,https://advanceddmesupplies.com/wp-content/uploads/2025/06/LVA3073-Toilet-Safety-Frame-With-Handles-247x300.jpg,Toilet Safety Frame With Handles
Folding Shower Chair,BATH SAFETY,,https://advanceddmesupplies.com/product/folding-shower-chair/,https://advanceddmesupplies.com/wp-content/uploads/2025/06/LVA3036GRY-Folding-Shower-Chair-247x300.jpg,Folding Shower Chair
Reclining Shower Commode Transport Chair,BATH SAFETY,,https://advanceddmesupplies.com/product/reclining-shower-commode-transport-chair/,https://advanceddmesupplies.com/wp-content/uploads/2025/06/MOB1082WHT-Reclining-Shower-Commode-Transport-Chair-247x300.jpg,Reclining Shower Commode Transport Chair
"drive Super Light, Folding Transport Chair with Carry Bag and Flip-Back Arms",WHEELCHAIRS MANUAL,,https://advanceddmesupplies.com/product/drive-super-light-folding-transport-chair-with-carry-bag-and-flip-back-arms/,https://advanceddmesupplies.com/wp-content/uploads/2025/05/SL18-247x300.jpg,"drive Super Light, Folding Transport Chair with Carry Bag and Flip-Back Arms"
Viper Plus GT Wheelchair with Universal Armrests,WHEELCHAIRS MANUAL,,https://advanceddmesupplies.com/product/viper-plus-gt-wheelchair-with-universal-armrests/,https://advanceddmesupplies.com/wp-content/uploads/2025/05/viper-247x300.jpg,Viper Plus GT Wheelchair with Universal Armrests
Drive Viper Wheelchair,WHEELCHAIRS MANUAL,,https://advanceddmesupplies.com/product/drive-viper-wheelchair/,https://advanceddmesupplies.com/wp-content/uploads/2025/05/viper--247x300.jpg,Drive Viper Wheelchair
Nitro® Duet Rollator and Transport Chair,ROLLATORS,,https://advanceddmesupplies.com/product/nitro-duet-rollator-and-transport-chair/,https://advanceddmesupplies.com/wp-content/uploads/2025/05/duet-247x300.jpg,Nitro® Duet Rollator and Transport Chair
Nitro HD Rollator,ROLLATORS,,https://advanceddmesupplies.com/product/nitro-hd-rollator/,https://advanceddmesupplies.com/wp-content/uploads/2025/05/nitro-hd-247x300.jpg,Nitro HD Rollator
Nitro® Sprint HD Rollator,ROLLATORS,,https://advanceddmesupplies.com/product/nitro-sprint-hd-rollator/,https://advanceddmesupplies.com/wp-content/uploads/2025/05/nitro-splinter-hd-247x300.jpg,Nitro® Sprint HD Rollator
Airgo Fusion F20 Side-Folding Rollator & Transport Chair,ROLLATORS,,https://advanceddmesupplies.com/product/airgo-fusion-f20-side-folding-rollator-transport-chair/,https://advanceddmesupplies.com/wp-content/uploads/2025/05/f20-247x300.jpg,Airgo Fusion F20 Side-Folding Rollator & Transport Chair
Nitro® 3-Wheel Rollator,ROLLATORS,,https://advanceddmesupplies.com/product/nitro-3-wheel-rollator/,https://advanceddmesupplies.com/wp-content/uploads/2025/05/nitro-3-wheel-247x300.jpg,Nitro® 3-Wheel Rollator
Airgo Fusion F23 Side-Folding Rollator & Transport Chair,ROLLATORS,,https://advanceddmesupplies.com/product/airgo-fusion-f23-side-folding-rollator-transport-chair/,https://advanceddmesupplies.com/wp-content/uploads/2025/05/airgo-247x300.jpg,Airgo Fusion F23 Side-Folding Rollator & Transport Chair
Nitro® Sprint Rollator with Accessories,ROLLATORS,,https://advanceddmesupplies.com/product/nitro-sprint-rollator-with-accessories/,https://advanceddmesupplies.com/wp-content/uploads/2025/05/nitro1-247x300.jpg,Nitro® Sprint Rollator with Accessories
Rhythm P2-E7 Portable Oxygen Concentrator,OXYGEN,,https://advanceddmesupplies.com/product/rhythm-p2-e7-portable-oxygen-concentrator/,https://advanceddmesupplies.com/wp-content/uploads/2025/03/P2-E7_concentrator-01-247x300.avif,Rhythm P2-E7 Portable Oxygen Concentrator
Rhythm P2-E6 Portable Oxygen Concentrator,OXYGEN,,https://advanceddmesupplies.com/product/rythm-p2-e6-portable-oxygen-concentrator/,https://advanceddmesupplies.com/wp-content/uploads/2025/03/P2-E6_concentrator-01-247x300.avif,Rhythm P2-E6 Portable Oxygen Concentrator
Rhythm P2 Portable Oxygen Concentrator,OXYGEN,,https://advanceddmesupplies.com/product/rythm-p2-portable-oxygen-concentrator/,https://advanceddmesupplies.com/wp-content/uploads/2025/03/P2_concentrator-01-247x300.avif,Rhythm P2 Portable Oxygen Concentrator
Rhythm P2-S4 Portable Oxygen Concentrator,OXYGEN,,https://advanceddmesupplies.com/product/rythm-p2-s4-portable-oxygen-concentrator/,https://advanceddmesupplies.com/wp-content/uploads/2025/03/P2-S4_concentrator-01-247x300.jpg,Rhythm P2-S4 Portable Oxygen Concentrator
"3-Position clinical Recliner Geri chair, Bariatric",BATH SAFETY,,https://advanceddmesupplies.com/product/3-position-clinical-recliner-geri-chair-bariatric/,https://advanceddmesupplies.com/wp-content/uploads/2025/03/D574EW-CHAR-247x300.jpg,"3-Position clinical Recliner Geri chair, Bariatric"
Inogen At Home Oxygen Concentrator,OXYGEN,,https://advanceddmesupplies.com/product/inogen-at-home-oxygen-concentrator/,https://advanceddmesupplies.com/wp-content/uploads/2025/03/Inogen-At-Home-Web-12-in-e1487283801766-247x300.png,Inogen At Home Oxygen Concentrator
STANDER WONDER INDOOR ROLLATOR WITH TRAY,ROLLATORS,,https://advanceddmesupplies.com/product/stander-wonder-indoor-rollator/,https://advanceddmesupplies.com/wp-content/uploads/2025/02/INDOOR-ROLLATOR-247x300.webp,STANDER WONDER INDOOR ROLLATOR WITH TRAY
STANDER WONDER ROLLATOR HD,ROLLATORS,,https://advanceddmesupplies.com/product/stander-wonder-rollator-hd/,https://advanceddmesupplies.com/wp-content/uploads/2025/02/WONDER-HD-247x300.webp,STANDER WONDER ROLLATOR HD
Stander wonder rollator plus,ROLLATORS,,https://advanceddmesupplies.com/product/stander-wonder-rollator-plus/,https://advanceddmesupplies.com/wp-content/uploads/2025/02/4330-MB-247x300.webp,Stander wonder rollator plus
Inogen® Rove 6™ System,OXYGEN,,https://advanceddmesupplies.com/product/inogen-rove-6-system/,https://advanceddmesupplies.com/wp-content/uploads/2025/02/Inogen-Rove-6-Left-247x300.png,Inogen® Rove 6™ System
Inogen Rove 4 System,OXYGEN,,https://advanceddmesupplies.com/product/inogen-rove-4-system/,https://advanceddmesupplies.com/wp-content/uploads/2025/02/Rove4v2-247x300.png,Inogen Rove 4 System
Comforter Tall With ZG+ Model: PR545-TAL,LIFT CHAIRS,,https://advanceddmesupplies.com/product/comforter-tall-with-zg-model-pr545-tal-2/,https://advanceddmesupplies.com/wp-content/uploads/2025/01/1-1-4-247x300.jpg,Comforter Tall With ZG+ Model: PR545-TAL
Comforter Large With ZG+ Model: PR545-LAR,LIFT CHAIRS,,https://advanceddmesupplies.com/product/comforter-large-with-zg-model-pr545-lar-2/,https://advanceddmesupplies.com/wp-content/uploads/2025/01/1-2-1-247x300.jpg,Comforter Large With ZG+ Model: PR545-LAR
Comforter Medium With ZG+ Model: PR545-MED,LIFT CHAIRS,,https://advanceddmesupplies.com/product/comforter-medium-with-zg-model-pr545-med-2/,https://advanceddmesupplies.com/wp-content/uploads/2025/01/3-5-247x300.jpg,Comforter Medium With ZG+ Model: PR545-MED
Dione Large Model: PR446-LAR,LIFT CHAIRS,,https://advanceddmesupplies.com/product/dione-large-model-pr446-lar/,https://advanceddmesupplies.com/wp-content/uploads/2025/01/Golden-Technologies-PR446-Dione-Large-Power-Lift-Chair-Recliner-Lifted-in-Maple-2-247x300.png,Dione Large Model: PR446-LAR
Dione Medium Model: PR446-MED,LIFT CHAIRS,,https://advanceddmesupplies.com/product/dione-medium-model-pr446-med-2/,https://advanceddmesupplies.com/wp-content/uploads/2025/01/Golden-Technologies-PR446-Dione-Large-Power-Lift-Chair-Recliner-Lifted-in-Maple-247x300.png,Dione Medium Model: PR446-MED
Day Dreamer Medium Model: PR632-MED,LIFT CHAIRS,,https://advanceddmesupplies.com/product/day-dreamer-medium-model-pr632-med/,https://advanceddmesupplies.com/wp-content/uploads/2025/01/4-5-247x300.png,Day Dreamer Medium Model: PR632-MED
Rhea Large Model: PR442-LAR,LIFT CHAIRS,,https://advanceddmesupplies.com/product/rhea-large-model-pr442-lar-2/,https://advanceddmesupplies.com/wp-content/uploads/2025/01/2-4-247x300.jpg,Rhea Large Model: PR442-LAR
Titan Medium Model: PR448,LIFT CHAIRS,,https://advanceddmesupplies.com/product/titan-medium-model-pr448-2/,https://advanceddmesupplies.com/wp-content/uploads/2025/01/PR448-MED-Graphite_8-19-20-Golden_DSC8600_web-1-247x300.jpg,Titan Medium Model: PR448
Titan with Twilight Medium Model: PR449-MED,LIFT CHAIRS,,https://advanceddmesupplies.com/product/titan-with-twilight-medium-model-pr449-med-2/,https://advanceddmesupplies.com/wp-content/uploads/2025/01/zH7rWWyI-247x300.jpeg,Titan with Twilight Medium Model: PR449-MED
EZ Sleeper with Twilight Medium/Large Model: PR761-MLA,LIFT CHAIRS,,https://advanceddmesupplies.com/product/ez-sleeper-with-twilight-medium-large-model-pr761-mla/,https://advanceddmesupplies.com/wp-content/uploads/2025/01/1-2-247x300.jpg,EZ Sleeper with Twilight Medium/Large Model: PR761-MLA
Cloud Medium/Large Model: PR517-MLA,LIFT CHAIRS,,https://advanceddmesupplies.com/product/cloud-medium-large-model-pr517-mla/,https://advanceddmesupplies.com/wp-content/uploads/2025/01/2-1-2-247x300.jpg,Cloud Medium/Large Model: PR517-MLA
Cloud with Twilight Medium/Large Model: PR515-MLA,LIFT CHAIRS,,https://advanceddmesupplies.com/product/cloud-with-twilight-medium-large-model-pr515-mla/,https://advanceddmesupplies.com/wp-content/uploads/2025/01/1-1-3-247x300.jpg,Cloud with Twilight Medium/Large Model: PR515-MLA
Cloud with Twilight Small/Medium Model: PR515-SME,LIFT CHAIRS,,https://advanceddmesupplies.com/product/cloud-with-twilight-small-medium-model-pr515-sme/,https://advanceddmesupplies.com/wp-content/uploads/2025/01/1-5-247x300.jpg,Cloud with Twilight Small/Medium Model: PR515-SME
Comforter Petite Small Model: PR531-PSA,LIFT CHAIRS,,https://advanceddmesupplies.com/product/comforter-petite-small-model-pr531-psa-2/,https://advanceddmesupplies.com/wp-content/uploads/2025/01/Golden-PR531-PSA-Comforter-Power-Lift-Recliner-in-Bittersweet-768x576-1-247x300.png,Comforter Petite Small Model: PR531-PSA
Comforter with MaxiComfort Large/Wide Model: PR535-LXW,LIFT CHAIRS,,https://advanceddmesupplies.com/product/comforter-with-maxicomfort-large-wide-model-pr535-lxw/,https://advanceddmesupplies.com/wp-content/uploads/2025/01/COMFORTER-1-247x300.jpg,Comforter with MaxiComfort Large/Wide Model: PR535-LXW
Comforter with MaxiComfort Medium/Wide Model: PR535-MXW,LIFT CHAIRS,,https://advanceddmesupplies.com/product/comforter-with-maxicomfort-medium-wide-model-pr535-mxw/,https://advanceddmesupplies.com/wp-content/uploads/2025/01/Golden-Medium-Wide-Power-Lift-Chair-Recliner-500-lb.-Capacity-PR535-M26_web-247x300.jpg,Comforter with MaxiComfort Medium/Wide Model: PR535-MXW
Comforter with MaxiComfort Tall Model: PR535-TAL,LIFT CHAIRS,,https://advanceddmesupplies.com/product/comforter-with-maxicomfort-tall-model-pr535-tal/,https://advanceddmesupplies.com/wp-content/uploads/2025/01/Golden-Comforter-Tall-Power-Lift-Chair-Recliner-PR535T_web-247x300.jpg,Comforter with MaxiComfort Tall Model: PR535-TAL
Comforter with MaxiComfort Large Model: PR535-LAR,LIFT CHAIRS,,https://advanceddmesupplies.com/product/comforter-with-maxicomfort-large-model-pr535-lar/,https://advanceddmesupplies.com/wp-content/uploads/2025/01/Cloud-13-1-1-247x300.jpg,Comforter with MaxiComfort Large Model: PR535-LAR
Comforter with MaxiComfort Medium Model: PR535-MED,LIFT CHAIRS,,https://advanceddmesupplies.com/product/comforter-with-maxicomfort-medium-model-pr535-med/,https://advanceddmesupplies.com/wp-content/uploads/2025/01/PR535-MED-Port_web-247x300.png,Comforter with MaxiComfort Medium Model: PR535-MED
Comforter with MaxiComfort Petite Small Model: PR535-PSA,LIFT CHAIRS,,https://advanceddmesupplies.com/product/comforter-with-maxicomfort-petite-small-model-pr535-psa-2/,https://advanceddmesupplies.com/wp-content/uploads/2025/01/Untitled-design-7-247x300.jpg,Comforter with MaxiComfort Petite Small Model: PR535-PSA
Relaxer Medium Model: PR766-MED,LIFT CHAIRS,,https://advanceddmesupplies.com/product/relaxer-medium-model-pr766-med-2/,https://advanceddmesupplies.com/wp-content/uploads/2025/01/13-1-247x300.jpg,Relaxer Medium Model: PR766-MED
Relaxer Small Model: PR766-SMA,LIFT CHAIRS,,https://advanceddmesupplies.com/product/relaxer-small-model-pr766-sma-2/,https://advanceddmesupplies.com/wp-content/uploads/2025/01/14-247x300.jpg,Relaxer Small Model: PR766-SMA
Cloud+ Large Model: PR511-LAR,LIFT CHAIRS,,https://advanceddmesupplies.com/product/cloud-large-model-pr511-lar/,https://advanceddmesupplies.com/wp-content/uploads/2025/01/3-3-247x300.png,Cloud+ Large Model: PR511-LAR
Cloud+ Small Model: PR511-SMA,LIFT CHAIRS,,https://advanceddmesupplies.com/product/cloud-small-model-pr511-sma/,https://advanceddmesupplies.com/wp-content/uploads/2025/01/2-247x300.png,Cloud+ Small Model: PR511-SMA
Cloud Medium Wide Model: PR510-MXW,LIFT CHAIRS,,https://advanceddmesupplies.com/product/cloud-medium-wide-model-pr510-mxw/,https://advanceddmesupplies.com/wp-content/uploads/2025/01/1-247x300.jpg,Cloud Medium Wide Model: PR510-MXW
Cloud Medium Large Model: PR510-MLA,LIFT CHAIRS,,https://advanceddmesupplies.com/product/cloud-medium-large-model-pr510-mla/,https://advanceddmesupplies.com/wp-content/uploads/2025/01/Cloud-247x300.jpg,Cloud Medium Large Model: PR510-MLA
Cloud Small Medium Model: PR510-SME,LIFT CHAIRS,,https://advanceddmesupplies.com/product/cloud-small-medium-model-pr510-sme/,https://advanceddmesupplies.com/wp-content/uploads/2025/01/wmCph5b8-247x300.jpeg,Cloud Small Medium Model: PR510-SME
Cambridge Medium/Large Model: PR401-MLA,LIFT CHAIRS,,https://advanceddmesupplies.com/product/cambridge-medium-large-model-pr401-mla/,https://advanceddmesupplies.com/wp-content/uploads/2025/01/1-29-247x300.jpg,Cambridge Medium/Large Model: PR401-MLA
Cambridge Small Medium Model: PR401-SME,LIFT CHAIRS,,https://advanceddmesupplies.com/product/cambridge-small-medium-model-pr401-sme/,https://advanceddmesupplies.com/wp-content/uploads/2025/01/4-21-247x300.jpg,Cambridge Small Medium Model: PR401-SME
Comforter Tall Wide Model: PR531-TXW,LIFT CHAIRS,,https://advanceddmesupplies.com/product/comforter-tall-wide-model-pr531-txw/,https://advanceddmesupplies.com/wp-content/uploads/2025/01/PR531-TAL-Anchor_8-19-20-Golden_DSC8735-247x300.jpg,Comforter Tall Wide Model: PR531-TXW
Comforter Medium Wide Model: PR531-MXW,LIFT CHAIRS,,https://advanceddmesupplies.com/product/comforter-medium-wide-model-pr531-mxw/,https://advanceddmesupplies.com/wp-content/uploads/2025/01/PR531-MED-Sandstorm_8-19-20-Golden_DSC8754-247x300.jpg,Comforter Medium Wide Model: PR531-MXW
Comforter Small Wide Model: PR531-SXW,LIFT CHAIRS,,https://advanceddmesupplies.com/product/comforter-small-wide-model-pr531-sxw/,https://advanceddmesupplies.com/wp-content/uploads/2025/01/PR531-S23-Port_8-19-20-Golden_DSC8745-247x300.jpg,Comforter Small Wide Model: PR531-SXW
Comforter Tall Model: PR531-TAL,LIFT CHAIRS,,https://advanceddmesupplies.com/product/comforter-tall-model-pr531-tal/,https://advanceddmesupplies.com/wp-content/uploads/2025/01/Golden-PR531-Tall-Power-Lift-Recliner-in-Anchor-1-768x576-1-247x300.png,Comforter Tall Model: PR531-TAL
Comforter Large Model: PR531-LAR,LIFT CHAIRS,,https://advanceddmesupplies.com/product/comforter-large-model-pr531-lar/,https://advanceddmesupplies.com/wp-content/uploads/2025/01/Golden-PR531-Large-Power-Lift-Recliner-in-Bittersweet-768x576-1-247x300.png,Comforter Large Model: PR531-LAR
Comforter Medium Model: PR531-MED,LIFT CHAIRS,,https://advanceddmesupplies.com/product/comforter-medium-model-pr531-med/,https://advanceddmesupplies.com/wp-content/uploads/2025/01/Golden-PR531-Comforter-Medium-Power-Lift-Recliner-Lifted-in-Bittersweet-2-247x300.png,Comforter Medium Model: PR531-MED
Golden Companion HD Model: GC540,SCOOTER,,https://advanceddmesupplies.com/product/golden-companion-hd-model-gc540/,https://advanceddmesupplies.com/wp-content/uploads/2025/01/1-1-247x300.png,Golden Companion HD Model: GC540
Buzzaround CarryOn Model: GP130,WHEELCHAIRS POWER,,https://advanceddmesupplies.com/product/buzzaround-carryon-model-gp130/,https://advanceddmesupplies.com/wp-content/uploads/2025/01/1-1-247x300.jpg,Buzzaround CarryOn Model: GP130
BuzzAbout Model: GP164,WHEELCHAIRS POWER,,https://advanceddmesupplies.com/product/buzzabout-model-gp164/,https://advanceddmesupplies.com/wp-content/uploads/2025/01/1-16-247x300.jpg,BuzzAbout Model: GP164
Phoenix Pulse POC,OXYGEN,,https://advanceddmesupplies.com/product/phoenix-pulse-poc/,https://advanceddmesupplies.com/wp-content/uploads/2026/09/Pulse_POC_lifestyle1-247x300.jpg,Phoenix Pulse POC
FloTilt Power Wheelchair | 4 Position Tilt,WHEELCHAIRS POWER,,https://advanceddmesupplies.com/product/flotilt-power-wheelchair-4-position-tilt/,https://advanceddmesupplies.com/wp-content/uploads/2026/09/1c_Main_Image__1_62fd7f79-4de9-4aac-8ced-8e74d0a4e6f6_800x800-247x300.jpg,FloTilt Power Wheelchair | 4 Position Tilt
Sport Wheelchair | Lightweight Folding Aluminum,WHEELCHAIRS MANUAL,,https://advanceddmesupplies.com/product/sport-wheelchair-lightweight-folding-aluminum/,https://advanceddmesupplies.com/wp-content/uploads/2026/09/1bMainImage__1_800x800-247x300.webp,Sport Wheelchair | Lightweight Folding Aluminum
Luna Travel CPAP,CPAP BIPAP VPAPS VENTILATORS,,https://advanceddmesupplies.com/product/luna-travel-cpap/,https://advanceddmesupplies.com/wp-content/uploads/2026/04/BMC_M1_Mini_six_side_view_edited-247x300.jpg,Luna Travel CPAP
Feather Cushion Collection,WHEELCHAIRS MANUAL,,https://advanceddmesupplies.com/product/feather-cushion-collection/,https://advanceddmesupplies.com/wp-content/uploads/2026/03/cushion-1-x-1_600x-247x300.webp,Feather Cushion Collection
Feather Wheelchair for Kids,WHEELCHAIRS MANUAL,,https://advanceddmesupplies.com/product/feather-wheelchair-for-kids/,https://advanceddmesupplies.com/wp-content/uploads/2026/03/PediatricChairs_23_1_600x-247x300.webp,Feather Wheelchair for Kids
Feather Transport – 13 Lbs,WHEELCHAIRS MANUAL,,https://advanceddmesupplies.com/product/feather-transport-13-lbs/,https://advanceddmesupplies.com/wp-content/uploads/2026/03/Logo_Transport-247x300.webp,Feather Transport - 13 Lbs
Feather Scooter – 37 Pounds,SCOOTER,,https://advanceddmesupplies.com/product/feather-scooter-37-pounds/,https://advanceddmesupplies.com/wp-content/uploads/2026/03/Logo_Scooter-247x300.webp,Feather Scooter - 37 Pounds
Feather Power Chair – 33 lbs,WHEELCHAIRS POWER,,https://advanceddmesupplies.com/product/feather-power-chair-33-lbs/,https://advanceddmesupplies.com/wp-content/uploads/2026/03/Logo_Power-247x300.webp,Feather Power Chair - 33 lbs
Feather Chair HD 350/450,WHEELCHAIRS MANUAL,,https://advanceddmesupplies.com/product/feather-chair-hd-350-450/,https://advanceddmesupplies.com/wp-content/uploads/2026/03/heavy-duty-wheelchair-247x300.webp,Feather Chair HD 350/450
Feather Chair – World’s Lightest Wheelchair,WHEELCHAIRS MANUAL,,https://advanceddmesupplies.com/product/feather-chair-worlds-lightest-wheelchair/,https://advanceddmesupplies.com/wp-content/uploads/2026/03/feather-wheelchair-247x300.webp,Feather Chair - World's Lightest Wheelchair
Feather 27X Scooter,SCOOTER,,https://advanceddmesupplies.com/product/feather-27x-scooter/,https://advanceddmesupplies.com/wp-content/uploads/2026/03/feather-scooter-247x300.webp,Feather 27X Scooter
Baja Wrangler 2 (BA400),SCOOTER,,https://advanceddmesupplies.com/product/baja-wrangler-2-ba400/,https://advanceddmesupplies.com/wp-content/uploads/2025/01/alt-1-wrangler2-blue-pillowtopseat-right-1-247x300.jpg,Baja Wrangler 2 (BA400)
Baja Raptor® 2 (BA300),SCOOTER,,https://advanceddmesupplies.com/product/baja-raptor-2-ba300/,https://advanceddmesupplies.com/wp-content/uploads/2025/01/baja_raptor_2_candy_red_left-247x300.jpg,Baja Raptor® 2 (BA300)
Baja Bandit 4 Wheel (BA140),SCOOTER,,https://advanceddmesupplies.com/product/baja-bandit-4-wheel-ba140/,https://advanceddmesupplies.com/wp-content/uploads/2025/01/baja_bandit_camo_right_beauty-247x300.jpg,Baja Bandit 4 Wheel (BA140)
Baja® Raptor 2 4 Wheel (BA340),SCOOTER,,https://advanceddmesupplies.com/product/baja-raptor-2-4-wheel-ba340/,https://advanceddmesupplies.com/wp-content/uploads/2025/01/baja_raptor_2_4w_candy_apple_red_left_beauty-247x300.jpg,Baja® Raptor 2 4 Wheel (BA340)
Baja Wrangler® 2 Med (BA401),SCOOTER,,https://advanceddmesupplies.com/product/baja-wrangler-2-med-ba401/,https://advanceddmesupplies.com/wp-content/uploads/2025/01/baja-wrangler-2-black-camo-beauty-247x300.jpg,Baja Wrangler® 2 Med (BA401)
Go Go Elite Traveller 2,SCOOTER,,https://advanceddmesupplies.com/product/go-go-elite-traveller-2/,https://advanceddmesupplies.com/wp-content/uploads/2025/01/gogo-elite-traveller-2-247x300.jpg,Go Go Elite Traveller 2
Go Go® Ultra X 3-Wheel (S39),SCOOTER,,https://advanceddmesupplies.com/product/go-go-ultra-x-3-wheel-s39/,https://advanceddmesupplies.com/wp-content/uploads/2025/01/go-go-ultra-x-3-wheel-247x300.jpg,Go Go® Ultra X 3-Wheel (S39)
"Victory 10, 4 Wheel (SC710)",SCOOTER,,https://advanceddmesupplies.com/product/victory-10-4-wheel-sc710/,https://advanceddmesupplies.com/wp-content/uploads/2025/01/Victory-10-4-Wheel-Candy-Apple-Red-247x300.jpg,"Victory 10, 4 Wheel (SC710)"
"Victory 9, 4 Wheel (SC709)",SCOOTER,,https://advanceddmesupplies.com/product/victory-9-4-wheel-sc709/,https://advanceddmesupplies.com/wp-content/uploads/2025/01/alt2-victory-9-4-wheel-left-beauty-candy-apple-red-247x300.jpg,"Victory 9, 4 Wheel (SC709)"
"Victory 10, 3 Wheel (SC610)",SCOOTER,,https://advanceddmesupplies.com/product/victory-10-3-wheel-sc610/,https://advanceddmesupplies.com/wp-content/uploads/2025/01/alt1-victory-10-3-wheel-right-beauty-viper-blue-247x300.jpg,"Victory 10, 3 Wheel (SC610)"
"Maxima, 3 Wheel (SC901)",SCOOTER,,https://advanceddmesupplies.com/product/maxima-3-wheel-sc901/,https://advanceddmesupplies.com/wp-content/uploads/2025/01/alt-1-Maxima-3W-Red-Right-Beauty-247x300.jpg,"Maxima, 3 Wheel (SC901)"
"Pride Maxima, 4 Wheel (SC941)",SCOOTER,,https://advanceddmesupplies.com/product/pride-maxima-4-wheel-sc941/,https://advanceddmesupplies.com/wp-content/uploads/2025/01/alt-2-Maxima-4W-Blue-Right-Beauty-247x300.jpg,"Pride Maxima, 4 Wheel (SC941)"
Transport Plus folding scooter,SCOOTER,,https://advanceddmesupplies.com/product/transport-plus-folding-scooter/,https://advanceddmesupplies.com/wp-content/uploads/2025/01/transport-plus-main-red-600x600-1-247x300.png,Transport Plus folding scooter
Jazzy Ultra Light,WHEELCHAIRS POWER,,https://advanceddmesupplies.com/product/jazzy-ultra-light/,https://advanceddmesupplies.com/wp-content/uploads/2025/01/jazzy-ultra-light-beauty-247x300.jpg,Jazzy Ultra Light
Jazzy Air®Med,WHEELCHAIRS POWER,,https://advanceddmesupplies.com/product/jazzy-airmed/,https://advanceddmesupplies.com/wp-content/uploads/2025/01/alt-1-jazzy-air-med-right-beauty-247x300.jpg,Jazzy Air®Med
Jazzy EVO 613 Li,WHEELCHAIRS POWER,,https://advanceddmesupplies.com/product/jazzy-evo-613-li/,https://advanceddmesupplies.com/wp-content/uploads/2025/01/jazzy-evo-613-robins-egg-left-247x300.jpg,Jazzy EVO 613 Li
Jazzy Elite 14,WHEELCHAIRS POWER,,https://advanceddmesupplies.com/product/jazzy-elite-14/,https://advanceddmesupplies.com/wp-content/uploads/2025/01/jazzy-elite-14-red-right-beauty-247x300.jpg,Jazzy Elite 14
Go Go Carbon,SCOOTER,,https://advanceddmesupplies.com/product/go-go-carbon/,https://advanceddmesupplies.com/wp-content/uploads/2025/01/go-go-carbon-1000-247x300.jpg,Go Go Carbon
Go Go Super Portable,SCOOTER,,https://advanceddmesupplies.com/product/go-go-super-portable/,https://advanceddmesupplies.com/wp-content/uploads/2025/01/go-go-super-portable-247x300.jpg,Go Go Super Portable
Pride Evolution LC-435,LIFT CHAIRS,,https://advanceddmesupplies.com/product/pride-evolution-lc-435/,https://advanceddmesupplies.com/wp-content/uploads/2025/01/evolution-lc-435-247x300.jpg,Pride Evolution LC-435
Pride Genesis LC-150,LIFT CHAIRS,,https://advanceddmesupplies.com/product/pride-genesis-lc-150/,https://advanceddmesupplies.com/wp-content/uploads/2025/01/sapphire-247x300.jpg,Pride Genesis LC-150
Drive Lynx Ultra Lightweight Wheelchair,3FT RAMP,,https://advanceddmesupplies.com/product/drive-lynx-ultra-lightweight-wheelchair/,https://advanceddmesupplies.com/wp-content/uploads/2024/12/LYNX-247x300.jpg,Drive Lynx Ultra Lightweight Wheelchair
Pride Prime Care P503,BED AND MATTRESS,,https://advanceddmesupplies.com/product/pride-prime-care-p503/,https://advanceddmesupplies.com/wp-content/uploads/2024/10/p503-247x300.jpg,Pride Prime Care P503
Drive Prime Care Bed Model P703,BED AND MATTRESS,,https://advanceddmesupplies.com/product/drive-prime-care-bed-model-p703/,https://advanceddmesupplies.com/wp-content/uploads/2024/10/drive-247x300.jpg,Drive Prime Care Bed Model P703
Drive Prime Care Bed Model P903,BED AND MATTRESS,,https://advanceddmesupplies.com/product/drive-prime-care-bed-model-p903/,https://advanceddmesupplies.com/wp-content/uploads/2024/10/bed-247x300.jpg,Drive Prime Care Bed Model P903
Drive Prime Plus Care Bed Model P750,BED AND MATTRESS,,https://advanceddmesupplies.com/product/drive-prime-plus-care-bed-model-p750/,https://advanceddmesupplies.com/wp-content/uploads/2024/10/bariatric-bed-247x300.jpg,Drive Prime Plus Care Bed Model P750
Walker Boot Cover,ORTHOPEDICS,,https://advanceddmesupplies.com/product/walker-boot-cover/,https://advanceddmesupplies.com/wp-content/uploads/2024/09/image-3-247x300.jpg,Walker Boot Cover
Wiping Aid,BATH SAFETY,,https://advanceddmesupplies.com/product/wiping-aid/,https://advanceddmesupplies.com/wp-content/uploads/2024/09/wiping-aid-247x300.jpg,Wiping Aid
Pollex Pro Thumb Splint,ORTHOPEDICS,,https://advanceddmesupplies.com/product/pollex-pro-thumb-splint/,https://advanceddmesupplies.com/wp-content/uploads/2024/08/pollex-pro-daumen-orthese-neu-oped-555-584-247x300.png,Pollex Pro Thumb Splint
OPTIVOhand Hand Brace,ORTHOPEDICS,,https://advanceddmesupplies.com/product/optivohand-hand-brace/,https://advanceddmesupplies.com/wp-content/uploads/2024/08/optivohand-hand-orthese-mit-pollex-pro-oped-555-584-247x300.png,OPTIVOhand Hand Brace
VACOped Diabetic Achilles Injury/Fracture Orthosis Boot,ORTHOPEDICS,,https://advanceddmesupplies.com/product/vacoped-diabetic-achilles-injury-fracture-orthosis-boot/,https://advanceddmesupplies.com/wp-content/uploads/2024/08/VACOpedDiabetic-orthese-oped-555-584-247x300.png,VACOped Diabetic Achilles Injury/Fracture Orthosis Boot
VACOcast Diabetic Fracture Orthosis Walking Boot,ORTHOPEDICS,,https://advanceddmesupplies.com/product/vacocast-diabetic-fracture-orthosis-walking-boot/,https://advanceddmesupplies.com/wp-content/uploads/2024/08/VACOcast-Diabetic-Orthosis-OPED-Medical-555-584-1-247x300.png,VACOcast Diabetic Fracture Orthosis Walking Boot
VACOpedes Low-Rise Fracture Orthosis Walking Boot,ORTHOPEDICS,,https://advanceddmesupplies.com/product/vacopedes-low-rise-fracture-orthosis-walking-boot/,https://advanceddmesupplies.com/wp-content/uploads/2024/08/VACOpedes-orthese-oped-555-584-2-247x300.png,VACOpedes Low-Rise Fracture Orthosis Walking Boot
VACOtalus Ankle Brace,ORTHOPEDICS,,https://advanceddmesupplies.com/product/vacotalus-ankle-brace/,https://advanceddmesupplies.com/wp-content/uploads/2024/08/VACOtalus_1_large-247x300.jpg,VACOtalus Ankle Brace
VACOped Short Achilles Injury/Fracture Walking Boot,ORTHOPEDICS,,https://advanceddmesupplies.com/product/vacoped-short-achilles-injury-fracture-walking-boot/,https://advanceddmesupplies.com/wp-content/uploads/2024/08/VACOped-Short-orthosis-oped-555-584-1-247x300.png,VACOped Short Achilles Injury/Fracture Walking Boot
VACOpedes Diabetic Low-Rise Fracture Orthosis Walking Boot,ORTHOPEDICS,,https://advanceddmesupplies.com/product/vacopedes-diabetic-low-rise-fracture-orthosis-walking-boot/,https://advanceddmesupplies.com/wp-content/uploads/2024/08/vacopedes-diabetic-boot-247x300.jpg,VACOpedes Diabetic Low-Rise Fracture Orthosis Walking Boot
VACOcast Fracture Orthosis Walking Boot (formerly VACOcast Fit),ORTHOPEDICS,,https://advanceddmesupplies.com/product/vacocast-fracture-orthosis-walking-boot-formerly-vacocast-fit/,https://advanceddmesupplies.com/wp-content/uploads/2024/08/VACOcast-orthosis-oped-555-584-1-247x300.png,VACOcast Fracture Orthosis Walking Boot (formerly VACOcast Fit)
VACOped Achilles Injury/Fracture Orthosis Boot (formerly VACOcast Pro-Achilles Boot),ORTHOPEDICS,,https://advanceddmesupplies.com/product/vacoped-achilles-injury-fracture-orthosis-boot-formerly-vacocast-pro-achilles-boot/,https://advanceddmesupplies.com/wp-content/uploads/2024/08/VACOped-PI-247x300.png,VACOped Achilles Injury/Fracture Orthosis Boot (formerly VACOcast Pro-Achilles Boot)
EVENup Shoe Lift,ORTHOPEDICS,,https://advanceddmesupplies.com/product/evenup-shoe-lift/,https://advanceddmesupplies.com/wp-content/uploads/2024/08/New_EVENup_-247x300.png,EVENup Shoe Lift
medline European-Style Aluminum Rollator,ROLLATORS,,https://advanceddmesupplies.com/product/medline-european-style-aluminum-rollator/,https://advanceddmesupplies.com/wp-content/uploads/2024/08/D1200012663411090_080820240830-247x300.jpg,medline European-Style Aluminum Rollator
Essentials Walker,ROLLATORS,,https://advanceddmesupplies.com/product/essentials-walker/,https://advanceddmesupplies.com/wp-content/uploads/2024/08/Essentials-Walker-1-247x300.jpg,Essentials Walker
Chariot IV XTC-RC Pediatric Reclining Wheelchair 12″/14″,PEDIATRICS WHEELCHAIR STROLLERS,,https://advanceddmesupplies.com/product/chariot-iv-xtc-rc-pediatric-reclining-wheelchair-12%e2%80%b3-14%e2%80%b3/,https://advanceddmesupplies.com/wp-content/uploads/2024/08/reclining-247x300.jpg,Chariot IV XTC-RC Pediatric Reclining Wheelchair 12″/14″
Chariot IV XTC Pediatric Wheelchair 12″/14″,PEDIATRICS WHEELCHAIR STROLLERS,,https://advanceddmesupplies.com/product/chariot-iv-xtc-pediatric-wheelchair-12%e2%80%b3-14%e2%80%b3/,https://advanceddmesupplies.com/wp-content/uploads/2024/08/Chariot-IV-XTC-Pediatric-1-1-247x300.jpg,Chariot IV XTC Pediatric Wheelchair 12″/14″
Protekt Akra-FE™ Full-Electric Bed,BED AND MATTRESS,,https://advanceddmesupplies.com/product/protekt-akra-fe-full-electric-bed/,https://advanceddmesupplies.com/wp-content/uploads/2024/08/bed-247x300.jpg,Protekt Akra-FE™ Full-Electric Bed
Protekt Akra Bariatric™ Full-Electric Bed,BED AND MATTRESS,,https://advanceddmesupplies.com/product/protekt-akra-bariatric-full-electric-bed/,https://advanceddmesupplies.com/wp-content/uploads/2024/08/AKRA-Full-Electric-BARIATRIC-w.Correct-Brown-Rails-247x300.jpg,Protekt Akra Bariatric™ Full-Electric Bed
Protekt 500 sit to Stand lift,HOYER LIFT,,https://advanceddmesupplies.com/product/protekt-500-sit-to-stand-lift/,https://advanceddmesupplies.com/wp-content/uploads/2024/08/34500-Protekt-500-Stand.1-1-247x300.jpg,Protekt 500 sit to Stand lift
Protekt 600 Sit to Stand lift,HOYER LIFT,,https://advanceddmesupplies.com/product/protekt-600-sit-to-stand-lift/,https://advanceddmesupplies.com/wp-content/uploads/2024/08/34600-Protekt-600-Stand.1.Copy_-1-247x300.png,Protekt 600 Sit to Stand lift
Protekt 600 Lift,HOYER LIFT,,https://advanceddmesupplies.com/product/protekt-600-lift/,https://advanceddmesupplies.com/wp-content/uploads/2024/08/33600-Protekt-600-Lift.2-247x300.jpg,Protekt 600 Lift
Protekt 500 Lift,HOYER LIFT,,https://advanceddmesupplies.com/product/protekt-500-lift/,https://advanceddmesupplies.com/wp-content/uploads/2024/08/33500-Protekt-500-Lift.5-247x300.jpg,Protekt 500 Lift
Protekt All-In-One Electric lift,HOYER LIFT,,https://advanceddmesupplies.com/product/protekt-all-in-one-electric-lift/,https://advanceddmesupplies.com/wp-content/uploads/2024/08/lift-247x300.jpg,Protekt All-In-One Electric lift
Revo™ 2.0 3 Wheel (S66),SCOOTER,,https://advanceddmesupplies.com/product/revo-2-0-3-wheel-s66/,https://advanceddmesupplies.com/wp-content/uploads/2024/08/revo-2.0-3-wheel-grey-street-right-beauty-1-247x300.jpg,Revo™ 2.0 3 Wheel (S66)
Medline Fold-Flat Aluminum Transport Chairs,WHEELCHAIRS MANUAL,,https://advanceddmesupplies.com/product/medline-fold-flat-aluminum-transport-chairs/,https://advanceddmesupplies.com/wp-content/uploads/2024/07/chair-247x300.jpg,Medline Fold-Flat Aluminum Transport Chairs
AirCurve™ 11 ASV with HumidAir™ 11,CPAP BIPAP VPAPS VENTILATORS,,https://advanceddmesupplies.com/product/aircurve-11-asv-with-humidair-11/,https://advanceddmesupplies.com/wp-content/uploads/2024/07/ASV--247x300.jpeg,AirCurve™ 11 ASV with HumidAir™ 11
AirCurve™ 11 ASV with HumidAir™ 11 and ClimateLineAir™ 11,CPAP BIPAP VPAPS VENTILATORS,,https://advanceddmesupplies.com/product/aircurve-11-asv-with-humidair-11-and-climatelineair-11/,https://advanceddmesupplies.com/wp-content/uploads/2024/07/ASV-247x300.jpeg,AirCurve™ 11 ASV with HumidAir™ 11 and ClimateLineAir™ 11
AirCurve™ 11 VAuto with HumidAir™ 11 and ClimateLineAir™ 11,CPAP BIPAP VPAPS VENTILATORS,,https://advanceddmesupplies.com/product/aircurve-11-vauto-with-humidair-11-and-climatelineair-11/,https://advanceddmesupplies.com/wp-content/uploads/2024/07/VAUTO-247x300.jpeg,AirCurve™ 11 VAuto with HumidAir™ 11 and ClimateLineAir™ 11
AirSense™ 11 AutoSet™ with HumidAir,CPAP BIPAP VPAPS VENTILATORS,,https://advanceddmesupplies.com/product/airsense-11-autoset-with-humidair/,https://advanceddmesupplies.com/wp-content/uploads/2024/07/ASIR-SENSE-11-AUTO-SET-247x300.jpeg,AirSense™ 11 AutoSet™ with HumidAir
AirSense™ 10 AutoSet™,CPAP BIPAP VPAPS VENTILATORS,,https://advanceddmesupplies.com/product/airsense-10-autoset/,https://advanceddmesupplies.com/wp-content/uploads/2024/07/AIR-SENSE-10-247x300.jpeg,AirSense™ 10 AutoSet™
Gemini 2 in 1 Rollator Transport Chair Black,ROLLATORS,,https://advanceddmesupplies.com/product/gemini-2-in-1-rollator-transport-chair-black/,https://advanceddmesupplies.com/wp-content/uploads/2024/07/NOVA-GEMINI-247x300.jpg,Gemini 2 in 1 Rollator Transport Chair Black
Ally Model: GP303,WHEELCHAIRS POWER,,https://advanceddmesupplies.com/product/ally-model-gp303/,https://advanceddmesupplies.com/wp-content/uploads/2024/07/ALLY-247x300.png,Ally Model: GP303
AirSense™ 11 CPAP with HumidAir,CPAP BIPAP VPAPS VENTILATORS,,https://advanceddmesupplies.com/product/airsense-11-cpap-with-humidair/,https://advanceddmesupplies.com/wp-content/uploads/2024/07/AIR-SENSE-11-247x300.jpeg,AirSense™ 11 CPAP with HumidAir
Large base quad cane,CANES AND CRUTCHES,,https://advanceddmesupplies.com/product/large-base-quad-cane/,https://advanceddmesupplies.com/wp-content/uploads/2024/06/large-base-1-247x300.jpg,Large base quad cane
Stand Assist Transfer Disc,HOYER LIFT,,https://advanceddmesupplies.com/product/stand-assist-transfer-disc/,https://advanceddmesupplies.com/wp-content/uploads/2024/06/transfer-disc-247x300.jpg,Stand Assist Transfer Disc
472 C.A.S.H. Orthosis,ORTHOPEDICS,,https://advanceddmesupplies.com/product/472-c-a-s-h-orthosis/,https://advanceddmesupplies.com/wp-content/uploads/2024/06/cash-247x300.jpg,472 C.A.S.H. Orthosis
Bariatric HD Rollator,ROLLATORS,,https://advanceddmesupplies.com/product/bariatric-hd-rollator/,https://advanceddmesupplies.com/wp-content/uploads/2024/06/big_10217_BM-HD-rlltr_angle_frnt-247x300.png,Bariatric HD Rollator
Bariatric Anterior Safety walker,WALKERS,,https://advanceddmesupplies.com/product/bariatric-anterior-safety-walker/,https://advanceddmesupplies.com/wp-content/uploads/2024/06/297422-247x300.jpg,Bariatric Anterior Safety walker
E-Z Walker Caddy,WALKERS,,https://advanceddmesupplies.com/product/e-z-walker-caddy/,https://advanceddmesupplies.com/wp-content/uploads/2024/06/71682A_1000x1000-pad-247x300.jpg,E-Z Walker Caddy
Wheelchair Positioning Amputee Support,WHEELCHAIRS MANUAL,,https://advanceddmesupplies.com/product/wheelchair-positioning-amputee-support/,https://advanceddmesupplies.com/wp-content/uploads/2024/06/THER31514_PRI01.jpg,Wheelchair Positioning Amputee Support
Amputee Cushions,WHEELCHAIRS MANUAL,,https://advanceddmesupplies.com/product/amputee-cushions/,https://advanceddmesupplies.com/wp-content/uploads/2024/06/cke8103-amputee-cushion-2w-1.jpg,Amputee Cushions
UNIVERSAL WRIST BRACE,ORTHOPEDICS,,https://advanceddmesupplies.com/product/universal-wrist-brace/,https://advanceddmesupplies.com/wp-content/uploads/2024/05/Apollo-universal-247x300.png,UNIVERSAL WRIST BRACE
807 Thumb Splint,ORTHOPEDICS,,https://advanceddmesupplies.com/product/807-thumb-splint/,https://advanceddmesupplies.com/wp-content/uploads/2024/05/001-SUP2040BLK-SUP2041BLK-main-152x152-1.png,807 Thumb Splint
916 Wrist Brace,ORTHOPEDICS,,https://advanceddmesupplies.com/product/916-wrist-brace/,https://advanceddmesupplies.com/wp-content/uploads/2024/05/image-9-247x300.jpg,916 Wrist Brace
843 OA Knee Brace,ORTHOPEDICS,,https://advanceddmesupplies.com/product/843-oa-knee-brace/,https://advanceddmesupplies.com/wp-content/uploads/2024/05/001-SUP2027BLK-main-152x152-1.png,843 OA Knee Brace
ROM Knee Brace,ORTHOPEDICS,,https://advanceddmesupplies.com/product/rom-knee-brace/,https://advanceddmesupplies.com/wp-content/uploads/2024/05/001-SUP2071BLK-main-152x152-1.jpg,ROM Knee Brace
845 Dual OA Knee Brace,ORTHOPEDICS,,https://advanceddmesupplies.com/product/845-dual-oa-knee-brace/,https://advanceddmesupplies.com/wp-content/uploads/2024/05/006-SUP2079BLK-brace-152x152-1.png,845 Dual OA Knee Brace
639 LSO Brace,ORTHOPEDICS,,https://advanceddmesupplies.com/product/639-lso-brace/,https://advanceddmesupplies.com/wp-content/uploads/2024/05/005-SUP3016BLK-Back-152x152-1.jpg,639 LSO Brace
637 Lumbar Brace LSO,ORTHOPEDICS,,https://advanceddmesupplies.com/product/637-lumbar-brace-lso/,https://advanceddmesupplies.com/wp-content/uploads/2024/05/image-247x300.png,637 Lumbar Brace LSO
631 Lumbar Brace LSO,ORTHOPEDICS,,https://advanceddmesupplies.com/product/631-lumbar-brace-lso/,https://advanceddmesupplies.com/wp-content/uploads/2024/05/003-SUP2025BLK-back-247x300.png,631 Lumbar Brace LSO
627 Lumbar Brace LSO,ORTHOPEDICS,,https://advanceddmesupplies.com/product/627-lumbar-brace-lso/,https://advanceddmesupplies.com/wp-content/uploads/2024/05/image-247x300.jpg,627 Lumbar Brace LSO
626 Lumbar Brace,ORTHOPEDICS,,https://advanceddmesupplies.com/product/626-lumbar-brace/,https://advanceddmesupplies.com/wp-content/uploads/2024/05/001-SUP2031BLK-main-152x152-1.png,626 Lumbar Brace
625 Back Brace,ORTHOPEDICS,,https://advanceddmesupplies.com/product/625-back-brace/,https://advanceddmesupplies.com/wp-content/uploads/2024/05/006-SUP2073BLK-BP-adjustable-compression-247x300.png,625 Back Brace
464 TLSO,ORTHOPEDICS,,https://advanceddmesupplies.com/product/464-tlso/,https://advanceddmesupplies.com/wp-content/uploads/2024/05/002-SUP3018BLK-tlso-247x300.jpg,464 TLSO
456 TLSO,ORTHOPEDICS,,https://advanceddmesupplies.com/product/456-tlso/,https://advanceddmesupplies.com/wp-content/uploads/2024/05/001-SUP2054BLK-main-247x300.webp,456 TLSO
3 in 1 Step-Down LSO,ORTHOPEDICS,,https://advanceddmesupplies.com/product/3-in-1-step-down-lso/,https://advanceddmesupplies.com/wp-content/uploads/2024/05/001-SUP3011BLK-main-247x300.jpg,3 in 1 Step-Down LSO
"COMPRESSOR, NEBULIZER, SOCCER BALL",NEBULIZER,,https://advanceddmesupplies.com/product/compressor-nebulizer-soccer-ball/,https://advanceddmesupplies.com/wp-content/uploads/2024/05/soccer-neb-247x300.jpg,"COMPRESSOR, NEBULIZER, SOCCER BALL"
DB600 Bariatric HD LTC Bed w/ Head and Foot Boards,BED AND MATTRESS,,https://advanceddmesupplies.com/product/db600-bariatric-hd-ltc-bed-w-head-and-foot-boards/,https://advanceddmesupplies.com/wp-content/uploads/2024/04/big_12014-CH-247x300.png,DB600 Bariatric HD LTC Bed w/ Head and Foot Boards
DB300 Bariatric LTC 5 Function Low Bed,BED AND MATTRESS,,https://advanceddmesupplies.com/product/db300-bariatric-ltc-5-function-low-bed/,https://advanceddmesupplies.com/wp-content/uploads/2024/04/big_12013-247x300.png,DB300 Bariatric LTC 5 Function Low Bed
D200 LTC 3 Function Low Bed – Composite Boards,BED AND MATTRESS,,https://advanceddmesupplies.com/product/d200-ltc-3-function-low-bed-composite-boards/,https://advanceddmesupplies.com/wp-content/uploads/2024/04/big_12002-D200-longterm-care-bed_Main_-_Copy_5-247x300.png,D200 LTC 3 Function Low Bed - Composite Boards
Maverick Rollator,ROLLATORS,,https://advanceddmesupplies.com/product/maverick/,https://advanceddmesupplies.com/wp-content/uploads/2024/04/Maverick-3-247x300.jpg,Maverick Rollator
Triumph Prestige,ROLLATORS,,https://advanceddmesupplies.com/product/triumph-prestige/,https://advanceddmesupplies.com/wp-content/uploads/2024/04/prestige-flip-side-2-247x300.jpg,Triumph Prestige
ZEN -O portable oxygen concentrator,OXYGEN,,https://advanceddmesupplies.com/product/zen-0-portable-oxygen-concentrator/,https://advanceddmesupplies.com/wp-content/uploads/2024/04/5cf542aa9fa80293824683a518ab5ab3_500x535-247x300.jpg,ZEN -O portable oxygen concentrator
ZEN-O LITE portable oxygen concentrator,OXYGEN,,https://advanceddmesupplies.com/product/zen-o-lite-portable-oxygen-concentrator/,https://advanceddmesupplies.com/wp-content/uploads/2024/04/cc9b218c-76c6-47c1-bf14-c93fd0c0323a-247x300.jpg,ZEN-O LITE portable oxygen concentrator
SEATA Rollator,ROLLATORS,,https://advanceddmesupplies.com/product/seata-rollator/,https://advanceddmesupplies.com/wp-content/uploads/2024/03/blob-247x300.jpg,SEATA Rollator
Transcend Micro™ Auto CPAP,CPAP BIPAP VPAPS VENTILATORS,,https://advanceddmesupplies.com/product/transcend-micro-auto-cpap/,https://advanceddmesupplies.com/wp-content/uploads/2024/02/DevicePhone_lg_shadow_ecomm-2-247x300.jpg,Transcend Micro™ Auto CPAP
Upper Extremity Support,PEDIATRICS WHEELCHAIR STROLLERS,,https://advanceddmesupplies.com/product/upper-extremity-support/,https://advanceddmesupplies.com/wp-content/uploads/2024/01/Greyed-Tray-top-view-247x300.jpeg,Upper Extremity Support
Basket,PEDIATRICS WHEELCHAIR STROLLERS,,https://advanceddmesupplies.com/product/basket/,https://advanceddmesupplies.com/wp-content/uploads/2024/01/basket-strive-adaptive-stroller.jpg,Basket
Anti-Tippers,PEDIATRICS WHEELCHAIR STROLLERS,,https://advanceddmesupplies.com/product/anti-tippers/,https://advanceddmesupplies.com/wp-content/uploads/2024/01/Tippers-strive-adaptive-stroller.jpg,Anti-Tippers
Bus Transit tie down,PEDIATRICS WHEELCHAIR STROLLERS,,https://advanceddmesupplies.com/product/bus-transit-tie-down/,https://advanceddmesupplies.com/wp-content/uploads/2024/01/bus-transit-tie-downs-strive-adaptive-stroller.jpg,Bus Transit tie down
Canopy,PEDIATRICS WHEELCHAIR STROLLERS,,https://advanceddmesupplies.com/product/canopy/,https://advanceddmesupplies.com/wp-content/uploads/2024/01/canopy-strive-adaptive-stroller.jpg,Canopy
Strive Adaptive Stroller,PEDIATRICS WHEELCHAIR STROLLERS,,https://advanceddmesupplies.com/product/strive-adaptive-stroller/,https://advanceddmesupplies.com/wp-content/uploads/2024/01/CSSTRIVE_image-1-1-1-247x300.jpg,Strive Adaptive Stroller
Ziggo Pediatric Reclining Wheelchair,PEDIATRICS WHEELCHAIR STROLLERS,,https://advanceddmesupplies.com/product/ziggo-pediatric-reclining-wheelchair/,https://advanceddmesupplies.com/wp-content/uploads/2024/01/zrec1400-247x300.jpg,Ziggo Pediatric Reclining Wheelchair
ziggo pediatric wheelchair,WHEELCHAIRS MANUAL,,https://advanceddmesupplies.com/product/ziggo-pediatric-wheelchair/,https://advanceddmesupplies.com/wp-content/uploads/2024/01/611ykz0zwbl._ac_sl1024_-247x300.jpg,ziggo pediatric wheelchair
Protekt Protopia,BED AND MATTRESS,,https://advanceddmesupplies.com/product/5307/,https://advanceddmesupplies.com/wp-content/uploads/2024/01/Protopia-MAIN-image.Beds-01-247x300.jpg,Protekt Protopia
Protekt Protopia™ EXP,BED AND MATTRESS,,https://advanceddmesupplies.com/product/protekt-protopia-exp/,https://advanceddmesupplies.com/wp-content/uploads/2024/01/Protopia-EXP-MAIN-image.Beds-16-247x300.jpg,Protekt Protopia™ EXP
Protekt Protopi BARI EXP,BED AND MATTRESS,,https://advanceddmesupplies.com/product/protekt-protopi-bari-exp/,https://advanceddmesupplies.com/wp-content/uploads/2024/01/Protopia-BARI-EXP-MAIN-image.Beds-21-247x300.jpg,Protekt Protopi BARI EXP
"Aluminum Transport Chair with 12-Inch Wheels,",WHEELCHAIRS MANUAL,,https://advanceddmesupplies.com/product/aluminum-transport-chair-with-12-inch-wheels/,https://advanceddmesupplies.com/wp-content/uploads/2024/01/D1200012663407534_251020230833-247x297.jpg,"Aluminum Transport Chair with 12-Inch Wheels,"
Swing-Away Foot Support,WHEELCHAIRS MANUAL,,https://advanceddmesupplies.com/product/swing-away-foot-support-2/,https://advanceddmesupplies.com/wp-content/uploads/2024/01/httpsskilcarestg.wpengine.comproductimage703470_SwingAway1-247x300.jpg,Swing-Away Foot Support
U-Turn Bolster,BED AND MATTRESS,,https://advanceddmesupplies.com/product/u-turn-bolster/,https://advanceddmesupplies.com/wp-content/uploads/2024/01/554150_UTurnBolster_0922-copy-247x300.jpg,U-Turn Bolster
Soft Boot,BED AND MATTRESS,,https://advanceddmesupplies.com/product/soft-boot/,https://advanceddmesupplies.com/wp-content/uploads/2024/01/httpsskilcarestg.wpengine.comproductimage503160_SoftBoot_1-247x300.jpg,Soft Boot
Lateral Stabilizer Arm Trough,WHEELCHAIRS MANUAL,,https://advanceddmesupplies.com/product/lateral-stabilizer-arm-trough-2/,https://advanceddmesupplies.com/wp-content/uploads/2024/01/httpsskilcarestg.wpengine.comproductimage706142_LateralArmTrough-247x300.jpg,Lateral Stabilizer Arm Trough
Lateral Body Support,WHEELCHAIRS MANUAL,,https://advanceddmesupplies.com/product/lateral-body-support/,https://advanceddmesupplies.com/wp-content/uploads/2024/01/httpsskilcarestg.wpengine.comproductimage706010_LateralBodySupport-247x300.jpg,Lateral Body Support
EZ On Lateral Support,WHEELCHAIRS MANUAL,,https://advanceddmesupplies.com/product/ez-on-lateral-support-2/,https://advanceddmesupplies.com/wp-content/uploads/2024/01/706005_EZonLateral_1-247x300.jpg,EZ On Lateral Support
Adjustable Lateral Support,WHEELCHAIRS MANUAL,,https://advanceddmesupplies.com/product/adjustable-lateral-support/,https://advanceddmesupplies.com/wp-content/uploads/2024/01/httpsskilcarestg.wpengine.comproductimage706050_AdjustLateral-3-247x300.jpg,Adjustable Lateral Support
Two-Piece Footrest Extender,WHEELCHAIRS MANUAL,,https://advanceddmesupplies.com/product/two-piece-footrest-extender/,https://advanceddmesupplies.com/wp-content/uploads/2024/01/httpsskilcarestg.wpengine.comproductimage703280_FootrestExtender-247x300.jpg,Two-Piece Footrest Extender
Wheelchair Legrest with Padded Sides,WHEELCHAIRS MANUAL,,https://advanceddmesupplies.com/product/wheelchair-legrest-with-padded-sides/,https://advanceddmesupplies.com/wp-content/uploads/2024/01/httpsskilcarestg.wpengine.comproductimage703460_WCLegrestPad_1-247x300.jpg,Wheelchair Legrest with Padded Sides
Wheelchair Footrest Extender w/Leg Separation,WHEELCHAIRS MANUAL,,https://advanceddmesupplies.com/product/wheelchair-footrest-extender-w-leg-separation/,https://advanceddmesupplies.com/wp-content/uploads/2024/01/703262_WCFootrestRemovable-247x300.jpg,Wheelchair Footrest Extender w/Leg Separation
Gull Wing Leg Abductor,WHEELCHAIRS MANUAL,,https://advanceddmesupplies.com/product/gull-wing-leg-abductor/,https://advanceddmesupplies.com/wp-content/uploads/2024/01/httpsskilcarestg.wpengine.comproductimage703077_gull-wing-scaled-1-247x300.jpg,Gull Wing Leg Abductor
Side-Kick,WHEELCHAIRS MANUAL,,https://advanceddmesupplies.com/product/side-kick/,https://advanceddmesupplies.com/wp-content/uploads/2024/01/703455_SideKick-1-247x300.jpg,Side-Kick
One-Piece Econo-Footrest Extender,WHEELCHAIRS MANUAL,,https://advanceddmesupplies.com/product/one-piece-econo-footrest-extender/,https://advanceddmesupplies.com/wp-content/uploads/2024/01/httpsskilcarestg.wpengine.comproductimage703286_OnePieceFootrest-5-247x300.jpg,One-Piece Econo-Footrest Extender
Bariatric HD Full Electric Home Care Bed 48 and 54 inches,BED AND MATTRESS,,https://advanceddmesupplies.com/product/bariatric-hd-full-electric-home-care-bed-48-inch/,https://advanceddmesupplies.com/wp-content/uploads/2023/11/1qzvp0_g-247x300.webp,Bariatric HD Full Electric Home Care Bed 48 and 54 inches
Bariatric HD Electric Patient Lift,HOYER LIFT,,https://advanceddmesupplies.com/product/bariatric-hd-electric-patient-lift/,https://advanceddmesupplies.com/wp-content/uploads/2023/11/10707_barimax_bariatric-patient-lift_three-quarter-view_right_72dpi-247x300.webp,Bariatric HD Electric Patient Lift
WONDER 8 INCH ROLLATOR,ROLLATORS,,https://advanceddmesupplies.com/product/wonder-8-inch-rollator/,https://advanceddmesupplies.com/wp-content/uploads/2026/02/WONDER-ROLLATOR-247x300.webp,WONDER 8 INCH ROLLATOR
WONDER TRAY,LIFT CHAIRS,,https://advanceddmesupplies.com/product/wonder-tray/,https://advanceddmesupplies.com/wp-content/uploads/2026/02/wonder-tray-247x300.webp,WONDER TRAY
Jazzy® Carbon 27X,WHEELCHAIRS POWER,,https://advanceddmesupplies.com/product/jazzy-carbon-27x/,https://advanceddmesupplies.com/wp-content/uploads/2026/01/jazzy-carbon27x-beauty-right-black-247x300.jpg,Jazzy® Carbon 27X
Jazzy® Carbon 27,WHEELCHAIRS POWER,,https://advanceddmesupplies.com/product/jazzy-carbon-27/,https://advanceddmesupplies.com/wp-content/uploads/2026/01/jazzy-carbon-27-night-sky-left-quarter-247x300.jpg,Jazzy® Carbon 27
Jazzy® Carbon HD,WHEELCHAIRS POWER,,https://advanceddmesupplies.com/product/jazzy-carbon-hd/,https://advanceddmesupplies.com/wp-content/uploads/2026/01/jazzy-carbon-hd-black-cherry-left-quarter-247x300.jpg,Jazzy® Carbon HD
"Victory® Platinum, 4 Wheel (SC710PLA)",SCOOTER,,https://advanceddmesupplies.com/product/victory-platinum-4-wheel-sc710pla/,https://advanceddmesupplies.com/wp-content/uploads/2026/01/victory-platinum-cadinal-red-beauty-right-247x300.jpg,"Victory® Platinum, 4 Wheel (SC710PLA)"
VOCIC AY04 Electric Stair Climber Wheelchair,HOYER LIFT,,https://advanceddmesupplies.com/product/vocic-ay04-electric-stair-climber-wheelchair/,https://advanceddmesupplies.com/wp-content/uploads/2026/01/2_186056e0-e62d-4e9c-a043-758308797ac6_1160x_crop_center-247x300.webp,VOCIC AY04 Electric Stair Climber Wheelchair
Panther 4-Wheel Heavy Duty Scooter,SCOOTER,,https://advanceddmesupplies.com/product/panther-4-wheel-heavy-duty-scooter/,https://advanceddmesupplies.com/wp-content/uploads/2026/01/PANTHER22CS-1-247x300.jpg,Panther 4-Wheel Heavy Duty Scooter
ZooMe Auto-Flex Folding Travel Scooter,SCOOTER,,https://advanceddmesupplies.com/product/zoome-auto-flex-folding-travel-scooter/,https://advanceddmesupplies.com/wp-content/uploads/2026/01/FLEX-AUTO-2-247x300.jpg,ZooMe Auto-Flex Folding Travel Scooter
Prowler 4-Wheel Mobility Scooter,SCOOTER,,https://advanceddmesupplies.com/product/prowler-4-wheel-mobility-scooter/,https://advanceddmesupplies.com/wp-content/uploads/2026/01/PROWLER3410MG22CS-247x300.jpg,Prowler 4-Wheel Mobility Scooter
Phoenix LT 4-Wheel Scooter,SCOOTER,,https://advanceddmesupplies.com/product/phoenix-lt-4-wheel-scooter-2/,https://advanceddmesupplies.com/wp-content/uploads/2026/01/PHOENIXLT4-4-247x300.jpg,Phoenix LT 4-Wheel Scooter
VOCIC V53 Lightweight Foldable Power Wheelchair,WHEELCHAIRS POWER,,https://advanceddmesupplies.com/product/21044/,https://advanceddmesupplies.com/wp-content/uploads/2026/01/V53-1_ff2d460f-5572-43cd-af4a-c2c8781397cd_1160x_crop_center-247x300.webp,VOCIC V53 Lightweight Foldable Power Wheelchair
Medline Shuttle Extra-Wide Wheelchair,WHEELCHAIRS MANUAL,,https://advanceddmesupplies.com/product/medline-shuttle-extra-wide-wheelchair/,https://advanceddmesupplies.com/wp-content/uploads/2023/11/D1200012663407796_060520230347-247x243.jpg,Medline Shuttle Extra-Wide Wheelchair
Bariatric Patient Lift,HOYER LIFT,,https://advanceddmesupplies.com/product/bariatric-patient-lift/,https://advanceddmesupplies.com/wp-content/uploads/2023/11/bestcare-procare-bestlift-pl600-bariatric-patient-lift-1-1688191477681-P-247x300.jpg,Bariatric Patient Lift
Nova Medical Star 8 DX Extra Wide Rollator Walker – 450 lb Capacity,ROLLATORS,,https://advanceddmesupplies.com/product/nova-medical-star-8-dx-extra-wide-rollator-walker-450-lb-capacity/,https://advanceddmesupplies.com/wp-content/uploads/2023/11/Top-921-247x300.webp,Nova Medical Star 8 DX Extra Wide Rollator Walker - 450 lb Capacity
Bariatric Upright Walker-Series T,ROLLATORS,,https://advanceddmesupplies.com/product/bariatric-upright-walker-series-t/,https://advanceddmesupplies.com/wp-content/uploads/2023/11/UprightwalkerseriesT_800x-247x300.jpg,Bariatric Upright Walker-Series T
"ProBasics Heavy Duty K0007 Wheelchair, 28″ x 20″ Seat with Legrests",WHEELCHAIRS MANUAL,,https://advanceddmesupplies.com/product/probasics-heavy-duty-k0007-wheelchair-28-x-20-seat-with-legrests/,https://advanceddmesupplies.com/wp-content/uploads/2023/11/WC72x20Dx_K7HD_1-1-247x300.jpg,"ProBasics Heavy Duty K0007 Wheelchair, 28"" x 20"" Seat with Legrests"
"ProBasics Heavy Duty K0007 Wheelchair, 26″ x 20″ Seat with Footrests",WHEELCHAIRS MANUAL,,https://advanceddmesupplies.com/product/probasics-heavy-duty-k0007-wheelchair-26-x-20-seat-with-footrests/,https://advanceddmesupplies.com/wp-content/uploads/2023/11/WC72x20Dx_K7HD_1-247x300.jpg,"ProBasics Heavy Duty K0007 Wheelchair, 26"" x 20"" Seat with Footrests"
"ProBasics Heavy Duty K0007 Wheelchair, 24″ x 18″ Seat with Footrests",WHEELCHAIRS MANUAL,,https://advanceddmesupplies.com/product/probasics-heavy-duty-k0007-wheelchair-24-x-18-seat-with-footrests/,https://advanceddmesupplies.com/wp-content/uploads/2023/11/PRO_WC72x18DS_K7wheelchair_Prod1-247x300.jpg,"ProBasics Heavy Duty K0007 Wheelchair, 24"" x 18"" Seat with Footrests"
"ProBasics Heavy Duty K0007 Wheelchair, 22″ x 18″ Seat with Footrests",WHEELCHAIRS MANUAL,,https://advanceddmesupplies.com/product/probasics-heavy-duty-k0007-wheelchair-22-x-18-seat-with-footrests/,https://advanceddmesupplies.com/wp-content/uploads/2023/11/WC72x18DS_1-247x300.jpg,"ProBasics Heavy Duty K0007 Wheelchair, 22"" x 18"" Seat with Footrests"
Bariatric Steel Transport Chair,WHEELCHAIRS MANUAL,,https://advanceddmesupplies.com/product/5205/,https://advanceddmesupplies.com/wp-content/uploads/2023/11/PB_TCS221612SV_Image1-247x300.jpg,Bariatric Steel Transport Chair
ProBasics K3 Lightweight Wheelchair,WHEELCHAIRS MANUAL,,https://advanceddmesupplies.com/product/probasics-k3-lightweight-wheelchair/,https://advanceddmesupplies.com/wp-content/uploads/2023/11/WC3xx16DE__Prod4-247x300.jpg,ProBasics K3 Lightweight Wheelchair
K4 LIGHT WEIGHT WHEELCHAIR,WHEELCHAIRS MANUAL,,https://advanceddmesupplies.com/product/k4-light-weight-wheelchair/,https://advanceddmesupplies.com/wp-content/uploads/2023/11/New-K4-Lite-Ele-Leg-Rt-2-247x300.jpg,K4 LIGHT WEIGHT WHEELCHAIR
Bariatric Raised Toilet Seat,COMMODES,,https://advanceddmesupplies.com/product/bariatric-raised-toilet-seat/,https://advanceddmesupplies.com/wp-content/uploads/2023/11/PF04693_PRI04-247x300.jpg,Bariatric Raised Toilet Seat
EW-18 power scooter,SCOOTER,,https://advanceddmesupplies.com/product/ew-18-power-scooter/,https://advanceddmesupplies.com/wp-content/uploads/2023/11/ew-18-red-002-sm-247x300.webp,EW-18 power scooter
"Nestle Healthcare Nutrition Nutren 1.5 Tube Feeding Formula 8.45 oz Carton Ready to Use Unflavored Adult, 24 Count",ENTERAL NUTRITION,,https://advanceddmesupplies.com/product/nestle-healthcare-nutrition-nutren-1-5-tube-feeding-formula-8-45-oz-carton-ready-to-use-unflavored-adult-24-count/,https://advanceddmesupplies.com/wp-content/uploads/2023/11/51RoFE8FY5L.__AC_SX300_SY300_QL70_FMwebp_.webp,"Nestle Healthcare Nutrition Nutren 1.5 Tube Feeding Formula 8.45 oz Carton Ready to Use Unflavored Adult, 24 Count"
Nestle 9871616230 – Tube Feeding Formula Nutren® 2.0 Unflavored Liquid 8.45 Oz. Carton,ENTERAL NUTRITION,,https://advanceddmesupplies.com/product/nestle-9871616230-tube-feeding-formula-nutren-2-0-unflavored-liquid-8-45-oz-carton/,https://advanceddmesupplies.com/wp-content/uploads/2023/11/cr2l6230a__62132-247x300.jpg,Nestle 9871616230 - Tube Feeding Formula Nutren® 2.0 Unflavored Liquid 8.45 Oz. Carton
Steel Drop Arm Bedside Commode with Padded Arms,COMMODES,,https://advanceddmesupplies.com/product/steel-drop-arm-bedside-commode-with-padded-arms/,https://advanceddmesupplies.com/wp-content/uploads/2023/11/71WcDE4pRNS._AC_SL1500-247x300.webp,Steel Drop Arm Bedside Commode with Padded Arms
Trend Quick Form SI,ORTHOPEDICS,,https://advanceddmesupplies.com/product/trend-quick-form-si/,https://advanceddmesupplies.com/wp-content/uploads/2023/11/949a28_be12fe20a3dd48ea94c8bf8c4259c901mv2-247x300.webp,Trend Quick Form SI
Trend Recoup,ORTHOPEDICS,,https://advanceddmesupplies.com/product/trend-recoup/,https://advanceddmesupplies.com/wp-content/uploads/2023/11/949a28_5ee24776b58c455fa017efa86e420359mv2-247x300.webp,Trend Recoup
Trend Pro Unloader 2,ORTHOPEDICS,,https://advanceddmesupplies.com/product/trend-pro-unloader-2/,https://advanceddmesupplies.com/wp-content/uploads/2023/11/949a28_170de76aecdd4ba1a1c2c7a22704ddfcmv2-247x300.webp,Trend Pro Unloader 2
Trend Triumph Knee Brace,ORTHOPEDICS,,https://advanceddmesupplies.com/product/trend-triumph-knee-brace/,https://advanceddmesupplies.com/wp-content/uploads/2023/11/949a28_9f54016b510b4e5c9636f04cada0b29bmv2-247x300.webp,Trend Triumph Knee Brace
Trend Pro LSO,ORTHOPEDICS,,https://advanceddmesupplies.com/product/trend-pro-lso/,https://advanceddmesupplies.com/wp-content/uploads/2023/11/949a28_ccf4a6947f1947c6a2c96df8786dbfa3mv2-247x300.webp,Trend Pro LSO
Trend Extend LSO,ORTHOPEDICS,,https://advanceddmesupplies.com/product/trend-extend-lso/,https://advanceddmesupplies.com/wp-content/uploads/2023/11/949a28_34cc5f3ec14b4e33adfe62b374ef27a9mv2-247x300.webp,Trend Extend LSO
Trend Correx TLSO,ORTHOPEDICS,,https://advanceddmesupplies.com/product/trend-correx-tlso/,https://advanceddmesupplies.com/wp-content/uploads/2023/11/949a28_986ab3f55b6e41ef807467629639f667mv2-247x300.webp,Trend Correx TLSO
Trend Trauma Collar,ORTHOPEDICS,,https://advanceddmesupplies.com/product/trend-trauma-collar/,https://advanceddmesupplies.com/wp-content/uploads/2023/11/949a28_a73361733e8f4d969c4261dd43a8f077mv2-247x300.webp,Trend Trauma Collar
Trend Correx SP TLSO,ORTHOPEDICS,,https://advanceddmesupplies.com/product/trend-correx-sp-tlso/,https://advanceddmesupplies.com/wp-content/uploads/2023/11/949a28_6e8fbde856c94e81a76284c4b9e4e404mv2-1-247x300.webp,Trend Correx SP TLSO
Double Electric Breast Pump Kit Zomee,BREAST PUMPS,,https://advanceddmesupplies.com/product/double-electric-breast-pump-kit-zomee/,https://advanceddmesupplies.com/wp-content/uploads/2023/10/zoomie-247x300.jpg,Double Electric Breast Pump Kit Zomee
Victory® 10.2 3-Wheel,SCOOTER,,https://advanceddmesupplies.com/product/victory-10-2-3-wheel/,https://advanceddmesupplies.com/wp-content/uploads/2023/10/victory-10-2-3-wheel-candy-apple-red-247x300.jpg,Victory® 10.2 3-Wheel
Victory® LX Sport 4-Wheel,SCOOTER,,https://advanceddmesupplies.com/product/victory-lx-sport-4-wheel/,https://advanceddmesupplies.com/wp-content/uploads/2023/10/victory-247x300.jpg,Victory® LX Sport 4-Wheel
Zero Turn 10,SCOOTER,,https://advanceddmesupplies.com/product/zero-turn-10/,https://advanceddmesupplies.com/wp-content/uploads/2023/10/zt10-ocean-blue-247x300.jpg,Zero Turn 10
iRide® 2,SCOOTER,,https://advanceddmesupplies.com/product/iride-2-2/,https://advanceddmesupplies.com/wp-content/uploads/2023/10/i-ride-2-247x300.png,iRide® 2
Pursuit 2,SCOOTER,,https://advanceddmesupplies.com/product/pursuit-2/,https://advanceddmesupplies.com/wp-content/uploads/2023/10/pursuit-2-grey-247x300.png,Pursuit 2
Pride PX4 Specifications,SCOOTER,,https://advanceddmesupplies.com/product/pride-px4-specifications/,https://advanceddmesupplies.com/wp-content/uploads/2023/10/px4-247x300.png,Pride PX4 Specifications
Elara Large Model: PR118-LAR,LIFT CHAIRS,,https://advanceddmesupplies.com/product/elara-large-model-pr118-lar/,https://advanceddmesupplies.com/wp-content/uploads/2023/10/ELARA-L-247x300.webp,Elara Large Model: PR118-LAR
Elara Medium Small Model: PR118-MSM,LIFT CHAIRS,,https://advanceddmesupplies.com/product/elara-medium-small-model-pr118-msm/,https://advanceddmesupplies.com/wp-content/uploads/2023/10/ELARA-247x300.webp,Elara Medium Small Model: PR118-MSM
Comforter Petite Small Model: PR531-PSA,LIFT CHAIRS,,https://advanceddmesupplies.com/product/comforter-petite-small-model-pr531-psa/,https://advanceddmesupplies.com/wp-content/uploads/2023/10/COMFORTER-S-247x300.webp,Comforter Petite Small Model: PR531-PSA
Comforter with MaxiComfort Large/Wide Model: PR535-M28,LIFT CHAIRS,,https://advanceddmesupplies.com/product/comforter-with-maxicomfort-large-wide-model-pr535-m28/,https://advanceddmesupplies.com/wp-content/uploads/2023/10/COMFORTER-28-247x300.webp,Comforter with MaxiComfort Large/Wide Model: PR535-M28
Comforter with MaxiComfort Petite Small Model: PR535-PSA,LIFT CHAIRS,,https://advanceddmesupplies.com/product/comforter-with-maxicomfort-petite-small-model-pr535-psa/,https://advanceddmesupplies.com/wp-content/uploads/2023/10/COMFORTER-P-247x300.webp,Comforter with MaxiComfort Petite Small Model: PR535-PSA
Relaxer Large Model: PR766-LAR,LIFT CHAIRS,,https://advanceddmesupplies.com/product/relaxer-large-model-pr766-lar/,https://advanceddmesupplies.com/wp-content/uploads/2023/10/RELAXER-L-1-247x300.webp,Relaxer Large Model: PR766-LAR
Relaxer Medium Model: PR766-MED,LIFT CHAIRS,,https://advanceddmesupplies.com/product/relaxer-medium-model-pr766-med/,https://advanceddmesupplies.com/wp-content/uploads/2023/10/RELAXER-M-247x300.webp,Relaxer Medium Model: PR766-MED
Relaxer Small Model: PR766-SMA,LIFT CHAIRS,,https://advanceddmesupplies.com/product/relaxer-small-model-pr766-sma/,https://advanceddmesupplies.com/wp-content/uploads/2023/10/RELAXER-247x300.webp,Relaxer Small Model: PR766-SMA
EZ Sleeper Medium Large Model: PR735-MLA,LIFT CHAIRS,,https://advanceddmesupplies.com/product/ez-sleeper-medium-large-model-pr735-mla/,https://advanceddmesupplies.com/wp-content/uploads/2023/10/EZ-SLEEPER-247x300.webp,EZ Sleeper Medium Large Model: PR735-MLA
Comforter Tall With ZG+ Model: PR545-TAL,LIFT CHAIRS,,https://advanceddmesupplies.com/product/comforter-tall-with-zg-model-pr545-tal/,https://advanceddmesupplies.com/wp-content/uploads/2023/10/COMFORTER-T-247x300.webp,Comforter Tall With ZG+ Model: PR545-TAL
Comforter Large With ZG+ Model: PR545-LAR,LIFT CHAIRS,,https://advanceddmesupplies.com/product/comforter-large-with-zg-model-pr545-lar/,https://advanceddmesupplies.com/wp-content/uploads/2023/10/COMFORTER-5-247x300.webp,Comforter Large With ZG+ Model: PR545-LAR
Comforter Medium With ZG+ Model: PR545-MED,LIFT CHAIRS,,https://advanceddmesupplies.com/product/comforter-medium-with-zg-model-pr545-med/,https://advanceddmesupplies.com/wp-content/uploads/2023/10/COMFORTER-247x300.webp,Comforter Medium With ZG+ Model: PR545-MED
Dione Large Model: PR446-LAR,LIFT CHAIRS,,https://advanceddmesupplies.com/product/5040/,https://advanceddmesupplies.com/wp-content/uploads/2023/10/DIONE-5-247x300.webp,Dione Large Model: PR446-LAR
Dione Medium Model: PR446-MED,LIFT CHAIRS,,https://advanceddmesupplies.com/product/dione-medium-model-pr446-med/,https://advanceddmesupplies.com/wp-content/uploads/2023/10/DIONE-247x300.webp,Dione Medium Model: PR446-MED
Rhea Large Model: PR442-LAR,LIFT CHAIRS,,https://advanceddmesupplies.com/product/rhea-large-model-pr442-lar/,https://advanceddmesupplies.com/wp-content/uploads/2023/10/RHEA-L-247x300.webp,Rhea Large Model: PR442-LAR
Rhea Medium Model: PR442-MED,LIFT CHAIRS,,https://advanceddmesupplies.com/product/rhea-medium-model-pr442-med/,https://advanceddmesupplies.com/wp-content/uploads/2023/10/RHEA-247x300.webp,Rhea Medium Model: PR442-MED
Titan Medium Model: PR448,LIFT CHAIRS,,https://advanceddmesupplies.com/product/titan-medium-model-pr448/,https://advanceddmesupplies.com/wp-content/uploads/2023/10/titan-448-2-247x300.webp,Titan Medium Model: PR448
Titan with Twilight Medium Model: PR449-MED,LIFT CHAIRS,,https://advanceddmesupplies.com/product/titan-with-twilight-medium-model-pr449-med/,https://advanceddmesupplies.com/wp-content/uploads/2023/10/titan-247x300.webp,Titan with Twilight Medium Model: PR449-MED
Single-Arm Drive Attachment for K4 Basic Wheelchair,WHEELCHAIRS MANUAL,,https://advanceddmesupplies.com/product/single-arm-drive-attachment-for-k4-basic-wheelchair/,https://advanceddmesupplies.com/wp-content/uploads/2023/09/one-wheel-drive-247x300.jpg,Single-Arm Drive Attachment for K4 Basic Wheelchair
Vest Restraint,WHEELCHAIRS MANUAL,,https://advanceddmesupplies.com/product/vest-restraint/,https://advanceddmesupplies.com/wp-content/uploads/2023/09/vest-247x300.jpg,Vest Restraint
IRIDE 2,SCOOTER,,https://advanceddmesupplies.com/product/iride-2/,https://advanceddmesupplies.com/wp-content/uploads/2023/08/iride2-blackberry-right-beauty-247x300.jpg,IRIDE 2
Go Go Sport 3-Wheel,SCOOTER,,https://advanceddmesupplies.com/product/go-go-sport-3-wheel/,https://advanceddmesupplies.com/wp-content/uploads/2023/08/go-go-sport-3-wheel-red-247x300.jpg,Go Go Sport 3-Wheel
Go Go® Sport 4-Wheel,SCOOTER,,https://advanceddmesupplies.com/product/go-go-sport-4-wheel-2/,https://advanceddmesupplies.com/wp-content/uploads/2023/08/go-go-sport-4-wheel-red-247x300.jpg,Go Go® Sport 4-Wheel
Go Go Endurance Li,SCOOTER,,https://advanceddmesupplies.com/product/go-go-endurance-li/,https://advanceddmesupplies.com/wp-content/uploads/2023/08/go-go-endurance-li-right-beauty-red-2-247x300.jpg,Go Go Endurance Li
Go Go ULTRAX 4 WHEEL,SCOOTER,,https://advanceddmesupplies.com/product/go-go-ultrax-4-wheel/,https://advanceddmesupplies.com/wp-content/uploads/2023/08/alt1-go-go-ultra-x-4-wheel-247x300.jpg,Go Go ULTRAX 4 WHEEL
JAZZY EVO 614,WHEELCHAIRS POWER,,https://advanceddmesupplies.com/product/jazzy-evo-614/,https://advanceddmesupplies.com/wp-content/uploads/2023/08/alt-1-jazzy-evo-614-red-right-247x300.jpg,JAZZY EVO 614
The NOA Elite Bariatric Bed for Long Term Care,BED AND MATTRESS,,https://advanceddmesupplies.com/product/the-noa-elite-bariatric-bed-for-long-term-care/,https://advanceddmesupplies.com/wp-content/uploads/2023/06/acute-bariatric-header-247x300.jpg,The NOA Elite Bariatric Bed for Long Term Care
NOA Light Bed for Long Term Care,BED AND MATTRESS,,https://advanceddmesupplies.com/product/noa-light-bed-for-long-term-care/,https://advanceddmesupplies.com/wp-content/uploads/2023/06/ltc-light-header-247x300.jpg,NOA Light Bed for Long Term Care
Elite Riser Long Term Care Bed,BED AND MATTRESS,,https://advanceddmesupplies.com/product/elite-riser-long-term-care-bed-2/,https://advanceddmesupplies.com/wp-content/uploads/2023/06/NOA-Riser-1-247x300.jpg,Elite Riser Long Term Care Bed
Elite Riser Long Term Care Bed,BED AND MATTRESS,,https://advanceddmesupplies.com/product/elite-riser-long-term-care-bed/,https://advanceddmesupplies.com/wp-content/uploads/2023/06/NOA-Riser-247x300.jpg,Elite Riser Long Term Care Bed
NOA EliteCare,BED AND MATTRESS,,https://advanceddmesupplies.com/product/noa-elitecare/,https://advanceddmesupplies.com/wp-content/uploads/2023/06/ltc-elite-care-header-247x300.jpg,NOA EliteCare
NOA Elite II,BED AND MATTRESS,,https://advanceddmesupplies.com/product/noa-elite-ii/,https://advanceddmesupplies.com/wp-content/uploads/2023/06/elite-II-high-247x300.jpg,NOA Elite II
NOA Elite EX,BED AND MATTRESS,,https://advanceddmesupplies.com/product/noa-elite-ex/,https://advanceddmesupplies.com/wp-content/uploads/2023/06/ltc-elite-ex-header-247x300.jpg,NOA Elite EX
Raised Rail Mattress Cover,BED AND MATTRESS,,https://advanceddmesupplies.com/product/raised-rail-mattress-cover/,https://advanceddmesupplies.com/wp-content/uploads/2023/05/80099Z-247x300.jpg,Raised Rail Mattress Cover
Alternating Pressure Seat Cushion System,PILLOW AND CUSHIONS,,https://advanceddmesupplies.com/product/alternating-pressure-seat-cushion-system/,https://advanceddmesupplies.com/wp-content/uploads/2023/05/Seat-Relif-collage-image-247x300.jpg,Alternating Pressure Seat Cushion System
Bolero Height-adjustable bath trolley,BATH SAFETY,,https://advanceddmesupplies.com/product/bolero-height-adjustable-bath-trolley/,https://advanceddmesupplies.com/wp-content/uploads/2023/05/Arjo.Bolero-4_225770_Product_Page_Main_Image-247x300.jpg,Bolero Height-adjustable bath trolley
Calypso Height-adjustable bath chair,BATH SAFETY,,https://advanceddmesupplies.com/product/calypso-height-adjustable-bath-chair/,https://advanceddmesupplies.com/wp-content/uploads/2023/05/Calypso-Hero_Product_Node_Hero_Image-247x300.jpg,Calypso Height-adjustable bath chair
Miranti The ergonomic lift bath trolley with Power Drive,BATH SAFETY,,https://advanceddmesupplies.com/product/miranti-the-ergonomic-lift-bath-trolley-with-power-drive/,https://advanceddmesupplies.com/wp-content/uploads/2023/05/ArjoHuntleigh-Products-Hygiene-Systems-Bathing-Hygiene-Lifters-Miranti-long_Product_Page_Main_Image-247x300.jpg,Miranti The ergonomic lift bath trolley with Power Drive
Alenti Height-adjustable bath chair,BATH SAFETY,,https://advanceddmesupplies.com/product/alenti-height-adjustable-bath-chair/,https://advanceddmesupplies.com/wp-content/uploads/2023/05/ArjoHuntleigh-Products-Hygiene-Systems-Bathing-Central-Bathing-Area-Hygiene-Lifters-Alenti-long_Product_Page_Main_Image-247x300.jpg,Alenti Height-adjustable bath chair
Sara Stedy and Sara Stedy Compact,HOYER LIFT,,https://advanceddmesupplies.com/product/sara-stedy-and-sara-stedy-compact/,https://advanceddmesupplies.com/wp-content/uploads/2023/05/ARJO-SARA-STEDY-COMPACT-0669_Product_Page_Main_Image-247x300.jpg,Sara Stedy and Sara Stedy Compact
EZ On Lateral Support,WHEELCHAIRS MANUAL,,https://advanceddmesupplies.com/product/ez-on-lateral-support/,https://advanceddmesupplies.com/wp-content/uploads/2023/04/706005_EZonLateral_1-247x300.jpg,EZ On Lateral Support
Lateral Stabilizer Arm Trough,WHEELCHAIRS MANUAL,,https://advanceddmesupplies.com/product/lateral-stabilizer-arm-trough/,https://advanceddmesupplies.com/wp-content/uploads/2023/04/httpsskilcarestg.wpengine.comproductimage706142_LateralArmTrough-247x300.jpg,Lateral Stabilizer Arm Trough
V+ PRO,CPAP BIPAP VPAPS VENTILATORS,,https://advanceddmesupplies.com/product/v-pro/,https://advanceddmesupplies.com/wp-content/uploads/2023/04/VPro24755__600x477-247x300.png,V+ PRO
VOCSN FIVE THERAPIES,CPAP BIPAP VPAPS VENTILATORS,,https://advanceddmesupplies.com/product/vocsn-five-therapies/,https://advanceddmesupplies.com/wp-content/uploads/2023/04/VOCSN2__480x480_update-247x300.jpg,VOCSN FIVE THERAPIES
Stratus 5L Stationary Oxygen Concentrator,OXYGEN,,https://advanceddmesupplies.com/product/stratus-5l-stationary-oxygen-concentrator/,https://advanceddmesupplies.com/wp-content/uploads/2023/04/stratus-5-oxygen-concentrator-str1005-247x300.png,Stratus 5L Stationary Oxygen Concentrator
Luna II CPAP/Auto PAP,CPAP BIPAP VPAPS VENTILATORS,,https://advanceddmesupplies.com/product/luna-ii-cpap-auto-pap/,https://advanceddmesupplies.com/wp-content/uploads/2023/04/luna_2large-247x300.png,Luna II CPAP/Auto PAP
Luna G3 Bilevel ST 30Vt,CPAP BIPAP VPAPS VENTILATORS,,https://advanceddmesupplies.com/product/luna-g3-bilevel-st-30vt/,https://advanceddmesupplies.com/wp-content/uploads/2023/04/Luna_G3_BPAP_PAP_st-30vt-247x300.jpg,Luna G3 Bilevel ST 30Vt
Luna G3 Bilevel 25A,CPAP BIPAP VPAPS VENTILATORS,,https://advanceddmesupplies.com/product/luna-g3-bilevel-25a/,https://advanceddmesupplies.com/wp-content/uploads/2023/04/Luna_G3_BPAP_PAP-247x300.jpg,Luna G3 Bilevel 25A
OxyGo NEXT Portable Oxygen Concentrator,OXYGEN,,https://advanceddmesupplies.com/product/oxygo-next-portable-oxygen-concentrator/,https://advanceddmesupplies.com/wp-content/uploads/2023/03/OXYGO-NEXT-247x300.png,OxyGo NEXT Portable Oxygen Concentrator
OxyGo FIT Portable Oxygen Concentrator with Bluetooth,OXYGEN,,https://advanceddmesupplies.com/product/oxygo-fit-portable-oxygen-concentrator-with-bluetooth/,https://advanceddmesupplies.com/wp-content/uploads/2023/03/OXYGO-FIT-247x300.png,OxyGo FIT Portable Oxygen Concentrator with Bluetooth
OxyHome,OXYGEN,,https://advanceddmesupplies.com/product/oxyhome/,https://advanceddmesupplies.com/wp-content/uploads/2023/03/oxy-home-247x300.png,OxyHome
Buzzaround XL 3-Wheel Model: GB121B-STD,SCOOTER,,https://advanceddmesupplies.com/product/buzzaround-xl-3-wheel-model-gb121b-std/,https://advanceddmesupplies.com/wp-content/uploads/2023/03/BUZZ-AROUND-XL-247x300.png,Buzzaround XL 3-Wheel Model: GB121B-STD
Buzzaround XLS-HD 3-Wheel Model: GB121B-SHZ,SCOOTER,,https://advanceddmesupplies.com/product/buzzaround-xls-hd-3-wheel-model-gb121b-shz/,https://advanceddmesupplies.com/wp-content/uploads/2023/03/BUZZAROUND-3-WHEEL-HD-247x300.png,Buzzaround XLS-HD 3-Wheel Model: GB121B-SHZ
Buzzaround XL 4-Wheel Model: GB124A-STD,SCOOTER,,https://advanceddmesupplies.com/product/buzzaround-xl-4-wheel-model-gb124a-std/,https://advanceddmesupplies.com/wp-content/uploads/2023/03/BUZZAROUND-XL-247x300.jpeg,Buzzaround XL 4-Wheel Model: GB124A-STD
GOLDEN Buzzaround XL-HD 4-Wheel,SCOOTER,,https://advanceddmesupplies.com/product/golden-buzzaround-xl-hd-4-wheel/,https://advanceddmesupplies.com/wp-content/uploads/2023/03/BUZZAROUND-247x300.jpeg,GOLDEN Buzzaround XL-HD 4-Wheel
GOLDEN EAGLE GR595,SCOOTER,,https://advanceddmesupplies.com/product/golden-eagle-gr595/,https://advanceddmesupplies.com/wp-content/uploads/2023/03/GOLDEN-EAGLE-GR595-247x300.jpg,GOLDEN EAGLE GR595
GOLDEN BUZZABOUT GP164,WHEELCHAIRS POWER,,https://advanceddmesupplies.com/product/buzzabout-gp164/,https://advanceddmesupplies.com/wp-content/uploads/2023/03/BUZZABOUT-GP164-247x300.jpg,GOLDEN BUZZABOUT GP164
GOLDEN CRICKET PR302,WHEELCHAIRS POWER,,https://advanceddmesupplies.com/product/golden-cricket-pr302/,https://advanceddmesupplies.com/wp-content/uploads/2023/03/GOLDEN-CRICKET-GP302-247x300.png,GOLDEN CRICKET PR302
GOLDEN STRIDE GP301,WHEELCHAIRS POWER,,https://advanceddmesupplies.com/product/golden-stride-gp301/,https://advanceddmesupplies.com/wp-content/uploads/2023/03/STRIDE-GP301-247x300.png,GOLDEN STRIDE GP301
Bed ladder,ORTHOPEDICS,,https://advanceddmesupplies.com/product/bed-laddder/,https://advanceddmesupplies.com/wp-content/uploads/2023/01/ladder-247x300.jpg,Bed ladder
Hand and wrist immobilizer,ORTHOPEDICS,,https://advanceddmesupplies.com/product/hand-and-wrist-immobilizer/,https://advanceddmesupplies.com/wp-content/uploads/2023/01/wrist-247x277.jpg,Hand and wrist immobilizer
Hip abduction brace,ORTHOPEDICS,,https://advanceddmesupplies.com/product/hip-abduction-brace/,https://advanceddmesupplies.com/wp-content/uploads/2023/01/hip-abduction-brace-247x300.jpg,Hip abduction brace
Shoulder support brace,HEATING PAD,,https://advanceddmesupplies.com/product/shoulder-support-brace/,https://advanceddmesupplies.com/wp-content/uploads/2023/01/shoulder-support-brace-247x300.jpg,Shoulder support brace
Groin brace,ORTHOPEDICS,,https://advanceddmesupplies.com/product/groin-brace/,https://advanceddmesupplies.com/wp-content/uploads/2023/01/groin-brace-247x300.jpg,Groin brace
Extended trigger finger splint,ORTHOPEDICS,,https://advanceddmesupplies.com/product/extended-trigger-finger-splint/,https://advanceddmesupplies.com/wp-content/uploads/2023/01/extended-trigger-finger-splint-247x300.jpg,Extended trigger finger splint
Trigger finger splint brace,ORTHOPEDICS,,https://advanceddmesupplies.com/product/trigger-finger-splint-brace/,https://advanceddmesupplies.com/wp-content/uploads/2023/01/trigger-finger-splint-brace-247x300.jpg,Trigger finger splint brace
Boxer splint,ORTHOPEDICS,,https://advanceddmesupplies.com/product/boxer-splint/,https://advanceddmesupplies.com/wp-content/uploads/2023/01/boxer-splint-247x300.jpg,Boxer splint
Dual trigger finger splint,ORTHOPEDICS,,https://advanceddmesupplies.com/product/dual-trigger-finger-splint/,https://advanceddmesupplies.com/wp-content/uploads/2023/01/trigger-finger-247x300.jpg,Dual trigger finger splint
Swivel shower chair,BATH SAFETY,,https://advanceddmesupplies.com/product/swivel-shower-chair/,https://advanceddmesupplies.com/wp-content/uploads/2023/01/swivel-shower-chair-247x300.jpg,Swivel shower chair
Jazzy Evo 613,WHEELCHAIRS POWER,,https://advanceddmesupplies.com/product/jazzy-evo-613/,https://advanceddmesupplies.com/wp-content/uploads/2023/01/robins-egg-blue-1-247x300.png,Jazzy Evo 613
Jazzy Evo 614 HD,WHEELCHAIRS POWER,,https://advanceddmesupplies.com/product/jazzy-evo-614-hd/,https://advanceddmesupplies.com/wp-content/uploads/2023/01/black-247x300.png,Jazzy Evo 614 HD
Go chair med,WHEELCHAIRS POWER,,https://advanceddmesupplies.com/product/go-chair-med/,https://advanceddmesupplies.com/wp-content/uploads/2023/01/go-chair-med-black-247x300.png,Go chair med
Jazzy Carbon,WHEELCHAIRS POWER,,https://advanceddmesupplies.com/product/jazzy-carbon/,https://advanceddmesupplies.com/wp-content/uploads/2023/01/jazzy-carbon-247x300.png,Jazzy Carbon
Bariatric shower bench,BATH SAFETY,,https://advanceddmesupplies.com/product/bariatric-shower-bench/,https://advanceddmesupplies.com/wp-content/uploads/2022/05/img-resize-247x300.jpg,Bariatric shower bench
Bariatric shower chair,BATH SAFETY,,https://advanceddmesupplies.com/product/bariatric-shower-chair/,https://advanceddmesupplies.com/wp-content/uploads/2022/05/shower-chair-247x300.jpg,Bariatric shower chair
Repositioning/ transfer sheet,BED AND MATTRESS,,https://advanceddmesupplies.com/product/repositioning-transfer-sheet/,https://advanceddmesupplies.com/wp-content/uploads/2022/03/patient-transfer-sheet-247x300.jpg,Repositioning/ transfer sheet
Air Walker Short/Tall Closed toe,ORTHOPEDICS,,https://advanceddmesupplies.com/product/air-walker-short-closed-toe/,https://advanceddmesupplies.com/wp-content/uploads/2022/03/image-247x300.jpg,Air Walker Short/Tall Closed toe
ONYX RISING ALL IN ONE WALKER,BATH SAFETY,,https://advanceddmesupplies.com/product/onyx-rising-all-in-one-walker/,https://advanceddmesupplies.com/wp-content/uploads/2022/03/GHP-700175C-2-247x157.jpg,ONYX RISING ALL IN ONE WALKER
Upright folding walker,WALKERS,,https://advanceddmesupplies.com/product/upright-folding-walker/,https://advanceddmesupplies.com/wp-content/uploads/2022/03/MDSUPWALK_PRI01-247x300.jpg,Upright folding walker
Standing toilet safety frame,BATH SAFETY,,https://advanceddmesupplies.com/product/standing-toilet-safety-frame/,https://advanceddmesupplies.com/wp-content/uploads/2022/02/stand-alone-toilet-safety-frame-247x300.jpg,Standing toilet safety frame
Bathroom security pole,BATH SAFETY,,https://advanceddmesupplies.com/product/bathroom-security-pole/,https://advanceddmesupplies.com/wp-content/uploads/2022/02/security-pole-3-247x300.jpg,Bathroom security pole
10 Liter oxygen concentrator,OXYGEN,,https://advanceddmesupplies.com/product/10-liter-oxygen-concentrator/,https://advanceddmesupplies.com/wp-content/uploads/2022/01/10-OXYGEN-CONCENTRATOR.-247x300.jpg,10 Liter oxygen concentrator
Transfer sling,PATIENT AID CARE,,https://advanceddmesupplies.com/product/transfer-sling/,https://advanceddmesupplies.com/wp-content/uploads/2021/12/transfer-sling.-247x300.jpg,Transfer sling
TEL-TITAN-5400,BED AND MATTRESS,,https://advanceddmesupplies.com/product/tel-titan-5400/,https://advanceddmesupplies.com/wp-content/uploads/2021/12/titan-bed-300x262.jpg,TEL-TITAN-5400
TEL-TITAN-4800,BED AND MATTRESS,,https://advanceddmesupplies.com/product/tel-titan-4800/,https://advanceddmesupplies.com/wp-content/uploads/2021/12/titan-48-300x262.jpg,TEL-TITAN-4800
TEL-TITAN-4200,BED AND MATTRESS,,https://advanceddmesupplies.com/product/tel-titan-4200-nmnr/,https://advanceddmesupplies.com/wp-content/uploads/2021/12/bariatric-bed-247x300.jpg,TEL-TITAN-4200
Hip abduction pillow,PILLOW AND CUSHIONS,,https://advanceddmesupplies.com/product/hip-abduction-pillow/,https://advanceddmesupplies.com/wp-content/uploads/2021/11/hip-abduction-pillow.-247x300.jpg,Hip abduction pillow
"VOCIC V81 Ultra-Light Carbon Fiber Electric Wheelchair — Freedom Anytime, Anywhere",WHEELCHAIRS POWER,,https://advanceddmesupplies.com/product/vocic-v81-ultra-light-carbon-fiber-electric-wheelchair-freedom-anytime-anywhere/,https://advanceddmesupplies.com/wp-content/uploads/2026/01/V81_main_image_1160x_crop_center-247x300.webp,"VOCIC V81 Ultra-Light Carbon Fiber Electric Wheelchair — Freedom Anytime, Anywhere"
VOCIC AY06 Electric Patient Lift – Wheelchair To Car Transfer Devices Home Use,HOYER LIFT,,https://advanceddmesupplies.com/product/vocic-ay06-electric-patient-lift-wheelchair-to-car-transfer-devices-home-use/,https://advanceddmesupplies.com/wp-content/uploads/2026/01/ay06_1160x_crop_center-247x300.webp,VOCIC AY06 Electric Patient Lift - Wheelchair To Car Transfer Devices Home Use
VOCIC D71 Carbon Mobility Scooter,SCOOTER,,https://advanceddmesupplies.com/product/vocic-d71-carbon-mobility-scooter/,https://advanceddmesupplies.com/wp-content/uploads/2026/01/71_1160x_crop_center-247x300.webp,VOCIC D71 Carbon Mobility Scooter
VOCIC AX35 Electric Transfer Chair Lift with 4 Wheels,BATH SAFETY,,https://advanceddmesupplies.com/product/vocic-ax35-electric-transfer-chair-lift-with-4-wheels/,https://advanceddmesupplies.com/wp-content/uploads/2026/01/0-1_1160x_crop_center-247x300.webp,VOCIC AX35 Electric Transfer Chair Lift with 4 Wheels
VOCIC AX25 Electric Chair Lift with 2 Wheels,BATH SAFETY,,https://advanceddmesupplies.com/product/vocic-ax25-electric-chair-lift-with-2-wheels/,https://advanceddmesupplies.com/wp-content/uploads/2026/01/AX25_1160x_crop_center-247x300.webp,VOCIC AX25 Electric Chair Lift with 2 Wheels
VOCIC Z51 2-in-1 Rollator Walker & Transport Chair,ROLLATORS,,https://advanceddmesupplies.com/product/vocic-z51-2-in-1-rollator-walker-transport-chair/,https://advanceddmesupplies.com/wp-content/uploads/2026/01/Z51_2_04e265f5-17ab-4bf7-b4d3-b682307f14cd_1160x_crop_center-247x300.webp,VOCIC Z51 2-in-1 Rollator Walker & Transport Chair
VOCIC Z55 2 in 1 Foldable Walker Wheelchair Combo – 2025 Upgraded,ROLLATORS,,https://advanceddmesupplies.com/product/vocic-z55-2-in-1-foldable-walker-wheelchair-combo-2025-upgraded/,https://advanceddmesupplies.com/wp-content/uploads/2026/01/z55_single_2_1160x_crop_center-247x300.webp,VOCIC Z55 2 in 1 Foldable Walker Wheelchair Combo - 2025 Upgraded
VOCIC Z22 Upright Foldable Rollator – Walker with Seat,ROLLATORS,,https://advanceddmesupplies.com/product/vocic-z22-upright-foldable-rollator-walker-with-seat/,https://advanceddmesupplies.com/wp-content/uploads/2026/01/Z22_1_1160x_crop_center-247x300.webp,VOCIC Z22 Upright Foldable Rollator - Walker with Seat
Phoenix LT 4-Wheel Scooter,SCOOTER,,https://advanceddmesupplies.com/product/phoenix-lt-4-wheel-scooter/,https://advanceddmesupplies.com/wp-content/uploads/2026/01/PHOENIXLT4-1-247x300.jpg,Phoenix LT 4-Wheel Scooter
Scout LT 4-Wheel Scooter,SCOOTER,,https://advanceddmesupplies.com/product/scout-lt-4-wheel-scooter/,https://advanceddmesupplies.com/wp-content/uploads/2026/01/SCOUTLT4-247x300.jpg,Scout LT 4-Wheel Scooter
Scout Compact 3-Wheel Scooter,SCOOTER,,https://advanceddmesupplies.com/product/scout-compact-3-wheel-scooter/,https://advanceddmesupplies.com/wp-content/uploads/2026/01/SFSCOUT3-247x300.jpg,Scout Compact 3-Wheel Scooter
Cobra GT4 Heavy Duty Power Mobility Scooter,SCOOTER,,https://advanceddmesupplies.com/product/cobra-gt4-heavy-duty-power-mobility-scooter/,https://advanceddmesupplies.com/wp-content/uploads/2026/01/COBRAGT422CS-247x300.jpg,Cobra GT4 Heavy Duty Power Mobility Scooter
Alterra 1385 Hi-Low Long-Term Hospital Beds,BED AND MATTRESS,,https://advanceddmesupplies.com/product/alterra-1385-hi-low-long-term-hospital-beds/,https://advanceddmesupplies.com/wp-content/uploads/2021/11/low-bed-247x300.jpg,Alterra 1385 Hi-Low Long-Term Hospital Beds
Heel Offloader Post Op Shoe,ORTHOPEDICS,,https://advanceddmesupplies.com/product/heel-offloader-post-op-shoe/,https://advanceddmesupplies.com/wp-content/uploads/2021/08/heel-off-load-shoe-247x300.jpg,Heel Offloader Post Op Shoe
Carter Arm Elevator,ORTHOPEDICS,,https://advanceddmesupplies.com/product/carter-arm-elevator/,https://advanceddmesupplies.com/wp-content/uploads/2021/04/arm-elevator-247x300.jpeg,Carter Arm Elevator
STRONGBACK24 with attendant brake,WHEELCHAIRS MANUAL,,https://advanceddmesupplies.com/product/strongback24-with-attendant-brake/,https://advanceddmesupplies.com/wp-content/uploads/2021/04/attendant-brake-247x300.jpg,STRONGBACK24 with attendant brake
STRONGBACK24 flip back wheelchair,WHEELCHAIRS MANUAL,,https://advanceddmesupplies.com/product/strongback24-flip-back-wheelchair/,https://advanceddmesupplies.com/wp-content/uploads/2021/04/strongback25-flip.-247x300.jpg,STRONGBACK24 flip back wheelchair
STRONGBACK24 wheelchair,WHEELCHAIRS MANUAL,,https://advanceddmesupplies.com/product/strongback24-wheelchair/,https://advanceddmesupplies.com/wp-content/uploads/2021/04/strongback-24.-247x300.jpg,STRONGBACK24 wheelchair
STRONGBACK Excursion 12 with rear attendant brakes,WHEELCHAIRS MANUAL,,https://advanceddmesupplies.com/product/strongback-excursion-12-with-rear-attendant-brakes/,https://advanceddmesupplies.com/wp-content/uploads/2021/04/strongback-12-with-attendant-brakes-247x300.jpg,STRONGBACK Excursion 12 with rear attendant brakes
STRONGBACK Excursion 12 transport chair. All Terrain,WHEELCHAIRS MANUAL,,https://advanceddmesupplies.com/product/strongback-excursion-12-transport-chair-all-terrain/,https://advanceddmesupplies.com/wp-content/uploads/2021/04/strongback-excursion-12-transport-chair-247x300.jpg,STRONGBACK Excursion 12 transport chair. All Terrain
STRONGBACK Excursion 8 transport chair,WHEELCHAIRS MANUAL,,https://advanceddmesupplies.com/product/strongback-excursion-8-transport-chair/,https://advanceddmesupplies.com/wp-content/uploads/2021/04/strongback-Excursion-8-transport-chair-247x300.jpg,STRONGBACK Excursion 8 transport chair
Heavy duty walker without wheels,WALKERS,,https://advanceddmesupplies.com/product/heavy-duty-walker-without-wheels/,https://advanceddmesupplies.com/wp-content/uploads/2021/04/bariatric-walker-247x300.jpg,Heavy duty walker without wheels
folding walker without wheels,WALKERS,,https://advanceddmesupplies.com/product/folding-walker-without-wheels/,https://advanceddmesupplies.com/wp-content/uploads/2021/04/folding-walker-without-wheels-247x300.jpeg,folding walker without wheels
Heavy duty bariatric walker,WALKERS,,https://advanceddmesupplies.com/product/heavy-duty-bariatric-walker/,https://advanceddmesupplies.com/wp-content/uploads/2021/04/heavy-duty-folding-walker-247x300.jpg,Heavy duty bariatric walker
Hemi walker,WALKERS,,https://advanceddmesupplies.com/product/hemi-walker/,https://advanceddmesupplies.com/wp-content/uploads/2021/04/hemi-walker-247x300.jpg,Hemi walker
Rollator transport chair,ROLLATORS,,https://advanceddmesupplies.com/product/rollator-transport-chair/,https://advanceddmesupplies.com/wp-content/uploads/2021/03/rolllator-transport-chair-1-247x300.jpeg,Rollator transport chair
Fully Electric bed,HOSPITAL BEDS AND ACCESSORIES,,https://advanceddmesupplies.com/product/fully-electric-bed-2/,https://advanceddmesupplies.com/wp-content/uploads/2021/03/fully-electric-bed-247x300.jpg,Fully Electric bed
Nova foldable shower seat,BATH SAFETY,,https://advanceddmesupplies.com/product/nova-foldable-shower-seat/,https://advanceddmesupplies.com/wp-content/uploads/2021/02/nova-wall-mounted-shower-seat-247x300.jpeg,Nova foldable shower seat
Golden LiteRider 3-Wheel Scooter (300 lb Capacity) GL111D,SCOOTER,,https://advanceddmesupplies.com/product/golden-literider-3-wheel-scooter-300-lb-capacity-gl111d/,https://advanceddmesupplies.com/wp-content/uploads/2021/02/golden-literider-3-wheel-scooter-300lb-capacity-gl111d-247x300.jpg,Golden LiteRider 3-Wheel Scooter (300 lb Capacity) GL111D
Pride Go-Go Elite Traveller 3-Wheel Scooter – SC40E,SCOOTER,,https://advanceddmesupplies.com/product/pride-go-go-elite-traveller-3-wheel-scooter-sc40e/,https://advanceddmesupplies.com/wp-content/uploads/2021/02/pride-go-go-elite-traveler-3-wheel-scooter-247x300.jpg,Pride Go-Go Elite Traveller 3-Wheel Scooter - SC40E
Pride Go-Go Sport 3-Wheel Transportable Scooter,SCOOTER,,https://advanceddmesupplies.com/product/pride-go-go-sport-3-wheel-transportable-scooter/,https://advanceddmesupplies.com/wp-content/uploads/2021/02/pride-go-go-sport-3-wheel-scooter-247x300.jpg,Pride Go-Go Sport 3-Wheel Transportable Scooter
Golden Buzzaround EX 4-Wheel Scooter MODEL: GB148D,SCOOTER,,https://advanceddmesupplies.com/product/golden-buzzaround-ex-4-wheel-scooter-model-gb148d/,https://advanceddmesupplies.com/wp-content/uploads/2021/02/golden-buzzaround-extreme-4-wheel-travel-scooter-gb148d-247x300.jpg,Golden Buzzaround EX 4-Wheel Scooter MODEL: GB148D
Golden Buzzaround EX- 3 Wheel Scooter MODEL: GB118D,SCOOTER,,https://advanceddmesupplies.com/product/golden-buzzaround-ex-3-wheel-scooter-model-gb118d/,https://advanceddmesupplies.com/wp-content/uploads/2021/02/golden-buzzaround-extreme-3-wheel-travel-scooter-gb118d-247x300.jpg,Golden Buzzaround EX- 3 Wheel Scooter MODEL: GB118D
Golden Buzzaround LX- 4 Wheel MODEL: GB149,SCOOTER,,https://advanceddmesupplies.com/product/golden-buzzaround-lx-4-wheel-model-gb149/,https://advanceddmesupplies.com/wp-content/uploads/2021/02/golden-technologies-buzzaround-lx-3-wheel-scooter-gb149-247x300.png,Golden Buzzaround LX- 4 Wheel MODEL: GB149
Golden Buzzaround LX- 3 Wheel MODEL: GB119,SCOOTER,,https://advanceddmesupplies.com/product/golden-buzzaround-lx-3-wheel-model-gb119/,https://advanceddmesupplies.com/wp-content/uploads/2021/02/golden-technologies-buzzaround-lx-3-wheel-scooter-gb119-247x300.png,Golden Buzzaround LX- 3 Wheel MODEL: GB119
Golden Buzzaround XL-HD- 4 Wheel MODEL: GB147H,SCOOTER,,https://advanceddmesupplies.com/product/golden-buzzaround-xl-hd-4-wheel-model-gb147h/,https://advanceddmesupplies.com/wp-content/uploads/2021/02/golden-technologies-buzzaround-xls-hd-4-wheel-scooter-gb147z-247x300.jpg,Golden Buzzaround XL-HD- 4 Wheel MODEL: GB147H
Golden Buzzaround XL-HD- 3 Wheel MODEL: GB117H,SCOOTER,,https://advanceddmesupplies.com/product/golden-buzzaround-xl-hd-3-wheel-model-gb117h/,https://advanceddmesupplies.com/wp-content/uploads/2021/02/golden-technologies-buzzaround-xls-hd-3-wheel-scooter-gb117z-247x300.jpg,Golden Buzzaround XL-HD- 3 Wheel MODEL: GB117H
Golden Buzzaround XL- 4 Wheel MODEL: GB147D,SCOOTER,,https://advanceddmesupplies.com/product/golden-buzzaround-xl-4-wheel-model-gb147d/,https://advanceddmesupplies.com/wp-content/uploads/2021/02/golden-technologies-buzzaround-xl-hd-4-wheel-scooter-gb147h-247x300.jpg,Golden Buzzaround XL- 4 Wheel MODEL: GB147D
Golden Buzzaround XL- 3 Wheel MODEL: GB117D,SCOOTER,,https://advanceddmesupplies.com/product/golden-buzzaround-xl-3-wheel-model-gb117d/,https://advanceddmesupplies.com/wp-content/uploads/2021/02/golden-technologies-buzzaround-xl-3-wheel-scooter-gb117d-247x300.jpg,Golden Buzzaround XL- 3 Wheel MODEL: GB117D
GOLDEN BUZZAROUND XLS-HD GB147Z 4 WHEEL,SCOOTER,,https://advanceddmesupplies.com/product/golden-buzzaround-xls-hd-gb147z-4-wheel/,https://advanceddmesupplies.com/wp-content/uploads/2021/02/Buzzaroundxlshd4wheel_eb10b677-8479-47b4-a94e-43a48c92e6cc_900x-247x300.jpg,GOLDEN BUZZAROUND XLS-HD GB147Z 4 WHEEL
Golden Buzzaround XLS-HD- 3 Wheel MODEL: GB117Z,SCOOTER,,https://advanceddmesupplies.com/product/buzzaround-xls-hd-3-wheel-model-gb117z/,https://advanceddmesupplies.com/wp-content/uploads/2021/02/Buzzaroundxlshd3wheel_900x-247x300.jpg,Golden Buzzaround XLS-HD- 3 Wheel MODEL: GB117Z
Golden Buzzaround CarryOn Fold-Flat Scooter (Model GB120),SCOOTER,,https://advanceddmesupplies.com/product/buzzaround-carryon-fold-flat-scooter-model-gb120/,https://advanceddmesupplies.com/wp-content/uploads/2021/01/golden-GB120-TRAVEL-SCOOTER-247x300.jpeg,Golden Buzzaround CarryOn Fold-Flat Scooter (Model GB120)
Golden technologies Comforter Medium Power Lift Recliner MODEL: PR531M,LIFT CHAIRS,,https://advanceddmesupplies.com/product/golden-technologies-comforter-medium-power-lift-recliner-model-pr531m/,https://advanceddmesupplies.com/wp-content/uploads/2020/12/Golden-PR531-Comforter-Medium-Power-Lift-Recliner-in-Sandstorm-1-247x300.png,Golden technologies Comforter Medium Power Lift Recliner MODEL: PR531M
Golden technologies Comforter Large Power Lift Recliner MODEL: PR531L,LIFT CHAIRS,,https://advanceddmesupplies.com/product/golden-technologies-comforter-large-power-lift-recliner-model-pr531l/,https://advanceddmesupplies.com/wp-content/uploads/2020/12/Golden-PR531-Large-Power-Lift-Recliner-in-Oxford-247x300.png,Golden technologies Comforter Large Power Lift Recliner MODEL: PR531L
Golden technologies  Comforter Small Wide Power Lift Recliner MODEL: PR531S-23,LIFT CHAIRS,,https://advanceddmesupplies.com/product/golden-technologies-comforter-small-wide-power-lift-recliner-model-pr531s-23/,https://advanceddmesupplies.com/wp-content/uploads/2020/12/Golden-PR531-S23-Comforter-Small-Wide-Power-Lift-Recliner-in-Port-247x300.png,Golden technologies  Comforter Small Wide Power Lift Recliner MODEL: PR531S-23
Golden technologies Comforter Tall Power Lift Recliner MODEL: PR531T,LIFT CHAIRS,,https://advanceddmesupplies.com/product/golden-technologies-comforter-tall-power-lift-recliner-model-pr531t/,https://advanceddmesupplies.com/wp-content/uploads/2020/12/Golden-PR531-Tall-Power-Lift-Recliner-in-Anchor-1-247x300.png,Golden technologies Comforter Tall Power Lift Recliner MODEL: PR531T
Golden technologies MODEL: PR531M-26D,LIFT CHAIRS,,https://advanceddmesupplies.com/product/golden-technologies-model-pr531m-26d/,https://advanceddmesupplies.com/wp-content/uploads/2020/12/l-golden-technologies-pr531-extra-wide-comforter-lift-chair-9678-3042-247x300.jpg,Golden technologies MODEL: PR531M-26D
Golden technologies Comforter Tall Wide Power Lift Recliner MODEL: PR531-T28,LIFT CHAIRS,,https://advanceddmesupplies.com/product/golden-technologies-comforter-tall-wide-power-lift-recliner-model-pr531-t28/,https://advanceddmesupplies.com/wp-content/uploads/2020/12/Golden-PR531-Tall-Wide-Power-Lift-Recliner-in-Bittersweet-1-247x300.png,Golden technologies Comforter Tall Wide Power Lift Recliner MODEL: PR531-T28
Golden technologies Cambridge Small Medium Lift Recliner MODEL: PR401-SME,LIFT CHAIRS,,https://advanceddmesupplies.com/product/golden-technologies-cambridge-small-medium-lift-recliner-model-pr401-sme/,https://advanceddmesupplies.com/wp-content/uploads/2020/12/l-golden-technologies-pr401-cambridge-lift-chair-7378-3436-247x300.jpg,Golden technologies Cambridge Small Medium Lift Recliner MODEL: PR401-SME
Golden technologies Cambridge Medium Large Lift Recliner MODEL: PR-401-MLA,LIFT CHAIRS,,https://advanceddmesupplies.com/product/golden-technologies-cambridge-medium-large-lift-recliner-model-pr-401-mla/,https://advanceddmesupplies.com/wp-content/uploads/2020/12/cambridgealt-247x300.jpg,Golden technologies Cambridge Medium Large Lift Recliner MODEL: PR-401-MLA
Golden technologies Cloud with Twilight Small Medium Power Lift Recliner MODEL: PR515-SME,LIFT CHAIRS,,https://advanceddmesupplies.com/product/golden-technologies-cloud-with-twilight-small-medium-power-lift-recliner-model-pr515-sme/,https://advanceddmesupplies.com/wp-content/uploads/2020/12/PR515-UCB-CoffeeBean-STANDING_-scaled-1-247x300.jpg,Golden technologies Cloud with Twilight Small Medium Power Lift Recliner MODEL: PR515-SME
Golden technologies Day Dreamer Power Lift Recliner MODEL: PR632,LIFT CHAIRS,,https://advanceddmesupplies.com/product/golden-technologies-day-dreamer-power-lift-recliner-model-pr632/,https://advanceddmesupplies.com/wp-content/uploads/2020/12/daydreamer_PR630_web-247x300.png,Golden technologies Day Dreamer Power Lift Recliner MODEL: PR632
Golden technologies Comforter Medium Power Lift Recliner MODEL: PR535M,LIFT CHAIRS,,https://advanceddmesupplies.com/product/golden-technologies-comforter-medium-power-lift-recliner-model-pr535m/,https://advanceddmesupplies.com/wp-content/uploads/2020/12/PR535-MED-Coffee-Bean_web-247x300.jpg,Golden technologies Comforter Medium Power Lift Recliner MODEL: PR535M
Golden technologies Comforter Large Power Lift Recliner MODEL: PR535L,LIFT CHAIRS,,https://advanceddmesupplies.com/product/golden-technologies-comforter-large-power-lift-recliner-model-pr535l/,https://advanceddmesupplies.com/wp-content/uploads/2020/12/PR535L-Maxicomforter-Large-Power-Lift-Chair-247x300.jpg,Golden technologies Comforter Large Power Lift Recliner MODEL: PR535L
Golden technologies Comforter Tall Power Lift Recliner MODEL: PR535T,LIFT CHAIRS,,https://advanceddmesupplies.com/product/golden-technologies-comforter-tall-power-lift-recliner-model-pr535t/,https://advanceddmesupplies.com/wp-content/uploads/2020/12/PR535T-Maxicomforter-Tall-Power-Lift-Chair-247x300.jpg,Golden technologies Comforter Tall Power Lift Recliner MODEL: PR535T
Golden technologies Cloud Small Medium Power Lift Recliner MODEL: PR510-SME,LIFT CHAIRS,,https://advanceddmesupplies.com/product/golden-technologies-cloud-small-medium-power-lift-recliner-model-pr510-sme/,https://advanceddmesupplies.com/wp-content/uploads/2020/12/PR510SME-Cloud-Calypsoweb-247x300.png,Golden technologies Cloud Small Medium Power Lift Recliner MODEL: PR510-SME
Golden technologies Cloud Medium Large Power Lift Recliner PR510-MLA,LIFT CHAIRS,,https://advanceddmesupplies.com/product/golden-technologies-cloud-medium-large-power-lift-recliner-pr510-mla/,https://advanceddmesupplies.com/wp-content/uploads/2020/12/l-pr515-maxicomfort-cloud-twilight-positioning-9516-0559-247x300.jpg,Golden technologies Cloud Medium Large Power Lift Recliner PR510-MLA
Golden Technologies EZ Sleeper with Twilight Lift Recliner PR761-MLA,LIFT CHAIRS,,https://advanceddmesupplies.com/product/golden-technologies-ez-sleeper-with-twilight-lift-recliner-pr761-mla/,https://advanceddmesupplies.com/wp-content/uploads/2020/12/EZ-Sleeper-PR761-Power-Lift-Recliner-Chair-247x300.jpg,Golden Technologies EZ Sleeper with Twilight Lift Recliner PR761-MLA
ostomy belt,OSTOMY SUPPLIES,,https://advanceddmesupplies.com/product/ostomy-belt/,https://advanceddmesupplies.com/wp-content/uploads/2020/12/ostomy-belt-247x300.jpg,ostomy belt
pride mobility Oasis Collection lift chair,LIFT CHAIRS,,https://advanceddmesupplies.com/product/oasis-collection-lift-chair/,https://advanceddmesupplies.com/wp-content/uploads/2020/12/LC-580iM-Saratoga-Cashmere-247x300.jpg,pride mobility Oasis Collection lift chair
pride mobility vivalift Urbana collection,LIFT CHAIRS,,https://advanceddmesupplies.com/product/viivalift-urbana-collection/,https://advanceddmesupplies.com/wp-content/uploads/2020/12/PLR965M-Urbana-Stonewash-Granite-247x300.jpg,pride mobility vivalift Urbana collection
pride mobility Vivalift Elegance collection,LIFT CHAIRS,,https://advanceddmesupplies.com/product/vivalift-elegance-collection/,https://advanceddmesupplies.com/wp-content/uploads/2020/12/Elegance_V3_Badlands_Steel-247x300.jpg,pride mobility Vivalift Elegance collection
pride mobility Vivalift Legacy collection,LIFT CHAIRS,,https://advanceddmesupplies.com/product/vivalift-legacy-colllection/,https://advanceddmesupplies.com/wp-content/uploads/2020/12/Legacy_V2_Saville_Brown-247x300.jpg,pride mobility Vivalift Legacy collection
pride mobility Vivalift Metro collection,LIFT CHAIRS,,https://advanceddmesupplies.com/product/vivalift-metro-collection/,https://advanceddmesupplies.com/wp-content/uploads/2020/12/PLR925M-Metro-Saville-Grey-247x300.jpg,pride mobility Vivalift Metro collection
pride mobility Vivalift Escape collection,LIFT CHAIRS,,https://advanceddmesupplies.com/product/vivalift-escape-collection/,https://advanceddmesupplies.com/wp-content/uploads/2020/12/PLR-525iM-Infinity-Durasoft-Oat-247x300.jpg,pride mobility Vivalift Escape collection
pride mobility Vivalift tranquil collection,LIFT CHAIRS,,https://advanceddmesupplies.com/product/vivalift-tranquil-collection/,https://advanceddmesupplies.com/wp-content/uploads/2020/12/Tranquil_LT_Astro_Brown-247x300.jpg,pride mobility Vivalift tranquil collection
pride mobility Vivalift Atlas plus collection,LIFT CHAIRS,,https://advanceddmesupplies.com/product/vivalift-atlas-plus-collection/,https://advanceddmesupplies.com/wp-content/uploads/2020/12/vivalift-247x300.jpg,pride mobility Vivalift Atlas plus collection
pride mobility Vivalift atlas collection model PLR-985,LIFT CHAIRS,,https://advanceddmesupplies.com/product/vivalift-atlas-collection-model-plr-985/,https://advanceddmesupplies.com/wp-content/uploads/2020/12/viva-lift-chair-247x300.png,pride mobility Vivalift atlas collection model PLR-985
Gastrostomy Feeding tubes,ENTERAL NUTRITION,,https://advanceddmesupplies.com/product/gastrostomy-feeding-tubes/,https://advanceddmesupplies.com/wp-content/uploads/2020/11/g-tube-247x300.jpg,Gastrostomy Feeding tubes
Pommel Cushion,PILLOW AND CUSHIONS,,https://advanceddmesupplies.com/product/pommel-cushion/,https://advanceddmesupplies.com/wp-content/uploads/2020/11/pommel-cushion-247x300.png,Pommel Cushion
Custom Rehab powerchairs,WHEELCHAIRS POWER,,https://advanceddmesupplies.com/product/custom-rehab-powerchairs/,https://advanceddmesupplies.com/wp-content/uploads/2020/10/Q6-Edge-HD-rehab-chairs-247x300.jpg,Custom Rehab powerchairs
Ultralight manual wheelchair,WHEELCHAIRS MANUAL,,https://advanceddmesupplies.com/product/ultralight-manual-wheelchair/,https://advanceddmesupplies.com/wp-content/uploads/2020/10/ultralight-wheelchair-247x300.jpg,Ultralight manual wheelchair
Bedside fall protection mat,BED AND MATTRESS,,https://advanceddmesupplies.com/product/bedside-fall-protection-mat/,https://advanceddmesupplies.com/wp-content/uploads/2020/10/bed-fall-protection-pad-1-247x300.jpg,Bedside fall protection mat
Hydraulic patient sit to stand lift,HOYER LIFT,,https://advanceddmesupplies.com/product/hydraulic-patient-sit-to-stand-lift/,https://advanceddmesupplies.com/wp-content/uploads/2020/10/manual-sit-to-stand-lift-247x300.jpg,Hydraulic patient sit to stand lift
Golden Avenger HD scooter,SCOOTER,,https://advanceddmesupplies.com/product/golden-avenger-hd-scooter/,https://advanceddmesupplies.com/wp-content/uploads/2020/10/golden-avenger-247x300.jpg,Golden Avenger HD scooter
Transport shower chair and drop arm commode,BATH SAFETY,,https://advanceddmesupplies.com/product/transport-shower-chair-and-drop-arm-commode/,https://advanceddmesupplies.com/wp-content/uploads/2020/10/drop-arm-transport-shower-chair-and-commode-247x300.jpg,Transport shower chair and drop arm commode
Nova Phoenix upright walker,ROLLATORS,,https://advanceddmesupplies.com/product/nova-phoenix-rise-up-rollator/,https://advanceddmesupplies.com/wp-content/uploads/2020/09/nova-phoenix-rollator-247x300.png,Nova Phoenix upright walker
6 inch wheels rollator walker,ROLLATORS,,https://advanceddmesupplies.com/product/6-inch-wheels-rollator-walker/,https://advanceddmesupplies.com/wp-content/uploads/2020/09/6-inch-wheel-rollator-247x300.jpeg,6 inch wheels rollator walker
Bariatric Air Loss Pressure Matrress and bariatric bed,BED AND MATTRESS,,https://advanceddmesupplies.com/product/bariatric-air-loss-pressure-matrress/,https://advanceddmesupplies.com/wp-content/uploads/2020/09/bariatric-ail-loss-pressure-mattress-247x300.jpg,Bariatric Air Loss Pressure Matrress and bariatric bed
Air loss Alternating Pressure Mattress,BED AND MATTRESS,,https://advanceddmesupplies.com/product/air-loss-alternating-pressure-mattress/,https://advanceddmesupplies.com/wp-content/uploads/2020/09/air-loss-alternating-pressure-mattress-247x300.jpg,Air loss Alternating Pressure Mattress
Compass Sport Model: GP605,WHEELCHAIRS POWER,,https://advanceddmesupplies.com/product/golden-compass-sport/,https://advanceddmesupplies.com/wp-content/uploads/2020/09/GP605-Compass_DSC6188-247x300.jpg,Compass Sport Model: GP605
Golden Alante,WHEELCHAIRS POWER,,https://advanceddmesupplies.com/product/golden-alante/,https://advanceddmesupplies.com/wp-content/uploads/2020/09/GOLDEN-ALANTE-247x300.jpg,Golden Alante
Golden Compass HD GP620,WHEELCHAIRS POWER,,https://advanceddmesupplies.com/product/golden-compass-hd-gp620/,https://advanceddmesupplies.com/wp-content/uploads/2020/09/Golden-technologies-compass-HD-GP620SS-247x300.jpg,Golden Compass HD GP620
Golden Lite Rider Envy,WHEELCHAIRS POWER,,https://advanceddmesupplies.com/product/golden-lite-rider-envy/,https://advanceddmesupplies.com/wp-content/uploads/2020/09/1-247x300.jpg,Golden Lite Rider Envy
Fully Electric bed,BED AND MATTRESS,,https://advanceddmesupplies.com/product/fully-electric-bed/,https://advanceddmesupplies.com/wp-content/uploads/2020/08/Beds-04-1-247x300.jpg,Fully Electric bed
Heel elevator,PILLOW AND CUSHIONS,,https://advanceddmesupplies.com/product/heel-elevator/,https://advanceddmesupplies.com/wp-content/uploads/2020/08/heel-elevator-247x300.jpg,Heel elevator
Convulated ear protector,PILLOW AND CUSHIONS,,https://advanceddmesupplies.com/product/convulated-ear-protector/,https://advanceddmesupplies.com/wp-content/uploads/2020/08/convulated-ear-protector-247x300.jpg,Convulated ear protector
Desk arm laptop cushion,WHEELCHAIRS MANUAL,,https://advanceddmesupplies.com/product/desk-arm-laptop-cushion/,https://advanceddmesupplies.com/wp-content/uploads/2020/08/desk-arm-laptop-cushion-247x300.jpg,Desk arm laptop cushion
Full arm laptop cushion,WHEELCHAIRS MANUAL,,https://advanceddmesupplies.com/product/full-arm-laptop-cushion/,https://advanceddmesupplies.com/wp-content/uploads/2020/08/full-arm-cushion-247x300.jpg,Full arm laptop cushion
Abdominal pad,WOUND CARE PRODUCTS,,https://advanceddmesupplies.com/product/abdominal-pad/,https://advanceddmesupplies.com/wp-content/uploads/2020/08/abdominal-pad-247x300.jpg,Abdominal pad
Cotton tipped applicators,WOUND CARE PRODUCTS,,https://advanceddmesupplies.com/product/cotton-tipped-applicators/,https://advanceddmesupplies.com/wp-content/uploads/2020/08/cotton-applicators-247x300.jpg,Cotton tipped applicators
Medline EntraFlo H2O Feeding Sets,ENTERAL NUTRITION,,https://advanceddmesupplies.com/product/entraflo-h2o-feeding-sets/,https://advanceddmesupplies.com/wp-content/uploads/2020/08/feeding-bags-247x300.jpg,Medline EntraFlo H2O Feeding Sets
Medline EntraFlo Nutrition Delivery System,ENTERAL NUTRITION,,https://advanceddmesupplies.com/product/entraflo-nutrition-delivery-system-2/,https://advanceddmesupplies.com/wp-content/uploads/2020/08/medline-pump-247x300.jpg,Medline EntraFlo Nutrition Delivery System
Medline EntraFlo Nutrition Delivery System,ENTERAL NUTRITION,,https://advanceddmesupplies.com/product/entraflo-nutrition-delivery-system/,https://advanceddmesupplies.com/wp-content/uploads/2020/08/medline-feeding-pump-247x300.jpg,Medline EntraFlo Nutrition Delivery System
Oxygen concentrator filters,OXYGEN,,https://advanceddmesupplies.com/product/oxygen-concentrator-filters/,https://advanceddmesupplies.com/wp-content/uploads/2020/08/filters-247x300.jpg,Oxygen concentrator filters
Inogen G5 Portable concentrator,OXYGEN,,https://advanceddmesupplies.com/product/inogen-g5-portable-concentrator/,https://advanceddmesupplies.com/wp-content/uploads/2020/08/inogen-one-g5-247x300.jpg,Inogen G5 Portable concentrator
Shower chair with handles no back,BATH SAFETY,,https://advanceddmesupplies.com/product/shower-chair-with-handles-no-back/,https://advanceddmesupplies.com/wp-content/uploads/2020/08/chair-with-no-back-247x300.jpg,Shower chair with handles no back
Rollator Nova Star 8,ROLLATORS,,https://advanceddmesupplies.com/product/rollator-nova-star-8/,https://advanceddmesupplies.com/wp-content/uploads/2020/08/nova-star-rollator-247x300.jpg,Rollator Nova Star 8
Power chair batteries,WHEELCHAIRS POWER,,https://advanceddmesupplies.com/product/power-chair-batteries/,https://advanceddmesupplies.com/wp-content/uploads/2020/08/batteries-247x300.jpg,Power chair batteries
Jazzy 1450,WHEELCHAIRS POWER,,https://advanceddmesupplies.com/product/jazzy-1450/,https://advanceddmesupplies.com/wp-content/uploads/2020/08/jazzy-1450-red-247x300.jpg,Jazzy 1450
Jazzy Select 6,WHEELCHAIRS POWER,,https://advanceddmesupplies.com/product/jazzy-select-6/,https://advanceddmesupplies.com/wp-content/uploads/2020/08/jazzy-select-red-247x300.jpg,Jazzy Select 6
Jazzy 600 ES,WHEELCHAIRS POWER,,https://advanceddmesupplies.com/product/jazzy-600-es/,https://advanceddmesupplies.com/wp-content/uploads/2020/08/jazzy-600-ES-247x300.jpg,Jazzy 600 ES
Jazzy Elite HD,WHEELCHAIRS POWER,,https://advanceddmesupplies.com/product/jazzy-elite-hd/,https://advanceddmesupplies.com/wp-content/uploads/2020/08/Jazzy-Elite-HD-247x300.jpg,Jazzy Elite HD
3 and 4 wheel Pride Victory 10.2,SCOOTER,,https://advanceddmesupplies.com/product/3-and-4-wheel-pride-victory-10-2/,https://advanceddmesupplies.com/wp-content/uploads/2020/08/victory-10-red-247x300.png,3 and 4 wheel Pride Victory 10.2
Revo™ 2.0 4 Wheel (S67),SCOOTER,,https://advanceddmesupplies.com/product/3-and-4-wheel-gogo-revo-scooter/,https://advanceddmesupplies.com/wp-content/uploads/2020/08/pride-revo-2.0-4--247x300.jpg,Revo™ 2.0 4 Wheel (S67)
Pride 4 wheel Victory LX sport,SCOOTER,,https://advanceddmesupplies.com/product/pride-4-wheel-victory-lx-sport/,https://advanceddmesupplies.com/wp-content/uploads/2020/08/VICTORY-LX-SPORT-2-247x300.png,Pride 4 wheel Victory LX sport
3 and 4 wheel pride victory 9,SCOOTER,,https://advanceddmesupplies.com/product/3-and-4-wheel-pride-victory-9/,https://advanceddmesupplies.com/wp-content/uploads/2020/08/VICTORY-9-247x300.jpg,3 and 4 wheel pride victory 9
Pediatric nebulizers,NEBULIZER,,https://advanceddmesupplies.com/product/pediatric-nebulizers/,https://advanceddmesupplies.com/wp-content/uploads/2020/08/nebulizer.jpg,Pediatric nebulizers
pediatric nebulizer,NEBULIZER,,https://advanceddmesupplies.com/product/pediatric-nebulizer-5/,https://advanceddmesupplies.com/wp-content/uploads/2020/08/pediatric-nebulizer.jpg,pediatric nebulizer
Drive Two wheeled rollator,ROLLATORS,,https://advanceddmesupplies.com/product/drive-two-wheeled-rollator/,https://advanceddmesupplies.com/wp-content/uploads/2020/08/Two-wheel-rollator-247x300.jpg,Drive Two wheeled rollator
Folding Walker With Seat,FOLDING WALKER WITH SEAT,,https://advanceddmesupplies.com/product/folding-walker-with-seat/,https://advanceddmesupplies.com/wp-content/uploads/2020/08/folding-walker-with-seat-1-247x300.jpeg,Folding Walker With Seat
CPAP/Bipap Tubing,CPAP BIPAP VPAPS VENTILATORS,,https://advanceddmesupplies.com/product/cpap-bipap-tubing/,https://advanceddmesupplies.com/wp-content/uploads/2020/08/heated-tubing-247x300.jpg,CPAP/Bipap Tubing
CPAP/Bipap Power Supply,CPAP BIPAP VPAPS VENTILATORS,,https://advanceddmesupplies.com/product/cpap-bipap-power-cord/,https://advanceddmesupplies.com/wp-content/uploads/2020/08/resmed-power-cord-247x300.jpg,CPAP/Bipap Power Supply
Ultima Combo Digital TENS and EMS Unit,PAIN MANAGEMENT,,https://advanceddmesupplies.com/product/ultima-combo-digital-tens-and-ems-unit/,https://advanceddmesupplies.com/wp-content/uploads/2020/08/tens-combo-247x300.jpeg,Ultima Combo Digital TENS and EMS Unit
No Rinse Wash,NO RINSE WASH,,https://advanceddmesupplies.com/product/no-rinse-wash-2/,https://advanceddmesupplies.com/wp-content/uploads/2020/08/no-rinse-wash.png,No Rinse Wash
No Rinse Wash,NO RINSE WASH,,https://advanceddmesupplies.com/product/no-rinse-wash/,https://advanceddmesupplies.com/wp-content/uploads/2020/08/no-rinse-body-wash.png,No Rinse Wash
A & D Skin Ointment Cream,A D SKIN OINTMENT CREAM,,https://advanceddmesupplies.com/product/a-d-skin-ointment-cream-2/,https://advanceddmesupplies.com/wp-content/uploads/2020/08/a-and-d-skin-ointment-1-.png,A & D Skin Ointment Cream
A & D Skin Ointment Cream,A D SKIN OINTMENT CREAM,,https://advanceddmesupplies.com/product/a-d-skin-ointment-cream/,https://advanceddmesupplies.com/wp-content/uploads/2020/08/a-and-d-skin-ointment.png,A & D Skin Ointment Cream
Calmoseptine,CALMOSEPTINE,,https://advanceddmesupplies.com/product/calmoseptine/,https://advanceddmesupplies.com/wp-content/uploads/2020/08/calmoseptine-247x300.png,Calmoseptine
Hibiclens,HIBICLENS,,https://advanceddmesupplies.com/product/hibiclens/,https://advanceddmesupplies.com/wp-content/uploads/2020/08/image-2020-08-08T103321.260-247x300.png,Hibiclens
Colles Fracture Splints,COLLES FRACTURE SPLINTS,,https://advanceddmesupplies.com/product/colles-fracture-splints/,https://advanceddmesupplies.com/wp-content/uploads/2020/08/colles.png,Colles Fracture Splints
Leg Elevator,LEG ELEVATOR,,https://advanceddmesupplies.com/product/leg-elevator/,https://advanceddmesupplies.com/wp-content/uploads/2020/08/image-2020-08-08T103301.127-247x300.png,Leg Elevator
Adult Nebulizers,ADULT NEBULIZERS,,https://advanceddmesupplies.com/product/adult-nebulizers-2/,https://advanceddmesupplies.com/wp-content/uploads/2020/08/image-2020-08-08T103258.450-247x300.png,Adult Nebulizers
Adult Nebulizers,ADULT NEBULIZERS,,https://advanceddmesupplies.com/product/adult-nebulizers/,https://advanceddmesupplies.com/wp-content/uploads/2020/08/image-2020-08-08T103255.934-247x300.png,Adult Nebulizers
Bacteria Filters,BACTERIA FILTERS,,https://advanceddmesupplies.com/product/bacteria-filters-2/,https://advanceddmesupplies.com/wp-content/uploads/2020/08/bacteria-filter-1-247x300.png,Bacteria Filters
Bacteria Filters,BACTERIA FILTERS,,https://advanceddmesupplies.com/product/bacteria-filters/,https://advanceddmesupplies.com/wp-content/uploads/2020/08/bacteria-filter-247x300.jpg,Bacteria Filters
Suction Canisters,SUCTION CANISTERS,,https://advanceddmesupplies.com/product/suction-canisters/,https://advanceddmesupplies.com/wp-content/uploads/2020/08/suction-canisters-247x300.png,Suction Canisters
Suction Tubing,SUCTION TUBING,,https://advanceddmesupplies.com/product/suction-tubing/,https://advanceddmesupplies.com/wp-content/uploads/2020/08/suction-tubing-247x300.png,Suction Tubing
Yankauer,TRACHEOSTOMY SUPPLIES,,https://advanceddmesupplies.com/product/yankauer/,https://advanceddmesupplies.com/wp-content/uploads/2020/08/image-2020-08-08T103153.102-247x300.png,Yankauer
Pediatric Nebulizer,NEBULIZER,,https://advanceddmesupplies.com/product/pediatric-nebulizer-4/,https://advanceddmesupplies.com/wp-content/uploads/2020/08/pediatric-nebulizer-3.png,Pediatric Nebulizer
Pediatric Nebulizer,NEBULIZER,,https://advanceddmesupplies.com/product/pediatric-nebulizer-3/,https://advanceddmesupplies.com/wp-content/uploads/2020/08/pediatric-nebulizer-2.png,Pediatric Nebulizer
Pediatric Nebulizer,NEBULIZER,,https://advanceddmesupplies.com/product/pediatric-nebulizer-2/,https://advanceddmesupplies.com/wp-content/uploads/2020/08/frog-nebulizer-247x300.jpg,Pediatric Nebulizer
Ventura 3-Wheel Scooter,SCOOTER,,https://advanceddmesupplies.com/product/ventura-3-wheel-scooter/,https://advanceddmesupplies.com/wp-content/uploads/2026/01/VENTURA320CS-1-247x300.jpg,Ventura 3-Wheel Scooter
Ventura 4-Wheel Scooter,SCOOTER,,https://advanceddmesupplies.com/product/ventura-4-wheel-scooter/,https://advanceddmesupplies.com/wp-content/uploads/2026/01/VENTURA420CS-1-247x300.jpg,Ventura 4-Wheel Scooter
iWALK 3.0 Hands Free Knee Crutch,WALKERS,,https://advanceddmesupplies.com/product/i-walk-crutch/,https://advanceddmesupplies.com/wp-content/uploads/2025/12/I-WALK-247x300.jpg,iWALK 3.0 Hands Free Knee Crutch
Cloud with Twilight & Optional Nirvana Medium/Large Model: PR527-MLA,LIFT CHAIRS,,https://advanceddmesupplies.com/product/cloud-with-twilight-optional-nirvana-medium-large-model-pr527-mla/,https://advanceddmesupplies.com/wp-content/uploads/2025/12/cloud-2-247x300.jpg,Cloud with Twilight & Optional Nirvana Medium/Large Model: PR527-MLA
Cloud with Twilight & Optional Nirvana Small/Medium Model: PR527-SME,LIFT CHAIRS,,https://advanceddmesupplies.com/product/cloud-with-twilight-optional-nirvana-small-medium-model-pr527-sme/,https://advanceddmesupplies.com/wp-content/uploads/2025/12/cloud-247x300.jpg,Cloud with Twilight & Optional Nirvana Small/Medium Model: PR527-SME
EZ Sleeper Slim with Twilight Model: PR764-MED,LIFT CHAIRS,,https://advanceddmesupplies.com/product/ez-sleeper-slim-with-twilight-model-pr764-med/,https://advanceddmesupplies.com/wp-content/uploads/2025/12/ez-sleeper-6-247x300.jpg,EZ Sleeper Slim with Twilight Model: PR764-MED
EZ Sleeper Slim Model: PR750-MED,LIFT CHAIRS,,https://advanceddmesupplies.com/product/ez-sleeper-slim-model-pr750-med/,https://advanceddmesupplies.com/wp-content/uploads/2025/12/ez-sleeper-247x300.jpg,EZ Sleeper Slim Model: PR750-MED
Cloud+ Medium with Twilight Model: PR525-MED,LIFT CHAIRS,,https://advanceddmesupplies.com/product/cloud-medium-with-twilight-model-pr525-med/,https://advanceddmesupplies.com/wp-content/uploads/2025/12/twillight-247x300.jpg,Cloud+ Medium with Twilight Model: PR525-MED
Cloud+ Medium Model: PR511-MED,LIFT CHAIRS,,https://advanceddmesupplies.com/product/cloud-medium-model-pr511-med/,https://advanceddmesupplies.com/wp-content/uploads/2025/12/cloud-medium-1-247x300.gif,Cloud+ Medium Model: PR511-MED
Rhea with Twilight & Nirvana Medium Model: PR447-MED,LIFT CHAIRS,,https://advanceddmesupplies.com/product/rhea-with-twilight-nirvana-medium-model-pr447-med/,https://advanceddmesupplies.com/wp-content/uploads/2025/12/PR447-Rhea-MED-3-247x300.gif,Rhea with Twilight & Nirvana Medium Model: PR447-MED
Cloud+ Medium/Wide Model: PR511-MXW,LIFT CHAIRS,,https://advanceddmesupplies.com/product/cloud-medium-wide-model-pr511-mxw/,https://advanceddmesupplies.com/wp-content/uploads/2025/12/cloud-lift-chair-247x300.jpg,Cloud+ Medium/Wide Model: PR511-MXW
Adaptive Utensil Set,PATIENT ROOM CARE,,https://advanceddmesupplies.com/product/adaptive-utensil-set/,https://advanceddmesupplies.com/wp-content/uploads/2025/12/utensils-247x300.jpg,Adaptive Utensil Set
Pediatric Nebulizer,NEBULIZER,,https://advanceddmesupplies.com/product/pediatric-nebulizer/,https://advanceddmesupplies.com/wp-content/uploads/2020/08/bunnie-nebulizer-247x300.png,Pediatric Nebulizer
InnoSpire Mini Portable Nebulizer,NEBULIZER,,https://advanceddmesupplies.com/product/innospire-mini-portable-nebulizer/,https://advanceddmesupplies.com/wp-content/uploads/2020/08/image-2020-08-07T165446.183-247x300.png,InnoSpire Mini Portable Nebulizer
Roscoe NebGo Portable Nebulizers,NEBULIZER,,https://advanceddmesupplies.com/product/portable-nebulizers-2/,https://advanceddmesupplies.com/wp-content/uploads/2020/08/neb-go-nebulizer-247x300.png,Roscoe NebGo Portable Nebulizers
Portable Nebulizers,NEBULIZER,,https://advanceddmesupplies.com/product/portable-nebulizers/,https://advanceddmesupplies.com/wp-content/uploads/2020/08/portable-nebu.png,Portable Nebulizers
Merits Power Bath Lift 300lbs,BATH SAFETY,,https://advanceddmesupplies.com/product/merits-power-bath-lift-300lbs/,https://advanceddmesupplies.com/wp-content/uploads/2020/08/power-bath-247x300.png,Merits Power Bath Lift 300lbs
Tracheostomy Mask,TRACHEOSTOMY MASK,,https://advanceddmesupplies.com/product/tracheostomy-mask/,https://advanceddmesupplies.com/wp-content/uploads/2020/08/tracheostomy-masks-247x300.png,Tracheostomy Mask
Tracheostomy Tubes,TRACHEOSTOMY SUPPLIES,,https://advanceddmesupplies.com/product/tracheostomy-tubes-2/,https://advanceddmesupplies.com/wp-content/uploads/2020/08/tracheostomy-tubes-2-247x300.png,Tracheostomy Tubes
Tracheostomy Tube,TRACHEOSTOMY SUPPLIES,,https://advanceddmesupplies.com/product/tracheostomy-tube/,https://advanceddmesupplies.com/wp-content/uploads/2020/08/tracheostomy-tubes-1.png,Tracheostomy Tube
Tracheostomy Tubes,TRACHEOSTOMY SUPPLIES,,https://advanceddmesupplies.com/product/tracheostomy-tubes/,https://advanceddmesupplies.com/wp-content/uploads/2020/08/tracheostomy-tube-247x300.jpg,Tracheostomy Tubes
Tracheostomy Tube Holder,TRACHEOSTOMY SUPPLIES,,https://advanceddmesupplies.com/product/tracheostomy-tube-holder/,https://advanceddmesupplies.com/wp-content/uploads/2020/08/tracheostomy-247x300.jpg,Tracheostomy Tube Holder
Tracheostomy Care Kit,TRACHEOSTOMY CARE KIT,,https://advanceddmesupplies.com/product/tracheostomy-care-kit/,https://advanceddmesupplies.com/wp-content/uploads/2020/08/tracheostomy-care-kit-247x300.png,Tracheostomy Care Kit
AirSense 10 AutoSet For Her with HumidAir,AIRSENSE 10 AUTOSET FOR HER WITH HUMIDAIR,,https://advanceddmesupplies.com/product/airsense-10-autoset-for-her-with-humidair/,https://advanceddmesupplies.com/wp-content/uploads/2020/08/airsense-10-autoset-247x300.png,AirSense 10 AutoSet For Her with HumidAir
CoughAssist T70,COUGHASSIST T70,,https://advanceddmesupplies.com/product/coughassist-t70/,https://advanceddmesupplies.com/wp-content/uploads/2020/08/cough-assist-247x300.png,CoughAssist T70
Trilogy EVO Portable Life Support Ventilator,CPAP BIPAP VPAPS VENTILATORS,,https://advanceddmesupplies.com/product/trilogy-evo-portable-life-support-ventilator/,https://advanceddmesupplies.com/wp-content/uploads/2020/08/triology-evo-1-247x300.jpg,Trilogy EVO Portable Life Support Ventilator
TRILOGY100 VENTILATOR,CPAP BIPAP VPAPS VENTILATORS,,https://advanceddmesupplies.com/product/trilogy100-ventilator/,https://advanceddmesupplies.com/wp-content/uploads/2020/08/triology-ventilator-1-247x300.jpg,TRILOGY100 VENTILATOR
SIMPLY GO PORTABLE OXYGEN CONCENTRATOR,OXYGEN,,https://advanceddmesupplies.com/product/simply-go-portable-oxygen-concentrator/,https://advanceddmesupplies.com/wp-content/uploads/2020/08/6920175520SimplyGo-Portable-Oxygen-Concentrator-Respironics-SimplyGo-Portable-Oxygen-Concentrator-Components-IG-247x300.jpg,SIMPLY GO PORTABLE OXYGEN CONCENTRATOR
So Clean Filter Kits,CPAP BIPAP VPAPS VENTILATORS,,https://advanceddmesupplies.com/product/so-clean-filter-kits/,https://advanceddmesupplies.com/wp-content/uploads/2020/08/so-clean-filter-kit-1-247x300.png,So Clean Filter Kits
So Clean Adapter,CPAP BIPAP VPAPS VENTILATORS,,https://advanceddmesupplies.com/product/so-clean-adapter-2/,https://advanceddmesupplies.com/wp-content/uploads/2020/08/so-clean-filter-kit-247x300.png,So Clean Adapter
So Clean Adapter,CPAP BIPAP VPAPS VENTILATORS,,https://advanceddmesupplies.com/product/so-clean-adapter/,https://advanceddmesupplies.com/wp-content/uploads/2020/08/so-clean-adapters-247x300.png,So Clean Adapter
Resmed Cpap/Bipap Humidifier,CPAP BIPAP VPAPS VENTILATORS,,https://advanceddmesupplies.com/product/resmed-cpap-bipap-humidifier/,https://advanceddmesupplies.com/wp-content/uploads/2020/08/resmed-cpap-bipap-247x300.png,Resmed Cpap/Bipap Humidifier
Resmed AUTO S9 VPAP AVPAP COPD,CPAP BIPAP VPAPS VENTILATORS,,https://advanceddmesupplies.com/product/resmed-auto-s9-vpap-avpap-copd/,https://advanceddmesupplies.com/wp-content/uploads/2020/08/resmed-auto-s9-vpap.png,Resmed AUTO S9 VPAP AVPAP COPD
AirCurve 10 ST-A BiLevel Machine,AIRCURVE 10 ST A BILEVEL,,https://advanceddmesupplies.com/product/aircurve-10-st-a-bilevel-machine/,https://advanceddmesupplies.com/wp-content/uploads/2020/08/airsense-10-bilevel-247x300.png,AirCurve 10 ST-A BiLevel Machine
AirCurve™ 10 S with HumidAir™ and ClimateLineAir™ Tube,AIRCURVE 10 S WITH HUMIDAIR AND CLIMATELINEAIR TUBE,,https://advanceddmesupplies.com/product/aircurve-10-s-with-humidair-and-climatelineair-tube/,https://advanceddmesupplies.com/wp-content/uploads/2020/08/aircurve-10-humidifier-300x200.png,AirCurve™ 10 S with HumidAir™ and ClimateLineAir™ Tube
Resmed AirCurve™ 10 VAuto,CPAP BIPAP VPAPS VENTILATORS,,https://advanceddmesupplies.com/product/resmed-aircurve-10-vauto/,https://advanceddmesupplies.com/wp-content/uploads/2020/08/aircurve-10-247x300.png,Resmed AirCurve™ 10 VAuto
AirSense 10 CPAP with HumidAir,AIRSENSE 10 CPAP WITH HUMIDAIR,,https://advanceddmesupplies.com/product/airsense-10-cpap-with-humidair/,https://advanceddmesupplies.com/wp-content/uploads/2020/08/airsense-10-247x300.png,AirSense 10 CPAP with HumidAir
Dream Station Go,CPAP BIPAP VPAPS VENTILATORS,,https://advanceddmesupplies.com/product/dream-station-go/,https://advanceddmesupplies.com/wp-content/uploads/2020/08/dreamstation-go-light-247x300.png,Dream Station Go
Dream Station Go with Heated Humidifier,CPAP BIPAP VPAPS VENTILATORS,,https://advanceddmesupplies.com/product/dream-station-go-with-heated-humidifier/,https://advanceddmesupplies.com/wp-content/uploads/2020/08/dreamstation-go-247x300.png,Dream Station Go with Heated Humidifier
Leg Bags,CATHETERS,,https://advanceddmesupplies.com/product/leg-bags/,https://advanceddmesupplies.com/wp-content/uploads/2020/08/image-2020-08-02T185209.148.png,Leg Bags
Catheter Lubricant,CATHETER LUBRICANT,,https://advanceddmesupplies.com/product/catheter-lubricant/,https://advanceddmesupplies.com/wp-content/uploads/2020/08/image-2020-08-02T185207.889-247x300.png,Catheter Lubricant
Catheter Tray Kit,CATHETER TRAY KIT,,https://advanceddmesupplies.com/product/catheter-tray-kit/,https://advanceddmesupplies.com/wp-content/uploads/2020/08/image-2020-08-02T185206.979.png,Catheter Tray Kit
Male and Female Hydrophilic Straight Catheters,CATHETERS,,https://advanceddmesupplies.com/product/male-and-female-hydrophilic-straight-catheters/,https://advanceddmesupplies.com/wp-content/uploads/2020/08/image-2020-08-02T185205.815.png,Male and Female Hydrophilic Straight Catheters
Male and Female Coude Tip Straight Catheters,CATHETERS,,https://advanceddmesupplies.com/product/male-and-female-coude-tip-straight-catheters/,https://advanceddmesupplies.com/wp-content/uploads/2020/08/image-2020-08-02T185202.620.png,Male and Female Coude Tip Straight Catheters
Male and Female Coude Tip Foley Catheters,CATHETERS,,https://advanceddmesupplies.com/product/male-and-female-coude-tip-foley-catheters/,https://advanceddmesupplies.com/wp-content/uploads/2020/08/image-2020-08-02T185200.984.png,Male and Female Coude Tip Foley Catheters
Female Self Catheter,CATHETERS,,https://advanceddmesupplies.com/product/female-self-catheter/,https://advanceddmesupplies.com/wp-content/uploads/2020/08/image-2020-08-02T185159.401.png,Female Self Catheter
Male Self Catheter,CATHETERS,,https://advanceddmesupplies.com/product/male-self-catheter/,https://advanceddmesupplies.com/wp-content/uploads/2020/08/image-2020-08-02T185158.401.png,Male Self Catheter
Condom Catheter,CATHETERS,,https://advanceddmesupplies.com/product/condom-catheter/,https://advanceddmesupplies.com/wp-content/uploads/2020/08/image-2020-08-02T185155.728.png,Condom Catheter
Cavilon No Sting Barrier Film,CAVILON NO STING BARRIER FILM,,https://advanceddmesupplies.com/product/cavilon-no-sting-barrier-film/,https://advanceddmesupplies.com/wp-content/uploads/2020/08/0802-adhesive-paste.png,Cavilon No Sting Barrier Film
Stomahesive Protective Powder,OSTOMY SUPPLIES,,https://advanceddmesupplies.com/product/stomahesive-protective-powder/,https://advanceddmesupplies.com/wp-content/uploads/2020/08/0802-stomahesive.png,Stomahesive Protective Powder
ConvaTec Stoma Paste,OSTOMY SUPPLIES,,https://advanceddmesupplies.com/product/convatec-stoma-paste/,https://advanceddmesupplies.com/wp-content/uploads/2020/08/0802-stoma.png,ConvaTec Stoma Paste
Securi-T Stoma Paste,OSTOMY SUPPLIES,,https://advanceddmesupplies.com/product/securi-t-stoma-paste/,https://advanceddmesupplies.com/wp-content/uploads/2020/08/0802-paste.png,Securi-T Stoma Paste
Adapt Stoma Lubricant,OSTOMY SUPPLIES,,https://advanceddmesupplies.com/product/adapt-stoma-lubricant/,https://advanceddmesupplies.com/wp-content/uploads/2020/08/0802-adapt.png,Adapt Stoma Lubricant
Adapt Stoma Paste,OSTOMY SUPPLIES,,https://advanceddmesupplies.com/product/adapt-stoma-paste/,https://advanceddmesupplies.com/wp-content/uploads/2020/08/0802-adapt-paste.png,Adapt Stoma Paste
SECURI-T®USA Ostomy Adhesive Removal Wipes,OSTOMY ADHESIVE REMOVAL WIPES,,https://advanceddmesupplies.com/product/securi-tusa-ostomy-adhesive-removal-wipes/,https://advanceddmesupplies.com/wp-content/uploads/2020/08/0802-adhesive.png,SECURI-T®USA Ostomy Adhesive Removal Wipes
Coloplast Ostomy Adhesive Removal Wipes,OSTOMY ADHESIVE REMOVAL WIPES,,https://advanceddmesupplies.com/product/coloplast-ostomy-adhesive-removal-wipes/,https://advanceddmesupplies.com/wp-content/uploads/2020/08/0802-coloplast-wipes.png,Coloplast Ostomy Adhesive Removal Wipes
Safe n Simple Ostomy Adhesive Removal Wipes,OSTOMY ADHESIVE REMOVAL WIPES,,https://advanceddmesupplies.com/product/safe-n-simple-ostomy-adhesive-removal-wipes/,https://advanceddmesupplies.com/wp-content/uploads/2020/08/0802-safe-and-simple.png,Safe n Simple Ostomy Adhesive Removal Wipes
Ostomy Skin Barrier Strips,OSTOMY SKIN BARRIER STRIPS,,https://advanceddmesupplies.com/product/ostomy-skin-barrier-strips/,https://advanceddmesupplies.com/wp-content/uploads/2020/08/skin-barrier-2.png,Ostomy Skin Barrier Strips
Stomahesive Skin Barriers/Wafer,OSTOMY SUPPLIES,,https://advanceddmesupplies.com/product/stomahesive-skin-barriers-wafer/,https://advanceddmesupplies.com/wp-content/uploads/2020/08/stoma-01.png,Stomahesive Skin Barriers/Wafer
Hollister Two Piece Drainage Pouch,HOLLISTER TWO PIECE DRAINAGE POUCH,,https://advanceddmesupplies.com/product/hollister-two-piece-drainage-pouch/,https://advanceddmesupplies.com/wp-content/uploads/2020/08/hollister-3.png,Hollister Two Piece Drainage Pouch
Hollister One Piece Ostomy Drainage Pouch,HOLLISTER ONE PIECE OSTOMY DRAINAGE POUCH,,https://advanceddmesupplies.com/product/hollister-one-piece-ostomy-drainage-pouch/,https://advanceddmesupplies.com/wp-content/uploads/2020/08/hollister-1-247x300.png,Hollister One Piece Ostomy Drainage Pouch
Genairex Securi-T Two-Piece Drainage Pouch,GENAIREX SECURI T TWO PIECE DRAINAGE POUCH,,https://advanceddmesupplies.com/product/genairex-securi-t-two-piece-drainage-pouch/,https://advanceddmesupplies.com/wp-content/uploads/2020/08/genairex-1.png,Genairex Securi-T Two-Piece Drainage Pouch
Genairex Securi-T One-Piece Drainage Pouch,GENAIREX SECURI T ONE PIECE DRAINAGE POUCH,,https://advanceddmesupplies.com/product/genairex-securi-t-one-piece-drainage-pouch/,https://advanceddmesupplies.com/wp-content/uploads/2020/08/Outlook-450ryzm5-247x300.png,Genairex Securi-T One-Piece Drainage Pouch
Convatec Two Piece Drainage Pouches,CONVATEC TWO PIECE DRAINAGE POUCHES,,https://advanceddmesupplies.com/product/convatec-two-piece-drainage-pouches/,https://advanceddmesupplies.com/wp-content/uploads/2020/08/0802-convatec-3.png,Convatec Two Piece Drainage Pouches
Convatec ActiveLife One-Piece Drainage Pouch,CONVATEC ACTIVELIFE ONE PIECE DRAINAGE POUCH,,https://advanceddmesupplies.com/product/convatec-activelife-one-piece-drainage-pouch/,https://advanceddmesupplies.com/wp-content/uploads/2020/08/0802-convatec-01-247x300.png,Convatec ActiveLife One-Piece Drainage Pouch
24 Hr Urine Collection Container,24 HR URINE COLLECTION CONTAINER,,https://advanceddmesupplies.com/product/24-hr-urine-collection-container/,https://advanceddmesupplies.com/wp-content/uploads/2020/08/image-2020-08-02T185240.599-247x300.png,24 Hr Urine Collection Container
Bed Side Urine Bag,BED SIDE URINE BAG,,https://advanceddmesupplies.com/product/bed-side-urine-bag/,https://advanceddmesupplies.com/wp-content/uploads/2020/08/bed-side-urine-bag-247x300.png,Bed Side Urine Bag
Female Urinal,CATHETERS,,https://advanceddmesupplies.com/product/female-urinal/,https://advanceddmesupplies.com/wp-content/uploads/2020/08/female-urinal-1-247x300.jpg,Female Urinal
Male Urinal,CATHETERS,,https://advanceddmesupplies.com/product/male-urinal/,https://advanceddmesupplies.com/wp-content/uploads/2020/08/male-urinal-1-247x300.jpg,Male Urinal
"Kangaroo Gravity Feeding Bag, Large Bore, 1000 ml, 30/cs",ENTERAL NUTRITION,,https://advanceddmesupplies.com/product/kangaroo-gravity-feeding-bag-large-bore-1000-ml-30-cs/,https://advanceddmesupplies.com/wp-content/uploads/2020/08/0801-kang-3-247x300.png,"Kangaroo Gravity Feeding Bag, Large Bore, 1000 ml, 30/cs"
Medline EntraFlo Feeding Sets,ENTERAL NUTRITION,,https://advanceddmesupplies.com/product/medline-entraflo-feeding-sets/,https://advanceddmesupplies.com/wp-content/uploads/2020/08/0801-med-1-247x300.png,Medline EntraFlo Feeding Sets
Kangaroo Feeding Sets for ePump 1000 mL Feed Set with Flush Set – Non-Sterile,ENTERAL NUTRITION,,https://advanceddmesupplies.com/product/kangaroo-feeding-sets-for-epump-1000-ml-feed-set-with-flush-set-non-sterile/,https://advanceddmesupplies.com/wp-content/uploads/2020/08/0801-knag-2-247x300.png,Kangaroo Feeding Sets for ePump 1000 mL Feed Set with Flush Set - Non-Sterile
Kangaroo Enteral Gravity Feeding Bags 1000mL Non Sterile,ENTERAL NUTRITION,,https://advanceddmesupplies.com/product/kangaroo-enteral-gravity-feeding-bags-1000ml-non-sterile/,https://advanceddmesupplies.com/wp-content/uploads/2020/08/0801-kang-1-247x300.png,Kangaroo Enteral Gravity Feeding Bags 1000mL Non Sterile
Swab Sticks,SWABSTICKS,,https://advanceddmesupplies.com/product/swab-sticks/,https://advanceddmesupplies.com/wp-content/uploads/2020/08/0801-swab-sticks-green.png,Swab Sticks
Cold Packs,ORTHOPEDICS,,https://advanceddmesupplies.com/product/cold-packs/,https://advanceddmesupplies.com/wp-content/uploads/2020/08/image-2020-08-02T150606.792-247x300.png,Cold Packs
Transfer Bench With Commode,BATH SAFETY,,https://advanceddmesupplies.com/product/transfer-bench-with-commode/,https://advanceddmesupplies.com/wp-content/uploads/2020/08/image-2020-08-02T150506.335-247x300.png,Transfer Bench With Commode
Cock Up Splints,COCK UP SPLINTS,,https://advanceddmesupplies.com/product/cock-up-splints/,https://advanceddmesupplies.com/wp-content/uploads/2020/08/0801-arm.png,Cock Up Splints
Sani Pant Waterproof Underwear,INCONTINENCE,,https://advanceddmesupplies.com/product/sani-pant-waterproof-underwear/,https://advanceddmesupplies.com/wp-content/uploads/2020/08/0801-sanipant.png,Sani Pant Waterproof Underwear
Patient Hospital Gown,PATIENT HOSPITAL GOWN,,https://advanceddmesupplies.com/product/patient-hospital-gown/,https://advanceddmesupplies.com/wp-content/uploads/2020/08/patient-gown-247x300.jpg,Patient Hospital Gown
Lab Coats,LAB COATS,,https://advanceddmesupplies.com/product/lab-coats/,https://advanceddmesupplies.com/wp-content/uploads/2020/08/0801-lab-coat.png,Lab Coats
Waterproof Mattress Protector,BED AND MATTRESS,,https://advanceddmesupplies.com/product/waterproof-mattress-protector/,https://advanceddmesupplies.com/wp-content/uploads/2020/08/0801-claritin-mattress.png,Waterproof Mattress Protector
Pediatric Arm Sling,ORTHOPEDICS,,https://advanceddmesupplies.com/product/pediatric-arm-sling/,https://advanceddmesupplies.com/wp-content/uploads/2020/08/0801-cast.png,Pediatric Arm Sling
Ankle Stirrup Splint,ANKLE STIRRUP SPLINT,,https://advanceddmesupplies.com/product/ankle-stirrup-splint/,https://advanceddmesupplies.com/wp-content/uploads/2020/08/0801-heel.png,Ankle Stirrup Splint
Elbow Immobilizer,ELBOW IMMOBILIZER,,https://advanceddmesupplies.com/product/elbow-immobilizer/,https://advanceddmesupplies.com/wp-content/uploads/2020/08/0801-sling.png,Elbow Immobilizer
Dorsal Night Splint,DORSAL NIGHT SPLINT,,https://advanceddmesupplies.com/product/dorsal-night-splint/,https://advanceddmesupplies.com/wp-content/uploads/2020/08/0801-leg.png,Dorsal Night Splint
Ice Bag,ICE BAG,,https://advanceddmesupplies.com/product/ice-bag/,https://advanceddmesupplies.com/wp-content/uploads/2020/08/0801-cold-pack.png,Ice Bag
Bath Sponge,BATH SAFETY,,https://advanceddmesupplies.com/product/bath-sponge/,https://advanceddmesupplies.com/wp-content/uploads/2020/08/0801-steel.png,Bath Sponge
Single String Pull Back Support,ORTHOPEDICS,,https://advanceddmesupplies.com/product/single-string-pull-back-support/,https://advanceddmesupplies.com/wp-content/uploads/2020/08/0801-pullback.png,Single String Pull Back Support
Clavicle Support,CLAVICLE SUPPORT,,https://advanceddmesupplies.com/product/clavicle-support/,https://advanceddmesupplies.com/wp-content/uploads/2020/08/0801-clavicle.png,Clavicle Support
Pediatric Cervical Collars,ORTHOPEDICS,,https://advanceddmesupplies.com/product/pediatric-cervical-collars-2/,https://advanceddmesupplies.com/wp-content/uploads/2020/08/0801-pediatric.png,Pediatric Cervical Collars
Pediatric Cervical Collars,ORTHOPEDICS,,https://advanceddmesupplies.com/product/pediatric-cervical-collars/,https://advanceddmesupplies.com/wp-content/uploads/2020/08/0801-pediatric-2.png,Pediatric Cervical Collars
Rib Belt,ORTHOPEDICS,,https://advanceddmesupplies.com/product/rib-belt-2/,https://advanceddmesupplies.com/wp-content/uploads/2020/08/0801-rib-belt.png,Rib Belt
Knee Sleeve,KNEE SLEEVE,,https://advanceddmesupplies.com/product/knee-sleeve/,https://advanceddmesupplies.com/wp-content/uploads/2020/08/0801-knee-sleeve.png,Knee Sleeve
Ankle Sleeve,ANKLE SLEEVE,,https://advanceddmesupplies.com/product/ankle-sleeve/,https://advanceddmesupplies.com/wp-content/uploads/2020/08/0801-ankle-sleeve.png,Ankle Sleeve
Range of Motion Knee Brace,ORTHOPEDICS,,https://advanceddmesupplies.com/product/range-of-motion-knee-brace/,https://advanceddmesupplies.com/wp-content/uploads/2020/08/0801-range-of-motion.png,Range of Motion Knee Brace
Trigger Point Massager,ORTHOPEDICS,,https://advanceddmesupplies.com/product/trigger-point-massager/,https://advanceddmesupplies.com/wp-content/uploads/2020/08/0801-trigger-point.png,Trigger Point Massager
Heating Pad,HEATING PAD,,https://advanceddmesupplies.com/product/heating-pad/,https://advanceddmesupplies.com/wp-content/uploads/2020/08/0801-heating-pad.png,Heating Pad
Wrist Sleeve,ORTHOPEDICS,,https://advanceddmesupplies.com/product/wrist-sleeve/,https://advanceddmesupplies.com/wp-content/uploads/2020/08/0801-wrist-sleeve.png,Wrist Sleeve
Bunion Sleeves,BUNION SLEEVES,,https://advanceddmesupplies.com/product/bunion-sleeves/,https://advanceddmesupplies.com/wp-content/uploads/2020/08/0801-bunion-sleeves.png,Bunion Sleeves
Sinus Pack,ORTHOPEDICS,,https://advanceddmesupplies.com/product/sinus-pack/,https://advanceddmesupplies.com/wp-content/uploads/2020/08/0801-sinus-pack.png,Sinus Pack
Hand Web Exerciser,HAND WEB EXERCISER,,https://advanceddmesupplies.com/product/hand-web-exerciser/,https://advanceddmesupplies.com/wp-content/uploads/2020/08/0801-web-hand-exerciser.png,Hand Web Exerciser
Therapeutic Bands,ORTHOPEDICS,,https://advanceddmesupplies.com/product/therapeutic-bands/,https://advanceddmesupplies.com/wp-content/uploads/2020/08/0801-therapeutic-bands.png,Therapeutic Bands
Hand Putty,HAND PUTTY,,https://advanceddmesupplies.com/product/hand-putty/,https://advanceddmesupplies.com/wp-content/uploads/2020/08/0801-hand-putty.png,Hand Putty
Shower Shield Protector,SHOWER SHIELD PROTECTOR,,https://advanceddmesupplies.com/product/shower-shield-protector/,https://advanceddmesupplies.com/wp-content/uploads/2020/08/0801-shower-shield-protector.png,Shower Shield Protector
Cane Tips,CANE TIPS,,https://advanceddmesupplies.com/product/cane-tips-2/,https://advanceddmesupplies.com/wp-content/uploads/2020/08/0801-cane-tip.png,Cane Tips
Cane Tips,CANE TIPS,,https://advanceddmesupplies.com/product/cane-tips/,https://advanceddmesupplies.com/wp-content/uploads/2020/08/0801-cane-tips.png,Cane Tips
Hand Held Shower Spray,BATH SAFETY,,https://advanceddmesupplies.com/product/hand-held-shower-spray/,https://advanceddmesupplies.com/wp-content/uploads/2020/08/0801-hand-held-shower-spray-247x300.png,Hand Held Shower Spray
Iodoform Packing Strip,IODOFORM PACKING STRIP,,https://advanceddmesupplies.com/product/iodoform-packing-strip/,https://advanceddmesupplies.com/wp-content/uploads/2020/08/0801-iodoform.png,Iodoform Packing Strip
Sacral Dressing,SACRAL DRESSING,,https://advanceddmesupplies.com/product/sacral-dressing/,https://advanceddmesupplies.com/wp-content/uploads/2020/08/0801-sacral-dressing.png,Sacral Dressing
Antiseptic Towlettes,ANTISEPTIC TOWLETTES,,https://advanceddmesupplies.com/product/antiseptic-towlettes/,https://advanceddmesupplies.com/wp-content/uploads/2020/08/0801-antiseptic-towlettes-247x300.png,Antiseptic Towlettes
TacAway Adhesive Removal Wipes,OSTOMY ADHESIVE REMOVAL WIPES,,https://advanceddmesupplies.com/product/adhesive-removal-wipes/,https://advanceddmesupplies.com/wp-content/uploads/2020/08/0801-adhesive-removal-wipes.png,TacAway Adhesive Removal Wipes
Swab Sticks,SWABSTICKS,,https://advanceddmesupplies.com/product/swabsticks/,https://advanceddmesupplies.com/wp-content/uploads/2020/08/0801-swab-sticks.png,Swab Sticks
Surgical Tapes | MedFix,SURGICAL TAPES,,https://advanceddmesupplies.com/product/surgical-tapes-medfix/,https://advanceddmesupplies.com/wp-content/uploads/2020/08/0801-surgical-tape-2.png,Surgical Tapes | MedFix
Surgical Tapes,SURGICAL TAPES,,https://advanceddmesupplies.com/product/surgical-tapes/,https://advanceddmesupplies.com/wp-content/uploads/2020/08/0801-surgical-tape.png,Surgical Tapes
Stretch Bandage,STRETCH BANDAGE,,https://advanceddmesupplies.com/product/stretch-bandage/,https://advanceddmesupplies.com/wp-content/uploads/2020/08/stretch-bandage.png,Stretch Bandage
Sterile Water,STERILE WATER,,https://advanceddmesupplies.com/product/sterile-water/,https://advanceddmesupplies.com/wp-content/uploads/2020/08/0801-sterile.png,Sterile Water
Saline,SALINE,,https://advanceddmesupplies.com/product/saline/,https://advanceddmesupplies.com/wp-content/uploads/2020/08/0801-saline.png,Saline
Hoyer Lift Batteries,HOYER LIFT,,https://advanceddmesupplies.com/product/hoyer-lift-batteries/,https://advanceddmesupplies.com/wp-content/uploads/2020/08/hoyer-lift-battery-247x300.jpg,Hoyer Lift Batteries
Full Body Hoyer Sling With Commode Cut Out,FULL BODY HOYER SLING WITH COMMODE CUT OUT,,https://advanceddmesupplies.com/product/full-body-hoyer-sling-with-commode-cut-out/,https://advanceddmesupplies.com/wp-content/uploads/2020/08/full-body-sling-commode.png,Full Body Hoyer Sling With Commode Cut Out
Full Body Hoyer Sling,FULL BODY HOYER SLING,,https://advanceddmesupplies.com/product/full-body-hoyer-sling/,https://advanceddmesupplies.com/wp-content/uploads/2020/08/full-body-swing-247x300.png,Full Body Hoyer Sling
Hoyer Half Sling,HOYER HALF SLING,,https://advanceddmesupplies.com/product/hoyer-half-sling/,https://advanceddmesupplies.com/wp-content/uploads/2020/08/split-hoyer-sling-247x300.jpg,Hoyer Half Sling
Medline Hybrid Combo Transport Chair & Walker,HYBRID COMBO TRANSPORT CHAIR WALKER,,https://advanceddmesupplies.com/product/hybrid-combo-transport-chair-walker/,https://advanceddmesupplies.com/wp-content/uploads/2020/08/medline-transport-chair-combo-247x300.jpg,Medline Hybrid Combo Transport Chair & Walker
Lightweight Transport Chair,WHEELCHAIRS MANUAL,,https://advanceddmesupplies.com/product/lightweight-transport-chair/,https://advanceddmesupplies.com/wp-content/uploads/2020/08/transport-chair-247x300.jpeg,Lightweight Transport Chair
Shower Stool,BATH SAFETY,,https://advanceddmesupplies.com/product/shower-stool-2/,https://advanceddmesupplies.com/wp-content/uploads/2020/08/shower-stool-1.png,Shower Stool
Shower Chair with Front Hygiene Cut Out,BATH SAFETY,,https://advanceddmesupplies.com/product/shower-chair-with-front-hygiene-cut-out/,https://advanceddmesupplies.com/wp-content/uploads/2020/08/shower-chair-front-hygeine-cut-out-247x300.png,Shower Chair with Front Hygiene Cut Out
Heavy Duty Shower Chair with Back and Handles,BATH SAFETY,,https://advanceddmesupplies.com/product/heavy-duty-shower-chair-with-back-and-handles/,https://advanceddmesupplies.com/wp-content/uploads/2020/08/shower-chair-with-handles-247x300.jpg,Heavy Duty Shower Chair with Back and Handles
Shower Stool,BATH SAFETY,,https://advanceddmesupplies.com/product/shower-stool/,https://advanceddmesupplies.com/wp-content/uploads/2020/08/shower-stoll.png,Shower Stool
Shower Chair With Arm and Back,BATH SAFETY,,https://advanceddmesupplies.com/product/shower-chair-with-arm-and-back/,https://advanceddmesupplies.com/wp-content/uploads/2020/08/shower-chair-with-back-and-arm-247x300.jpg,Shower Chair With Arm and Back
Adult Briefs | Attends,ADULT BRIEFS,,https://advanceddmesupplies.com/product/adult-briefs-attends-2/,https://advanceddmesupplies.com/wp-content/uploads/2020/08/adult-briefs-3-247x300.png,Adult Briefs | Attends
Adult Briefs | McKesson,ADULT BRIEFS,,https://advanceddmesupplies.com/product/adult-briefs-mckesson/,https://advanceddmesupplies.com/wp-content/uploads/2020/08/adult-briefs-1-247x300.png,Adult Briefs | McKesson
Adult Underwear | Attends,ADULT UNDERWEAR,,https://advanceddmesupplies.com/product/adult-underwear-attends/,https://advanceddmesupplies.com/wp-content/uploads/2020/08/adult-underwear-4-247x300.png,Adult Underwear | Attends
Prevail Adult Brief,ADULT UNDERWEAR,,https://advanceddmesupplies.com/product/adult-underwear-prevail-2/,https://advanceddmesupplies.com/wp-content/uploads/2020/08/adult-underwear-3-247x300.png,Prevail Adult Brief
Copper Full Finger Arthritis Gloves,ORTHOPEDICS,,https://advanceddmesupplies.com/product/copper-full-finger-arthritis-gloves/,https://advanceddmesupplies.com/wp-content/uploads/2025/12/SUP2063BLKM-Copper-Full-Finger-Arthritis-Gloves-Medium-247x300.jpg,Copper Full Finger Arthritis Gloves
Ice Eye Mask,ORTHOPEDICS,,https://advanceddmesupplies.com/product/ice-eye-mask/,https://advanceddmesupplies.com/wp-content/uploads/2025/12/eye-mask-1-247x300.jpg,Ice Eye Mask
Ice Cup,ORTHOPEDICS,,https://advanceddmesupplies.com/product/ice-cup/,https://advanceddmesupplies.com/wp-content/uploads/2025/12/RHB1075BLU-Ice-Cup-247x300.jpg,Ice Cup
Rollator With Cupholder Tray,ROLLATORS,,https://advanceddmesupplies.com/product/rollator-with-cupholder-tray/,https://advanceddmesupplies.com/wp-content/uploads/2025/12/rollator-247x300.png,Rollator With Cupholder Tray
Waterproof Non Slip Cover,LIFT CHAIRS,,https://advanceddmesupplies.com/product/waterproof-non-slip-cover/,https://advanceddmesupplies.com/wp-content/uploads/2025/12/LVA3089BRNRXL-Waterproof-Non-Slip-Cover-X-Large-Brown-Recliner-1-247x300.jpg,Waterproof Non Slip Cover
Adjustable Bed Base Only,BED AND MATTRESS,,https://advanceddmesupplies.com/product/adjustable-bed-base-only/,https://advanceddmesupplies.com/wp-content/uploads/2025/11/Base-Frame-photo-2024-1-e1718821670756-247x300.jpg,Adjustable Bed Base Only
Value Flex Adjustable bed,BED AND MATTRESS,,https://advanceddmesupplies.com/product/value-flex-adjustable-bed/,https://advanceddmesupplies.com/wp-content/uploads/2025/11/2K8A0207-web-247x300.jpg,Value Flex Adjustable bed
Hi-Low Adjustable Bed,BED AND MATTRESS,,https://advanceddmesupplies.com/product/hi-low-adjustable-bed/,https://advanceddmesupplies.com/wp-content/uploads/2025/11/hi-low-queen-247x300.jpg,Hi-Low Adjustable Bed
Premier Adjustable Bed,BED AND MATTRESS,,https://advanceddmesupplies.com/product/premier-adjustable-bed/,https://advanceddmesupplies.com/wp-content/uploads/2025/11/premier-hero-247x300.jpg,Premier Adjustable Bed
Evolution Collection LC435XXL,LIFT CHAIRS,,https://advanceddmesupplies.com/product/evolution-collection-lc435xxl/,https://advanceddmesupplies.com/wp-content/uploads/2025/11/lc435xxl-evolution-lifted-sta-kleen-chestnut-247x300.jpg,Evolution Collection LC435XXL
Evolution Collection LC435L,LIFT CHAIRS,,https://advanceddmesupplies.com/product/evolution-collection-lc435l/,https://advanceddmesupplies.com/wp-content/uploads/2025/11/evolution-lexis-beauty-247x300.jpg,Evolution Collection LC435L
Amputee Support w/ 7 x 10 Pad for 1″ Tube,WHEELCHAIRS MANUAL,,https://advanceddmesupplies.com/product/amputee-support-w-7-x-10-pad-for-1-tube/,https://advanceddmesupplies.com/wp-content/uploads/2025/11/THER31552_PRI01_300x300-247x300.avif,"Amputee Support w/ 7 x 10 Pad for 1"" Tube"
Adult Underwear | Prevail,ADULT UNDERWEAR,,https://advanceddmesupplies.com/product/adult-underwear-prevail/,https://advanceddmesupplies.com/wp-content/uploads/2020/08/adult-underwear-2-247x300.png,Adult Underwear | Prevail
Adult Underwear,ADULT UNDERWEAR,,https://advanceddmesupplies.com/product/adult-underwear/,https://advanceddmesupplies.com/wp-content/uploads/2020/08/adult-underwear-247x300.png,Adult Underwear
Abri-form Adult Briefs,INCONTINENCE,,https://advanceddmesupplies.com/product/adult-briefs-abriform/,https://advanceddmesupplies.com/wp-content/uploads/2020/08/adult-briefs-7-247x300.png,Abri-form Adult Briefs
Adult Briefs | AbriFlex,INCONTINENCE,,https://advanceddmesupplies.com/product/adult-briefs-abriflex/,https://advanceddmesupplies.com/wp-content/uploads/2020/08/adult-briefs-6-247x300.png,Adult Briefs | AbriFlex
Adult Briefs | Attends,ADULT BRIEFS,,https://advanceddmesupplies.com/product/adult-briefs-attends/,https://advanceddmesupplies.com/wp-content/uploads/2020/08/adult-briefs-5-247x300.png,Adult Briefs | Attends
Liners | AbriForm,INCONTINENCE,,https://advanceddmesupplies.com/product/liners-abriform/,https://advanceddmesupplies.com/wp-content/uploads/2020/08/liners-3-247x300.png,Liners | AbriForm
Liners | Prevail,INCONTINENCE,,https://advanceddmesupplies.com/product/liners-prevail/,https://advanceddmesupplies.com/wp-content/uploads/2020/08/liners-1-247x300.png,Liners | Prevail
Liners | Attends,INCONTINENCE,,https://advanceddmesupplies.com/product/liners-attends/,https://advanceddmesupplies.com/wp-content/uploads/2020/08/liners-2-247x300.png,Liners | Attends
Liners,INCONTINENCE,,https://advanceddmesupplies.com/product/liners/,https://advanceddmesupplies.com/wp-content/uploads/2020/08/liners-4-247x300.png,Liners
Washcloth,WASHCLOTH,,https://advanceddmesupplies.com/product/washcloth/,https://advanceddmesupplies.com/wp-content/uploads/2020/08/washcloth-247x300.png,Washcloth
Elevated Foot Rest,ELEVATED FOOT REST,,https://advanceddmesupplies.com/product/elevated-foot-rest/,https://advanceddmesupplies.com/wp-content/uploads/2020/07/elevated-foot-rest-247x300.png,Elevated Foot Rest
Swing Away Foot Rest,WHEELCHAIRS MANUAL,,https://advanceddmesupplies.com/product/swing-away-foot-rest/,https://advanceddmesupplies.com/wp-content/uploads/2020/07/foot-rest.png,Swing Away Foot Rest
Blood Sugar Test Strips,BLOOD SUGAR TEST STRIPS,,https://advanceddmesupplies.com/product/blood-sugar-test-strips/,https://advanceddmesupplies.com/wp-content/uploads/2020/07/glucose.png,Blood Sugar Test Strips
Lancets,DIAGNOSTICS,,https://advanceddmesupplies.com/product/lancets/,https://advanceddmesupplies.com/wp-content/uploads/2020/07/lancets-247x300.png,Lancets
Diabetic Shoes Men,DIABETIC SHOES,,https://advanceddmesupplies.com/product/diabetic-shoe-men/,https://advanceddmesupplies.com/wp-content/uploads/2020/07/image-3-247x300.png,Diabetic Shoes Men
Bariatric Floor Stand Trapeze,BARIATRIC FLOOR STAND TRAPEZE HOSPITAL BEDS AND ACCESSORIES,,https://advanceddmesupplies.com/product/floor-stand-trapeze/,https://advanceddmesupplies.com/wp-content/uploads/2020/07/bariatric-floor-trapeze-247x300.jpg,Bariatric Floor Stand Trapeze
Bed Trapeze,BED AND MATTRESS,,https://advanceddmesupplies.com/product/bed-trapeze/,https://advanceddmesupplies.com/wp-content/uploads/2020/07/bed-trapeze-247x300.jpg,Bed Trapeze
Inner Spring Bed Mattress,BED AND MATTRESS,,https://advanceddmesupplies.com/product/inner-spring-bed-mattress/,https://advanceddmesupplies.com/wp-content/uploads/2020/07/inner-bed-spring-mattress-247x300.png,Inner Spring Bed Mattress
Gel Overlay Pad,BED AND MATTRESS,,https://advanceddmesupplies.com/product/gel-overlay-pad/,https://advanceddmesupplies.com/wp-content/uploads/2020/07/gel-overlay-pad.png,Gel Overlay Pad
Pressure Relief Therapeutic Mattress,BED AND MATTRESS,,https://advanceddmesupplies.com/product/pressure-relief-therapeutic-mattress/,https://advanceddmesupplies.com/wp-content/uploads/2020/07/THERAPEUTIC-MATTRESS-247x300.jpg,Pressure Relief Therapeutic Mattress
Toe off-loading post op Shoe,OFF LOADING SHOE,,https://advanceddmesupplies.com/product/off-loading-shoe/,https://advanceddmesupplies.com/wp-content/uploads/2020/07/off-loading-shoe-247x300.png,Toe off-loading post op Shoe
Shoe Leveler,ORTHOPEDICS,,https://advanceddmesupplies.com/product/shoe-leveler/,https://advanceddmesupplies.com/wp-content/uploads/2020/07/shoe-leveler-247x300.png,Shoe Leveler
Blanket Lifter,BED AND MATTRESS,,https://advanceddmesupplies.com/product/blanket-lifter/,https://advanceddmesupplies.com/wp-content/uploads/2020/07/bed-lifter-247x300.png,Blanket Lifter
Folding Canes,CANES AND CRUTCHES,,https://advanceddmesupplies.com/product/folding-canes/,https://advanceddmesupplies.com/wp-content/uploads/2020/07/folding-canes-247x300.png,Folding Canes
Seat Cane,CANES AND CRUTCHES,,https://advanceddmesupplies.com/product/seat-cane/,https://advanceddmesupplies.com/wp-content/uploads/2020/07/cane-seat-247x300.jpg,Seat Cane
Patient Stand Assist Frame,HOYER LIFT,,https://advanceddmesupplies.com/product/patient-manual-standing-frame/,https://advanceddmesupplies.com/wp-content/uploads/2020/07/MOB1043WHT-Transport-Stand-Assist-247x300.jpg,Patient Stand Assist Frame
Tripod Cane,CANES AND CRUTCHES,,https://advanceddmesupplies.com/product/quad-cane/,https://advanceddmesupplies.com/wp-content/uploads/2020/07/tripod-247x300.jpg,Tripod Cane
Straight Aluminum Cane,CANES AND CRUTCHES,,https://advanceddmesupplies.com/product/straight-aluminum-cane/,https://advanceddmesupplies.com/wp-content/uploads/2020/07/cane-247x300.png,Straight Aluminum Cane
Double Electric Breast Pump Kit Ameda® Mya,BREAST PUMPS,,https://advanceddmesupplies.com/product/double-electric-breast-pump-kit-ameda-mya/,https://advanceddmesupplies.com/wp-content/uploads/2020/07/ameda-maya-247x300.jpg,Double Electric Breast Pump Kit Ameda® Mya
Double Electric Breast Pump Kit Lansinoh® SignaturePro™,BREAST PUMPS,,https://advanceddmesupplies.com/product/double-electric-breast-pump-kit-lansinoh-signaturepro/,https://advanceddmesupplies.com/wp-content/uploads/2020/07/Outlook-rpma00cf-247x300.png,Double Electric Breast Pump Kit Lansinoh® SignaturePro™
Double Electric Breast Pump Kit Evenflo® Advanced,BREAST PUMPS,,https://advanceddmesupplies.com/product/double-electric-breast-pump-kit-evenflo-advanced/,https://advanceddmesupplies.com/wp-content/uploads/2020/07/evenflo-247x300.png,Double Electric Breast Pump Kit Evenflo® Advanced
Alternating Pressure Mattress Pad,ALTERNATING PRESSURE MATTRESS PAD,,https://advanceddmesupplies.com/product/alternating-pressure-mattress/,https://advanceddmesupplies.com/wp-content/uploads/2020/07/bed-pad-247x300.jpg,Alternating Pressure Mattress Pad
Female Trouser Stockings,FEMALE TROUSER STOCKINGS,,https://advanceddmesupplies.com/product/female-trouser-stockings/,https://advanceddmesupplies.com/wp-content/uploads/2020/07/compression-her.png,Female Trouser Stockings
Male Trouser Stockings,MALE TROUSER STOCKINGS,,https://advanceddmesupplies.com/product/male-trouser-stockings/,https://advanceddmesupplies.com/wp-content/uploads/2020/07/compression-him.png,Male Trouser Stockings
Panty Hose Compression Stockings,PANTY HOSE COMPRESSION STOCKINGS,,https://advanceddmesupplies.com/product/panty-hose-compression-stockings/,https://advanceddmesupplies.com/wp-content/uploads/2020/07/compression-waist.png,Panty Hose Compression Stockings
"Knee High Compression Stockings (15-20 mmhg, 20-30 mmhg, 30-40 mmhg)",KNEE HIGH COMPRESSION STOCKINGS,,https://advanceddmesupplies.com/product/knee-high-compression-stockings-15-20-mmhg-20-30-mmhg-30-40-mmhg/,https://advanceddmesupplies.com/wp-content/uploads/2020/07/compression-calf.png,"Knee High Compression Stockings (15-20 mmhg, 20-30 mmhg, 30-40 mmhg)"
"Thigh High Compression Stockings (15-20 mmhg, 20-30 mmhg, 30-40 mmhg)",STOCKINGS,,https://advanceddmesupplies.com/product/thigh-high-compression-stockings-15-20-mmhg-20-30-mmhg-30-40-mmhg/,https://advanceddmesupplies.com/wp-content/uploads/2020/07/compression-thigh.png,"Thigh High Compression Stockings (15-20 mmhg, 20-30 mmhg, 30-40 mmhg)"
Non-skid Socks,NON SKID SOCKS,,https://advanceddmesupplies.com/product/non-skid-socks/,https://advanceddmesupplies.com/wp-content/uploads/2020/07/sock.png,Non-skid Socks
Hiking Cane,CANES AND CRUTCHES,,https://advanceddmesupplies.com/product/hiking-cane/,https://advanceddmesupplies.com/wp-content/uploads/2020/07/hiking-cane-247x300.jpg,Hiking Cane
Blind Walking Cane,BLIND WALKING CANE,,https://advanceddmesupplies.com/product/blind-walking-cane/,https://advanceddmesupplies.com/wp-content/uploads/2020/07/blind-cane-1-247x300.jpg,Blind Walking Cane
Foam Rollers,FOAM ROLLER,,https://advanceddmesupplies.com/product/foam-rollers/,https://advanceddmesupplies.com/wp-content/uploads/2020/07/foam-roll.png,Foam Rollers
Face Down Pillow,FACE DOWN PILLOW,,https://advanceddmesupplies.com/product/face-down-pillow/,https://advanceddmesupplies.com/wp-content/uploads/2020/07/face-pillow.png,Face Down Pillow
Travel Cervical Pillow,PILLOW AND CUSHIONS,,https://advanceddmesupplies.com/product/travel-cervical-pillow/,https://advanceddmesupplies.com/wp-content/uploads/2020/07/neck-pillow.png,Travel Cervical Pillow
Bow Tie Cervical Pillow,BOW TIE CERVICAL PILLOW,,https://advanceddmesupplies.com/product/bow-tie-cervical-pillow/,https://advanceddmesupplies.com/wp-content/uploads/2020/07/pillow-cushion.png,Bow Tie Cervical Pillow
Cervical Pillow,CERVICAL PILLOW,,https://advanceddmesupplies.com/product/cervical-pillow/,https://advanceddmesupplies.com/wp-content/uploads/2020/07/collar-cushion.png,Cervical Pillow
Chair Back,CHAIR BACK,,https://advanceddmesupplies.com/product/chair-back/,https://advanceddmesupplies.com/wp-content/uploads/2020/07/leg-cushion-2.png,Chair Back
Leg Separator,LEG SEPARATOR PILLOW AND CUSHIONS,,https://advanceddmesupplies.com/product/leg-separator-2/,https://advanceddmesupplies.com/wp-content/uploads/2020/07/leg-cushion-1-247x300.png,Leg Separator
Knee Wedge,KNEE WEDGE,,https://advanceddmesupplies.com/product/knee-wedge/,https://advanceddmesupplies.com/wp-content/uploads/2020/07/leg-cushion-247x300.png,Knee Wedge
Breg PlasmaFlow and DVT prevention unit,BREG PLASMAFLOW AND DVT PREVENTION UNIT,,https://advanceddmesupplies.com/product/breg-plasmaflow-and-dvt-prevention-unit/,https://advanceddmesupplies.com/wp-content/uploads/2020/07/image-2020-07-21T102112.844-247x300.png,Breg PlasmaFlow and DVT prevention unit
"4, 8, Chamber Garments",CHAMBER GARMENTS,,https://advanceddmesupplies.com/product/4-8-chamber-garments/,https://advanceddmesupplies.com/wp-content/uploads/2020/07/image-2020-07-21T101803.188.png,"4, 8, Chamber Garments"
VASCU-EASE Portable DVT System,LYMPHEDEMA AND COMPRESSION THERAPY,,https://advanceddmesupplies.com/product/vascu-ease-portable-dvt-system/,https://advanceddmesupplies.com/wp-content/uploads/2020/07/image-2020-07-21T101638.815.png,VASCU-EASE Portable DVT System
Model SC-2008 Sequential Circulator,LYMPHEDEMA AND COMPRESSION THERAPY,,https://advanceddmesupplies.com/product/model-sc-2008-sequential-circulator/,https://advanceddmesupplies.com/wp-content/uploads/2020/07/lymp-3.png,Model SC-2008 Sequential Circulator
Model SC-3004-DL Sequential Circulator,LYMPHEDEMA AND COMPRESSION THERAPY,,https://advanceddmesupplies.com/product/model-sc-3004-dl-sequential-circulator/,https://advanceddmesupplies.com/wp-content/uploads/2020/07/lymp.png,Model SC-3004-DL Sequential Circulator
Models SC-2004FC-OC Sequential Circulator,LYMPHEDEMA AND COMPRESSION THERAPY,,https://advanceddmesupplies.com/product/models-sc-2004fc-oc-sequential-circulator/,https://advanceddmesupplies.com/wp-content/uploads/2020/07/lymphedema-1.png,Models SC-2004FC-OC Sequential Circulator
Portable Suction Machine with Rechargeable Batteries,PORTABLE SUCTION MACHINE WITH RECHARGEABLE BATTERIES,,https://advanceddmesupplies.com/product/portable-suction-machine-with-rechargeable-batteries/,https://advanceddmesupplies.com/wp-content/uploads/2020/07/image-100-247x300.png,Portable Suction Machine with Rechargeable Batteries
Bariatric Commode with Front Opening,BARIATRIC COMMODE WITH FRONT OPENING,,https://advanceddmesupplies.com/product/bariatric-commode-with-front-opening/,https://advanceddmesupplies.com/wp-content/uploads/2020/07/commode-with-front-opening-247x300.jpg,Bariatric Commode with Front Opening
Rollator Basket,ROLLATOR BASKET,,https://advanceddmesupplies.com/product/rollator-basket/,https://advanceddmesupplies.com/wp-content/uploads/2020/07/image-96-247x300.png,Rollator Basket
Wheelchair Wheels Front,WHEELCHAIRS MANUAL,,https://advanceddmesupplies.com/product/wheelchair-wheels-front/,https://advanceddmesupplies.com/wp-content/uploads/2020/07/image-98-1-247x300.png,Wheelchair Wheels Front
Wheelchair Wheels,WHEELCHAIRS MANUAL,,https://advanceddmesupplies.com/product/wheelchair-wheels/,https://advanceddmesupplies.com/wp-content/uploads/2020/07/image-97-247x300.png,Wheelchair Wheels
Rollator Wheels,ROLLATOR WHEELS,,https://advanceddmesupplies.com/product/rollator-wheels/,https://advanceddmesupplies.com/wp-content/uploads/2020/07/image-99-247x300.png,Rollator Wheels
Rollator Bag,ROLLATOR BAG,,https://advanceddmesupplies.com/product/rollator-bag-and-basket/,https://advanceddmesupplies.com/wp-content/uploads/2020/07/rollator-bag-247x300.png,Rollator Bag
Rollator Brakes,ROLLATOR BRAKES,,https://advanceddmesupplies.com/product/rollator-brakes/,https://advanceddmesupplies.com/wp-content/uploads/2020/07/image-95-247x300.png,Rollator Brakes
Wheelchair Brakes,WHEELCHAIR BRAKES,,https://advanceddmesupplies.com/product/wheelchair-brakes/,https://advanceddmesupplies.com/wp-content/uploads/2020/07/wheelchair-brakes-247x300.png,Wheelchair Brakes
Brake Extensions,BRAKE EXTENSIONS,,https://advanceddmesupplies.com/product/brake-extensions/,https://advanceddmesupplies.com/wp-content/uploads/2020/07/brake-extensions-247x300.jpg,Brake Extensions
Wheelchair Anti Tippers,WHEELCHAIRS MANUAL,,https://advanceddmesupplies.com/product/wheelchair-anti-tippers/,https://advanceddmesupplies.com/wp-content/uploads/2020/07/image-94-247x300.png,Wheelchair Anti Tippers
Arm Pads,ARM PADS,,https://advanceddmesupplies.com/product/arm-pads/,https://advanceddmesupplies.com/wp-content/uploads/2020/07/arm-pads-247x300.jpg,Arm Pads
Wheelchair Arm Support Tray,WHEELCHAIRS MANUAL,,https://advanceddmesupplies.com/product/wheelchair-arm-support-tray/,https://advanceddmesupplies.com/wp-content/uploads/2020/07/image-77-247x300.png,Wheelchair Arm Support Tray
Shower Mats,BATH SAFETY,,https://advanceddmesupplies.com/product/shower-mats/,https://advanceddmesupplies.com/wp-content/uploads/2020/07/image-75-247x300.png,Shower Mats
Junior Rollator,JUNIOR ROLLATOR,,https://advanceddmesupplies.com/product/junior-rollator/,https://advanceddmesupplies.com/wp-content/uploads/2020/07/JUNIOR-ROLLATOR-247x300.jpeg,Junior Rollator
PVC Reclining Shower Chair,BATH SAFETY,,https://advanceddmesupplies.com/product/pvc-reclining-shower-chair/,https://advanceddmesupplies.com/wp-content/uploads/2020/07/image-73-247x300.png,PVC Reclining Shower Chair
Raised Toilet Seat,RAISED TOILET SEAT,,https://advanceddmesupplies.com/product/raised-toilet-seat/,https://advanceddmesupplies.com/wp-content/uploads/2020/07/image-72-247x300.png,Raised Toilet Seat
Back Inversion Table,BACK INVERSION TABLE,,https://advanceddmesupplies.com/product/back-inversion-table/,https://advanceddmesupplies.com/wp-content/uploads/2020/07/Back-Inversion-Table-247x300.jpg,Back Inversion Table
Air Cervical Traction Unit,AIR CERVICAL TRACTION UNIT,,https://advanceddmesupplies.com/product/air-cervical-traction-unit/,https://advanceddmesupplies.com/wp-content/uploads/2020/07/image-69-247x300.png,Air Cervical Traction Unit
Sheep Bed Pad,BED AND MATTRESS,,https://advanceddmesupplies.com/product/sheep-bed-pad/,https://advanceddmesupplies.com/wp-content/uploads/2020/07/image-67-247x300.png,Sheep Bed Pad
Flushing Syringe,ENTERAL NUTRITION,,https://advanceddmesupplies.com/product/flushing-syringe/,https://advanceddmesupplies.com/wp-content/uploads/2020/07/flush-syringe-247x300.jpg,Flushing Syringe
Mic-key Extensions Feeding Tubes,ENTERAL NUTRITION,,https://advanceddmesupplies.com/product/mic-key-extensions-feeding-tubes/,https://advanceddmesupplies.com/wp-content/uploads/2020/07/mic-key-247x300.jpg,Mic-key Extensions Feeding Tubes
IV Pole,ENTERAL NUTRITION,,https://advanceddmesupplies.com/product/iv-pole-2/,https://advanceddmesupplies.com/wp-content/uploads/2020/07/image-63-247x300.png,IV Pole
Feeding Bags,ENTERAL NUTRITION,,https://advanceddmesupplies.com/product/feeding-bags/,https://advanceddmesupplies.com/wp-content/uploads/2020/07/image-62-247x300.png,Feeding Bags
Kangaroo Feeding Pump,ENTERAL NUTRITION,,https://advanceddmesupplies.com/product/kangaroo-feeding-pump/,https://advanceddmesupplies.com/wp-content/uploads/2020/07/kangaroo-feeding-pump-247x300.jpg,Kangaroo Feeding Pump
Peptamen Nutrition,ENTERAL NUTRITION,,https://advanceddmesupplies.com/product/peptamen-nutrition/,https://advanceddmesupplies.com/wp-content/uploads/2020/07/peptamen-1-5af-247x300.png,Peptamen Nutrition
Kate Farms Nutrition,ENTERAL NUTRITION,,https://advanceddmesupplies.com/product/kate-farms-nutrition/,https://advanceddmesupplies.com/wp-content/uploads/2020/07/kate-farms-standard-10-247x300.jpg,Kate Farms Nutrition
Glucerna Nutrition,GLUCERNA NUTRITION,,https://advanceddmesupplies.com/product/glucerna-nutrition/,https://advanceddmesupplies.com/wp-content/uploads/2020/07/image-61-247x300.png,Glucerna Nutrition
Jevity Nutrition,ENTERAL NUTRITION,,https://advanceddmesupplies.com/product/jevity-nutrition/,https://advanceddmesupplies.com/wp-content/uploads/2020/07/image-60-247x300.png,Jevity Nutrition
Boost Nutritional Drink,BOOST NUTRITIONAL DRINK,,https://advanceddmesupplies.com/product/boost-nutritional-drink/,https://advanceddmesupplies.com/wp-content/uploads/2020/07/image-59-247x300.png,Boost Nutritional Drink
Medela Double Electric Breast Pump,BREAST PUMPS,,https://advanceddmesupplies.com/product/medela-breast-pump/,https://advanceddmesupplies.com/wp-content/uploads/2020/07/Medela-Breast-Pump-57081-247x300.jpg,Medela Double Electric Breast Pump
Pure Expressions Double Electric Breast Pumps,BREAST PUMPS,,https://advanceddmesupplies.com/product/pure-extension-breast-pump/,https://advanceddmesupplies.com/wp-content/uploads/2020/07/image-93-247x300.png,Pure Expressions Double Electric Breast Pumps
Spectra S2 Double Electric Breast Pump,BREAST PUMPS,,https://advanceddmesupplies.com/product/spectra-s2-breast-pump/,https://advanceddmesupplies.com/wp-content/uploads/2020/07/spectra-s2-.-247x300.jpg,Spectra S2 Double Electric Breast Pump
Spectra S1 Double Electric Breast Pump,BREAST PUMPS,,https://advanceddmesupplies.com/product/spectra-s1-breast-pump/,https://advanceddmesupplies.com/wp-content/uploads/2020/07/spectra-s1.-247x300.jpg,Spectra S1 Double Electric Breast Pump
Elbow Protector,ELBOW PROTECTOR,,https://advanceddmesupplies.com/product/elbow-protector/,https://advanceddmesupplies.com/wp-content/uploads/2020/07/image-34-247x300.png,Elbow Protector
Tilting Bedside Table,PATIENT ROOM CARE,,https://advanceddmesupplies.com/product/tilting-bedside-table/,https://advanceddmesupplies.com/wp-content/uploads/2020/07/image-35-247x300.png,Tilting Bedside Table
Aspen Vista Cervical Collar,CERVICAL COLLAR,,https://advanceddmesupplies.com/product/aspen-vista-cervical-collar/,https://advanceddmesupplies.com/wp-content/uploads/2020/07/image-37-247x300.png,Aspen Vista Cervical Collar
Cervical Collar,CERVICAL COLLAR,,https://advanceddmesupplies.com/product/cervical-collar/,https://advanceddmesupplies.com/wp-content/uploads/2020/07/cervical-collar-1-247x300.jpg,Cervical Collar
Elbow Post Op Brace,ELBOW POST OP BRACE,,https://advanceddmesupplies.com/product/elbow-post-op-brace/,https://advanceddmesupplies.com/wp-content/uploads/2020/07/image-38.png,Elbow Post Op Brace
Aspen Back Brace Adjustable,ASPEN BACK BRACES,,https://advanceddmesupplies.com/product/aspen-back-brace-adjustable/,https://advanceddmesupplies.com/wp-content/uploads/2020/07/image-39-247x300.png,Aspen Back Brace Adjustable
Aspen Back Brace,ASPEN BACK BRACES,,https://advanceddmesupplies.com/product/aspen-back-braces/,https://advanceddmesupplies.com/wp-content/uploads/2020/07/image-40-247x300.png,Aspen Back Brace
Diabetic Socks,STOCKINGS,,https://advanceddmesupplies.com/product/diabetic-socks-2/,https://advanceddmesupplies.com/wp-content/uploads/2020/07/image-41-247x300.png,Diabetic Socks
Sock Aid,SOCK AID,,https://advanceddmesupplies.com/product/sock-aid/,https://advanceddmesupplies.com/wp-content/uploads/2020/07/image-42-247x300.png,Sock Aid
Wheelchair Laptop Cushion,WHEELCHAIRS MANUAL,,https://advanceddmesupplies.com/product/wheelchair-laptop-cushion/,https://advanceddmesupplies.com/wp-content/uploads/2020/07/image-43-247x300.png,Wheelchair Laptop Cushion
Wheelchair Tray,WHEELCHAIRS MANUAL,,https://advanceddmesupplies.com/product/wheelchair-tray/,https://advanceddmesupplies.com/wp-content/uploads/2020/07/image-44-247x300.png,Wheelchair Tray
Wheelchair Alarm,WHEELCHAIRS MANUAL,,https://advanceddmesupplies.com/product/wheelchair-alarm/,https://advanceddmesupplies.com/wp-content/uploads/2020/07/image-45-247x300.png,Wheelchair Alarm
Walker Wheels,WALKER WHEELS,,https://advanceddmesupplies.com/product/walker-wheels/,https://advanceddmesupplies.com/wp-content/uploads/2020/07/image-48.png,Walker Wheels
Cup Holder,CUP HOLDER,,https://advanceddmesupplies.com/product/cup-holder/,https://advanceddmesupplies.com/wp-content/uploads/2020/07/image-47-247x300.png,Cup Holder
Walker Skis,WALKER SKIS,,https://advanceddmesupplies.com/product/walker-skis/,https://advanceddmesupplies.com/wp-content/uploads/2020/07/image-50-247x300.png,Walker Skis
Crutch Protectors,CANES AND CRUTCHES,,https://advanceddmesupplies.com/product/crutch-protectors/,https://advanceddmesupplies.com/wp-content/uploads/2020/07/image-51-247x300.png,Crutch Protectors
Bed Alarm,BED ALARM,,https://advanceddmesupplies.com/product/bed-alarm/,https://advanceddmesupplies.com/wp-content/uploads/2020/07/image-52-247x300.png,Bed Alarm
TENS Unit,PAIN MANAGEMENT,,https://advanceddmesupplies.com/product/tens-unit/,https://advanceddmesupplies.com/wp-content/uploads/2020/07/image-53-247x300.png,TENS Unit
Mattress Extension,MATTRESS EXTENSION,,https://advanceddmesupplies.com/product/mattress-extension/,https://advanceddmesupplies.com/wp-content/uploads/2020/07/image-28-247x300.png,Mattress Extension
Hospital Bed Extension Kit,BED AND MATTRESS,,https://advanceddmesupplies.com/product/hospital-bed-extension-kit/,https://advanceddmesupplies.com/wp-content/uploads/2020/07/image-29-247x300.png,Hospital Bed Extension Kit
Hip Kit,HIP KIT ORTHOPEDICS,,https://advanceddmesupplies.com/product/hip-kit-2/,https://advanceddmesupplies.com/wp-content/uploads/2020/07/image-54-247x300.png,Hip Kit
Bath Tub Lift Chair,BATH SAFETY,,https://advanceddmesupplies.com/product/bath-tub-lift-chair/,https://advanceddmesupplies.com/wp-content/uploads/2020/07/image-55-247x300.png,Bath Tub Lift Chair
Hospital Bed Full Electric,BED AND MATTRESS,,https://advanceddmesupplies.com/product/hospital-bed-full-electric-3/,https://advanceddmesupplies.com/wp-content/uploads/2020/07/image-57-247x300.png,Hospital Bed Full Electric
Hospital Bed Full Electric,BED AND MATTRESS,,https://advanceddmesupplies.com/product/hospital-bed-full-electric/,https://advanceddmesupplies.com/wp-content/uploads/2020/07/image-58-247x300.png,Hospital Bed Full Electric
Lightweight Wheelchair with Elevated Foot Rest,LIGHTWEIGHT WHEELCHAIR ELEVATED FOOT REST,,https://advanceddmesupplies.com/product/lightweight-wheelchair-with-elevated-foot-rest/,https://advanceddmesupplies.com/wp-content/uploads/2020/07/image-87-247x300.png,Lightweight Wheelchair with Elevated Foot Rest
Walker Tray,WALKERS,,https://advanceddmesupplies.com/product/walker-tray-2/,https://advanceddmesupplies.com/wp-content/uploads/2020/07/image-86-247x300.png,Walker Tray
Diabetic Insoles,DIABETIC INSOLES,,https://advanceddmesupplies.com/product/diabetic-insoles/,https://advanceddmesupplies.com/wp-content/uploads/2020/07/image-7-247x300.png,Diabetic Insoles
Diabetic Shoes Women,DIABETIC SHOES,,https://advanceddmesupplies.com/product/diabetic-shoes-men-2/,https://advanceddmesupplies.com/wp-content/uploads/2020/07/image-4-247x300.png,Diabetic Shoes Women
Diabetic Shoes Women,DIABETIC SHOES,,https://advanceddmesupplies.com/product/diabetic-shoes-women-2/,https://advanceddmesupplies.com/wp-content/uploads/2020/07/image-5-247x300.png,Diabetic Shoes Women
Diabetic Shoes Men,DIABETIC SHOES,,https://advanceddmesupplies.com/product/diabetic-shoes-men/,https://advanceddmesupplies.com/wp-content/uploads/2020/07/image-2-247x300.png,Diabetic Shoes Men
Extra Heavy Duty Wheelchair,HEAVY DUTY WHEELCHAIR,,https://advanceddmesupplies.com/product/extra-heavy-duty-wheelchair/,https://advanceddmesupplies.com/wp-content/uploads/2020/07/image-23-247x300.png,Extra Heavy Duty Wheelchair
Drop-Arm Bariatric Commode,COMMODES,,https://advanceddmesupplies.com/product/drop-arm-bariatric-commode/,https://advanceddmesupplies.com/wp-content/uploads/2020/07/image-27-247x300.png,Drop-Arm Bariatric Commode
Amputee Support w/ 5 x 8 Pad for 1″ Tube,WHEELCHAIRS MANUAL,,https://advanceddmesupplies.com/product/amputee-support-w-5-x-8-pad-for-1-tube/,https://advanceddmesupplies.com/wp-content/uploads/2025/11/THER31552_PRI01_300x300-247x300.avif,"Amputee Support w/ 5 x 8 Pad for 1"" Tube"
"Arm Trough, Slide-On with 4.5W X 12L Base",WHEELCHAIRS MANUAL,,https://advanceddmesupplies.com/product/arm-trough-slide-on-with-4-5w-x-12l-base/,https://advanceddmesupplies.com/wp-content/uploads/2025/11/1787_44370155321_7-247x300.jpg,"Arm Trough, Slide-On with 4.5W X 12L Base"
"Armrest, Slide On Trough, Black Foam",WHEELCHAIRS MANUAL,,https://advanceddmesupplies.com/product/armrest-slide-on-trough-black-foam/,https://advanceddmesupplies.com/wp-content/uploads/2025/11/667_44271861-247x242.jpg,"Armrest, Slide On Trough, Black Foam"
"Arm Trough, Slide-On with 6W X 18.5L Base",WHEELCHAIRS MANUAL,,https://advanceddmesupplies.com/product/arm-trough-slide-on-with-6w-x-18-5l-base/,https://advanceddmesupplies.com/wp-content/uploads/2025/11/1786_44370153944_7-247x300.jpg,"Arm Trough, Slide-On with 6W X 18.5L Base"
Tube Feeding Formula ProSource® TF Unflavored Liquid 45 mL Pouch,ENTERAL NUTRITION,,https://advanceddmesupplies.com/product/tube-feeding-formula-prosource-tf-unflavored-liquid-45-ml-pouch/,https://advanceddmesupplies.com/wp-content/uploads/2025/11/891032_front_-247x250.jpg,Tube Feeding Formula ProSource® TF Unflavored Liquid 45 mL Pouch
Pediatric Oral Supplement Nutren® Junior Vanilla Flavor,ENTERAL NUTRITION,,https://advanceddmesupplies.com/product/pediatric-oral-supplement-nutren-junior-vanilla-flavor/,https://advanceddmesupplies.com/wp-content/uploads/2025/11/541270_front_-247x250.jpg,Pediatric Oral Supplement Nutren® Junior Vanilla Flavor
Pediatric Oral Supplement Boost® Kid Essentials™ 1.0,ENTERAL NUTRITION,,https://advanceddmesupplies.com/product/pediatric-oral-supplement-boost-kid-essentials-1-0/,https://advanceddmesupplies.com/wp-content/uploads/2025/11/1178507_front_-247x250.jpg,Pediatric Oral Supplement Boost® Kid Essentials™ 1.0
Oral Supplement Banatrol® Plus Banana Flavor Powder 11g,ENTERAL NUTRITION,,https://advanceddmesupplies.com/product/oral-supplement-banatrol-plus-banana-flavor-powder-11g/,https://advanceddmesupplies.com/wp-content/uploads/2025/11/709356_front-247x250.jpg,Oral Supplement Banatrol® Plus Banana Flavor Powder 11g
Pediatric Oral Supplement PediaSure® 1.5 Cal,ENTERAL NUTRITION,,https://advanceddmesupplies.com/product/pediatric-oral-supplement-pediasure-1-5-cal/,https://advanceddmesupplies.com/wp-content/uploads/2025/11/1143673_front-247x250.jpg,Pediatric Oral Supplement PediaSure® 1.5 Cal
Tube Feeding Formula Isosource® HN Unflavored,ENTERAL NUTRITION,,https://advanceddmesupplies.com/product/tube-feeding-formula-isosource-hn-unflavored/,https://advanceddmesupplies.com/wp-content/uploads/2025/11/193803_front-247x250.jpg,Tube Feeding Formula Isosource® HN Unflavored
Pediatric Oral Supplement PediaSure® Grow & Gain,ENTERAL NUTRITION,,https://advanceddmesupplies.com/product/pediatric-oral-supplement-pediasure-grow-gain/,https://advanceddmesupplies.com/wp-content/uploads/2025/11/1143676_front-247x250.jpg,Pediatric Oral Supplement PediaSure® Grow & Gain
Oral Supplement Compleat® Standard 1.4 Cal,ENTERAL NUTRITION,,https://advanceddmesupplies.com/product/oral-supplement-compleat-standard-1-4-cal/,https://advanceddmesupplies.com/wp-content/uploads/2025/11/1207053_front-247x250.jpg,Oral Supplement Compleat® Standard 1.4 Cal
All-Terrain Knee Scooter,ALL TERRAIN KNEE SCOOTER,,https://advanceddmesupplies.com/product/all-terrain-knee-scooter/,https://advanceddmesupplies.com/wp-content/uploads/2017/08/image-17-247x300.png,All-Terrain Knee Scooter
Heavy Duty Bariatric Rollator,HEAVY DUTY ROLLATOR,,https://advanceddmesupplies.com/product/heavy-duty-rollator/,https://advanceddmesupplies.com/wp-content/uploads/2020/07/image-25-247x300.png,Heavy Duty Bariatric Rollator
Commode Liners,COMMODE LINERS,,https://advanceddmesupplies.com/product/commode-liners/,https://advanceddmesupplies.com/wp-content/uploads/2020/07/image-22-247x300.png,Commode Liners
Toilet Safety Frame,COMMODES,,https://advanceddmesupplies.com/product/toilet-safety-frame-2/,https://advanceddmesupplies.com/wp-content/uploads/2020/07/image-21-247x300.png,Toilet Safety Frame
Bariatric Commode,BARIATRIC COMMODE,,https://advanceddmesupplies.com/product/bariatric-commode/,https://advanceddmesupplies.com/wp-content/uploads/2020/07/image-26-247x300.png,Bariatric Commode
Oral Thermometer,DIAGNOSTICS,,https://advanceddmesupplies.com/product/oral-thermometer/,https://advanceddmesupplies.com/wp-content/uploads/2020/07/oral-thermometer-247x300.png,Oral Thermometer
Non-Contact Thermometer,DIAGNOSTICS,,https://advanceddmesupplies.com/product/non-contact-thermometer/,https://advanceddmesupplies.com/wp-content/uploads/2020/07/image-18-247x300.png,Non-Contact Thermometer
Upper Arm Blood Pressure Monitor,DIAGNOSTICS,,https://advanceddmesupplies.com/product/upper-arm-blood-pressure-monitor/,https://advanceddmesupplies.com/wp-content/uploads/2020/07/image-14-247x300.png,Upper Arm Blood Pressure Monitor
Blood Pressure Cuffs,BLOOD PRESSURE CUFFS,,https://advanceddmesupplies.com/product/blood-pressure-cuffs/,https://advanceddmesupplies.com/wp-content/uploads/2020/07/image-13-247x300.png,Blood Pressure Cuffs
Incentive Spirometer,DIAGNOSTICS,,https://advanceddmesupplies.com/product/incentive-spirometer/,https://advanceddmesupplies.com/wp-content/uploads/2020/07/image-11-247x300.png,Incentive Spirometer
Diabetic Shoes Women,DIABETIC SHOES,,https://advanceddmesupplies.com/product/diabetic-shoes-women/,https://advanceddmesupplies.com/wp-content/uploads/2020/07/image-6-247x300.png,Diabetic Shoes Women
Diabetic Shoes Men,DIABETIC SHOES,,https://advanceddmesupplies.com/product/diabetic-shoes-men-women/,https://advanceddmesupplies.com/wp-content/uploads/2020/07/image-5-247x300.png,Diabetic Shoes Men
Sani Wipes,PPE,,https://advanceddmesupplies.com/product/sani-wipes/,https://advanceddmesupplies.com/wp-content/uploads/2020/07/image-10-247x300.png,Sani Wipes
Pulse Oximeter,DIAGNOSTICS,,https://advanceddmesupplies.com/product/pulse-oximeter/,https://advanceddmesupplies.com/wp-content/uploads/2020/07/image-15-247x300.png,Pulse Oximeter
Home Bed Assist Rail with Adjustable Height,BED AND MATTRESS,,https://advanceddmesupplies.com/product/home-bed-assist-rail-with-adjustable-height/,https://advanceddmesupplies.com/wp-content/uploads/2020/07/home-bed-assist-rail.jpg,Home Bed Assist Rail with Adjustable Height
Folding Walker,FOLDING WALKER WALKERS,,https://advanceddmesupplies.com/product/folding-walker/,https://advanceddmesupplies.com/wp-content/uploads/2020/07/walker-247x300.png,Folding Walker
Golden Companion (4-wheel) Full Size GC440,SCOOTER,,https://advanceddmesupplies.com/product/golden-companion-gc440/,https://advanceddmesupplies.com/wp-content/uploads/2020/07/2-13-247x300.png,Golden Companion (4-wheel) Full Size GC440
Protective Face Shields,FACE SHIELD,,https://advanceddmesupplies.com/product/protective-face-shields/,https://advanceddmesupplies.com/wp-content/uploads/2020/07/face-shield-247x300.jpg,Protective Face Shields
Isolation Gowns,ISOLATION GOWNS,,https://advanceddmesupplies.com/product/isolation-gowns/,https://advanceddmesupplies.com/wp-content/uploads/2020/07/disposable-isolation-gowns-247x300.jpg,Isolation Gowns
Disposable Bouffants – Head Covers,BOUFFANTS,,https://advanceddmesupplies.com/product/disposable-bouffants-head-covers/,https://advanceddmesupplies.com/wp-content/uploads/2020/07/disposable-bouffants-247x300.jpg,Disposable Bouffants - Head Covers
Shoe Covers,PPE,,https://advanceddmesupplies.com/product/shoe-covers/,https://advanceddmesupplies.com/wp-content/uploads/2020/07/shoe-covers-247x300.jpg,Shoe Covers
Sanitizers,PPE,,https://advanceddmesupplies.com/product/sanitizers/,https://advanceddmesupplies.com/wp-content/uploads/2020/07/dial-sanitizer-247x300.jpg,Sanitizers
Alcohol Wipes,DISINFECTANT WIPES,,https://advanceddmesupplies.com/product/alcohol-wipes/,https://advanceddmesupplies.com/wp-content/uploads/2020/07/pharmacgo-wipes-247x300.jpeg,Alcohol Wipes
DisInfectant Surface Wipes,DISINFECTANT WIPES,,https://advanceddmesupplies.com/product/disinfectant-surface-wipes/,https://advanceddmesupplies.com/wp-content/uploads/2020/07/citrus-ii-wipes-247x300.jpg,DisInfectant Surface Wipes
Washable Face Mask,MASKS,,https://advanceddmesupplies.com/product/washable-face-mask/,https://advanceddmesupplies.com/wp-content/uploads/2020/07/navy-blue-washable-face-mask-247x300.jpg,Washable Face Mask
KN95 Face Mask,MASKS,,https://advanceddmesupplies.com/product/kn95-face-mask/,https://advanceddmesupplies.com/wp-content/uploads/2020/07/kn95-mask-247x300.jpg,KN95 Face Mask
Surgical Masks,MASKS,,https://advanceddmesupplies.com/product/surgical-masks/,https://advanceddmesupplies.com/wp-content/uploads/2020/07/surgical-mask-247x300.jpg,Surgical Masks
Safety Goggles,GOGGLES,,https://advanceddmesupplies.com/product/safety-goggles/,https://advanceddmesupplies.com/wp-content/uploads/2020/07/3m-Safety-goggles-247x300.jpg,Safety Goggles
Protective Goggles,GOGGLES,,https://advanceddmesupplies.com/product/chemical-goggles/,https://advanceddmesupplies.com/wp-content/uploads/2020/07/chemical-goggles-247x300.jpg,Protective Goggles
Vinyl Exam Gloves,GLOVES,,https://advanceddmesupplies.com/product/vinyl-gloves/,https://advanceddmesupplies.com/wp-content/uploads/2020/07/vinyl-gloves-247x300.jpg,Vinyl Exam Gloves
Nitrile Exam Gloves,GLOVES,,https://advanceddmesupplies.com/product/nitrile-gloves/,https://advanceddmesupplies.com/wp-content/uploads/2020/07/nitrile-gloves-1-247x300.jpg,Nitrile Exam Gloves
3ft Ramp,3FT RAMP,,https://advanceddmesupplies.com/product/3ft-ramp/,https://advanceddmesupplies.com/wp-content/uploads/2020/07/3-ft-ramp-247x300.jpg,3ft Ramp
Threshold Ramp,RAMPS,,https://advanceddmesupplies.com/product/threshold-ramp/,https://advanceddmesupplies.com/wp-content/uploads/2020/07/threshold-ramp-247x300.jpg,Threshold Ramp
Folding Ramp,FOLDING RAMP,,https://advanceddmesupplies.com/product/folding-ramp/,https://advanceddmesupplies.com/wp-content/uploads/2020/07/folding-ramp-1-247x300.jpg,Folding Ramp
Jazzy 614HD,JAZZY 614HD,,https://advanceddmesupplies.com/product/jazzy-614hd/,https://advanceddmesupplies.com/wp-content/uploads/2020/07/jazzy-614-hd-candy-apple-red-247x300.jpg,Jazzy 614HD
Jazzy Elite ES Portable,JAZZY ELITE ES PORTABLE,,https://advanceddmesupplies.com/product/jazzy-elite-es-portable/,https://advanceddmesupplies.com/wp-content/uploads/2020/07/jazzy-elite-es-portable-candy-apple-red-247x300.jpg,Jazzy Elite ES Portable
Jazzy Go Chair,JAZZY GO CHAIR,,https://advanceddmesupplies.com/product/jazzy-go-chair/,https://advanceddmesupplies.com/wp-content/uploads/2020/07/go-chair-247x300.jpg,Jazzy Go Chair
Jazzy Passport,JAZZY PASSPORT,,https://advanceddmesupplies.com/product/jazzy-passport/,https://advanceddmesupplies.com/wp-content/uploads/2020/07/jazzy-passport-247x300.jpg,Jazzy Passport
Jazzy Air 2,JAZZY AIR 2,,https://advanceddmesupplies.com/product/jazzy-air-2/,https://advanceddmesupplies.com/wp-content/uploads/2020/07/jazzy-air-2-sapphire-blue-247x300.jpg,Jazzy Air 2
Fold-and-Go Walker,FOLD AND GO WALKER,,https://advanceddmesupplies.com/product/fold-and-go-walker/,https://advanceddmesupplies.com/wp-content/uploads/2020/07/Fold-and-Go-Walker-247x300.jpg,Fold-and-Go Walker
Roho Cushion,PILLOW AND CUSHIONS,,https://advanceddmesupplies.com/product/roho-cushion/,https://advanceddmesupplies.com/wp-content/uploads/2020/07/roho-cushion-247x300.jpg,Roho Cushion
Disposable Bed Pads,INCONTINENCE,,https://advanceddmesupplies.com/product/disposable-bed-pads/,https://advanceddmesupplies.com/wp-content/uploads/2020/07/disposable-pads-247x300.jpg,Disposable Bed Pads
Sit-to-Stand Hoyer Lift,HOYER LIFT,,https://advanceddmesupplies.com/product/sit-to-stand-hoyer-lift/,https://advanceddmesupplies.com/wp-content/uploads/2020/07/sit-to-stand-hoyer-lift-247x300.jpg,Sit-to-Stand Hoyer Lift
Bed Rails Full & Half,BED AND MATTRESS,,https://advanceddmesupplies.com/product/bed-rails-full-half/,https://advanceddmesupplies.com/wp-content/uploads/2020/07/invacare-hospital-bed-rails-1d8-247x300.jpg,Bed Rails Full & Half
CPAP Filters Philips Respronics,CPAP BIPAP VPAPS VENTILATORS,,https://advanceddmesupplies.com/product/cpap-filters-philips-respronics/,https://advanceddmesupplies.com/wp-content/uploads/2020/07/cpap-filter-300x300-247x300.jpg,CPAP Filters Philips Respronics
CPAP Filter Dreamstation Respironics CPAP Machine,CPAP BIPAP VPAPS VENTILATORS,,https://advanceddmesupplies.com/product/cpap-filter-dreamstation-respironics-cpap-machine/,https://advanceddmesupplies.com/wp-content/uploads/2020/07/respronics-filter-247x300.jpg,CPAP Filter Dreamstation Respironics CPAP Machine
CPAP Mask Under The Nose by Philips Respironics,CPAP BIPAP VPAPS VENTILATORS,,https://advanceddmesupplies.com/product/cpap-mask-under-the-nose-by-philips-respironics/,https://advanceddmesupplies.com/wp-content/uploads/2020/07/dreamwear_cpap_mask_underthenose_0002_1-247x300.jpg,CPAP Mask Under The Nose by Philips Respironics
CPAP Mask Full Face Dreamwear by Philips Respironics,CPAP BIPAP VPAPS VENTILATORS,,https://advanceddmesupplies.com/product/cpap-mask-full-face-dreamwear-by-philips-respironics/,https://advanceddmesupplies.com/wp-content/uploads/2020/07/philips_respironics_dreamwear_cpap_mask_sistemmacpap_0001_6-247x300.jpg,CPAP Mask Full Face Dreamwear by Philips Respironics
CPAP Mask Nuance Nasal by Philips Respironics,CPAP BIPAP VPAPS VENTILATORS,,https://advanceddmesupplies.com/product/cpap-mask-respironics-nuance-nasal/,https://advanceddmesupplies.com/wp-content/uploads/2020/07/philips_respironics_nuance_cpap_mask_-_sistemmacpap_0003-247x300.jpg,CPAP Mask Nuance Nasal by Philips Respironics
CPAP Mask Wisp Nasal by Philips Respironics,CPAP BIPAP VPAPS VENTILATORS,,https://advanceddmesupplies.com/product/cpap-mask-respironics-wisp-nasal/,https://advanceddmesupplies.com/wp-content/uploads/2020/07/wisp-92-247x300.jpg,CPAP Mask Wisp Nasal by Philips Respironics
Bed Pan,BED PAN,,https://advanceddmesupplies.com/product/bed-pan-2/,https://advanceddmesupplies.com/wp-content/uploads/2020/07/bed-pan-alex-ortho-247x300.jpg,Bed Pan
Hybrid 2 Transport Wheelchair Chairs,WHEELCHAIRS MANUAL,,https://advanceddmesupplies.com/product/hybrid-2-transport-wheelchair-chairs/,https://advanceddmesupplies.com/wp-content/uploads/2019/01/medline-hybrid-2-transport-wheelchair-chairs-mds806250nh2-mds806250nh2-06250nh2.10-247x300.jpg,Hybrid 2 Transport Wheelchair Chairs
Breg Cothera VPULSE Cold Therapy DVT Device,PAIN MANAGEMENT,,https://advanceddmesupplies.com/product/breg-cothera-vpulse-cold-therapy-dvt-device/,https://advanceddmesupplies.com/wp-content/uploads/2019/01/breg-cothera-v-pulse-247x300.jpg,Breg Cothera VPULSE Cold Therapy DVT Device
Breg Cold Therapy Machine,PAIN MANAGEMENT,,https://advanceddmesupplies.com/product/breg-cold-therapy-machine/,https://advanceddmesupplies.com/wp-content/uploads/2018/12/Kodiak-cold-therapy-withpad-247x300.png,Breg Cold Therapy Machine
Anti-Embolism Stockings,ANTI EMBOLISM STOCKINGS,,https://advanceddmesupplies.com/product/anti-embolism-stockings/,https://advanceddmesupplies.com/wp-content/uploads/2018/08/Anti-embolism-stockings-247x300.jpeg,Anti-Embolism Stockings
Panty Hose,PANTY HOSE,,https://advanceddmesupplies.com/product/panty-hose/,https://advanceddmesupplies.com/wp-content/uploads/2018/08/panty-Hose-247x300.jpg,Panty Hose
Thigh High,STOCKINGS,,https://advanceddmesupplies.com/product/thigh-high/,https://advanceddmesupplies.com/wp-content/uploads/2018/08/Thigh-High--247x300.jpg,Thigh High
Stockings Knee High,STOCKINGS,,https://advanceddmesupplies.com/product/stockings-knee-high/,https://advanceddmesupplies.com/wp-content/uploads/2018/08/Stockings-Knee-High-247x300.jpg,Stockings Knee High
Rehab Tilt-in Space Wheelchair,WHEELCHAIRS MANUAL,,https://advanceddmesupplies.com/product/rehab-tilt-in-space-wheelchair/,https://advanceddmesupplies.com/wp-content/uploads/2018/08/dalton-medical-k518-247x300.jpg,Rehab Tilt-in Space Wheelchair
Powerchair/Scooter Batteries,SCOOTER,,https://advanceddmesupplies.com/product/powerchair-scooter-batteries/,https://advanceddmesupplies.com/wp-content/uploads/2018/08/PowerchairScooter-Batteries-247x300.jpg,Powerchair/Scooter Batteries
Home Oxygen Concentrator,HOME OXYGEN CONCENTRATOR RENTALS AND REPAIRS,,https://advanceddmesupplies.com/product/home-oxygen-concentrator/,https://advanceddmesupplies.com/wp-content/uploads/2018/08/Home-Oxygen-Concentrator-247x300.jpg,Home Oxygen Concentrator
Glucose Monitor,GLUCOSE MONITOR DIAGNOSTICS,,https://advanceddmesupplies.com/product/glucose-monitor/,https://advanceddmesupplies.com/wp-content/uploads/2018/08/Glucose-Monitor-247x300.jpg,Glucose Monitor
Stoma Skin Barrier,OSTOMY SUPPLIES,,https://advanceddmesupplies.com/product/stoma-skin-barrier/,https://advanceddmesupplies.com/wp-content/uploads/2018/08/Stoma-Skin-Barrier-247x300.jpg,Stoma Skin Barrier
Ostomy Pouches,OSTOMY POUCHES OSTOMY SUPPLIES,,https://advanceddmesupplies.com/product/ostomy-pouches/,https://advanceddmesupplies.com/wp-content/uploads/2018/08/Ostomy-Pouches-247x300.jpg,Ostomy Pouches
Leg Bag,CATHETERS,,https://advanceddmesupplies.com/product/leg-bag/,https://advanceddmesupplies.com/wp-content/uploads/2018/08/Leg-Bag-247x300.jpg,Leg Bag
Intermittent Straight Catheters,CATHETERS,,https://advanceddmesupplies.com/product/intermittent-catheters/,https://advanceddmesupplies.com/wp-content/uploads/2018/08/Intermittent-Catheters-247x300.jpg,Intermittent Straight Catheters
Catheter Foley Tray,CATHETER FOLEY TRAY,,https://advanceddmesupplies.com/product/catheter-foley-tray/,https://advanceddmesupplies.com/wp-content/uploads/2018/08/cathether-tray-247x300.jpg,Catheter Foley Tray
Male External Catheters,CATHETERS,,https://advanceddmesupplies.com/product/male-external-catheters/,https://advanceddmesupplies.com/wp-content/uploads/2018/08/male-external-catheter-500x500-247x300.jpg,Male External Catheters
Reusable Underpads,INCONTINENCE,,https://advanceddmesupplies.com/product/reusable-underpads/,https://advanceddmesupplies.com/wp-content/uploads/2018/08/Reusable-Underpads-247x300.png,Reusable Underpads
Portable Commode/Shower Chair,COMMODES,,https://advanceddmesupplies.com/product/portable-commode-shower-chair/,https://advanceddmesupplies.com/wp-content/uploads/2018/08/Portable-CommodeShower-Chair-247x300.jpg,Portable Commode/Shower Chair
Padded Toilet Seat w/ Cut Out,COMMODES,,https://advanceddmesupplies.com/product/padded-toilet-seat-w-cut-out/,https://advanceddmesupplies.com/wp-content/uploads/2018/08/Padded-Toilet-Seat-w-Cut-Out-247x300.jpg,Padded Toilet Seat w/ Cut Out
Drop Arm Commode,COMMODES,,https://advanceddmesupplies.com/product/drop-arm-commode/,https://advanceddmesupplies.com/wp-content/uploads/2018/08/drop-arm-commode-247x300.jpg,Drop Arm Commode
Vinyl Bed Rail Pads,BED AND MATTRESS,,https://advanceddmesupplies.com/product/vinyl-bed-rail-pads/,https://advanceddmesupplies.com/wp-content/uploads/2018/08/Vinyl-Bed-rail-247x300.jpeg,Vinyl Bed Rail Pads
Geo Mattress,BED AND MATTRESS,,https://advanceddmesupplies.com/product/geo-mattress/,https://advanceddmesupplies.com/wp-content/uploads/2018/08/Geo-Mattress-247x300.png,Geo Mattress
Clinical Care Geri Chair Recliners,BATH SAFETY,,https://advanceddmesupplies.com/product/clinical-care-geri-chair-recliners/,https://advanceddmesupplies.com/wp-content/uploads/2018/08/3-position-geri-chair-recliner-c5e-247x300.jpg,Clinical Care Geri Chair Recliners
Padded Transfer Bench,BATH SAFETY,,https://advanceddmesupplies.com/product/padded-transfer-bench/,https://advanceddmesupplies.com/wp-content/uploads/2018/08/padded-transfer-bench-1-247x300.jpg,Padded Transfer Bench
Folding Bath/Shower,BATH SAFETY,,https://advanceddmesupplies.com/product/folding-bath-shower/,https://advanceddmesupplies.com/wp-content/uploads/2018/08/Folding-Bath-Shower.jpeg,Folding Bath/Shower
PVC Shower Chair,BATH SAFETY,,https://advanceddmesupplies.com/product/pvc-shower-chair/,https://advanceddmesupplies.com/wp-content/uploads/2018/08/PVC-Shower-Chair.jpg,PVC Shower Chair
Golden Buzz Around 3 Wheel Scooter,GOLDEN BUZZ AROUND 3 WHEEL SCOOTER,,https://advanceddmesupplies.com/product/golden-buzz-around-3-wheel-scooter/,https://advanceddmesupplies.com/wp-content/uploads/2018/08/buzz-around-247x300.jpg,Golden Buzz Around 3 Wheel Scooter
Golden Companion 3 Wheel Scooter,GOLDEN COMPANION 3 WHEEL SCOOTER,,https://advanceddmesupplies.com/product/golden-companion-3-wheel-scooter/,https://advanceddmesupplies.com/wp-content/uploads/2018/08/Golden-Companion-3-Wheel-Scooter-.jpeg,Golden Companion 3 Wheel Scooter
Golden Companion 4 Wheel Scooter,GOLDEN COMPANION 4 WHEEL SCOOTER,,https://advanceddmesupplies.com/product/golden-companion-4-wheel-scooter/,https://advanceddmesupplies.com/wp-content/uploads/2018/08/Golden-4-wheel-scooter.jpeg,Golden Companion 4 Wheel Scooter
Nitro Rollator,NITRO ROLLATOR,,https://advanceddmesupplies.com/product/nitro-rollator/,https://advanceddmesupplies.com/wp-content/uploads/2018/08/nitro-rollator-247x300.jpeg,Nitro Rollator
Wheelchair Folding Ramps,RAMPS,,https://advanceddmesupplies.com/product/wheelchair-folding-ramps/,https://advanceddmesupplies.com/wp-content/uploads/2018/08/Wheelchair-Folding-Ramps-247x300.jpg,Wheelchair Folding Ramps
Sitz Bath,SITZ BATH,,https://advanceddmesupplies.com/product/sitz-bath/,https://advanceddmesupplies.com/wp-content/uploads/2018/08/Sitz-bath.jpeg,Sitz Bath
Walker Bags (Mobility Bags),WALKER BAGS MOBILITY BAGS,,https://advanceddmesupplies.com/product/walker-bags-mobility-bags/,https://advanceddmesupplies.com/wp-content/uploads/2018/08/Walker-Bags-Mobility-Bags-247x300.jpg,Walker Bags (Mobility Bags)
Knee Walker Pad,KNEE WALKER PAD,,https://advanceddmesupplies.com/product/knee-walker-pad/,https://advanceddmesupplies.com/wp-content/uploads/2018/08/Knee-Walker-Pad.jpeg,Knee Walker Pad
Walker Basket,WALKER BASKET,,https://advanceddmesupplies.com/product/walker-basket/,https://advanceddmesupplies.com/wp-content/uploads/2018/08/Walker-Basket.jpeg,Walker Basket
3 Wheeled Rollator,3 WHEEL ROLLATOR,,https://advanceddmesupplies.com/product/3-wheeled-rollator/,https://advanceddmesupplies.com/wp-content/uploads/2018/08/red-3-wheel-247x300.jpg,3 Wheeled Rollator
Leg Wedge,LEG WEDGE,,https://advanceddmesupplies.com/product/leg-wedge/,https://advanceddmesupplies.com/wp-content/uploads/2018/08/Leg-Wedge-.jpeg,Leg Wedge
Back Wedge,BACK WEDGE,,https://advanceddmesupplies.com/product/back-wedge/,https://advanceddmesupplies.com/wp-content/uploads/2018/08/Back-Wedge.jpeg,Back Wedge
Coccyx Cushion,COCCYX CUSHION,,https://advanceddmesupplies.com/product/coccyx-cushion/,https://advanceddmesupplies.com/wp-content/uploads/2018/08/Coccyx-Cushion-247x300.jpg,Coccyx Cushion
Positioning Wedge,PILLOW AND CUSHIONS,,https://advanceddmesupplies.com/product/positioning-wedge/,https://advanceddmesupplies.com/wp-content/uploads/2018/08/Positioning-Wedge.jpeg,Positioning Wedge
Donut Cushion,DONUT CUSHION,,https://advanceddmesupplies.com/product/donut-cushion/,https://advanceddmesupplies.com/wp-content/uploads/2018/08/Donut-Cushion.jpeg,Donut Cushion
Wheelchair Cushion,PILLOW AND CUSHIONS,,https://advanceddmesupplies.com/product/wheelchair-cushion/,https://advanceddmesupplies.com/wp-content/uploads/2018/08/Wheelchair-Cushion.jpeg,Wheelchair Cushion
Lumbar Cushion,LUMBAR CUSHION,,https://advanceddmesupplies.com/product/lumbar-cushion/,https://advanceddmesupplies.com/wp-content/uploads/2018/08/lumbar-cushion-247x300.jpg,Lumbar Cushion
Overbed Table,PATIENT ROOM CARE,,https://advanceddmesupplies.com/product/overbed-table/,https://advanceddmesupplies.com/wp-content/uploads/2018/08/tilt-table-247x300.jpg,Overbed Table
Foot Stool With Handle,FOOT STOOL WITH HANDLE,,https://advanceddmesupplies.com/product/foot-stool-with-handle/,https://advanceddmesupplies.com/wp-content/uploads/2018/08/Foot-Stool-With-Handle-247x300.jpg,Foot Stool With Handle
Pedlar Exerciser,PATIENT AID CARE,,https://advanceddmesupplies.com/product/pedlar-exerciser/,https://advanceddmesupplies.com/wp-content/uploads/2018/08/Pedlar-Exerciser-247x300.jpeg,Pedlar Exerciser
Exercise Pulley Set,EXERCISE PULLEY SET,,https://advanceddmesupplies.com/product/exercise-pulley-set/,https://advanceddmesupplies.com/wp-content/uploads/2018/08/EXERCISE-PULLEY-SET.jpeg,Exercise Pulley Set
Over Door Traction Unit,OVER DOOR TRACTION UNIT,,https://advanceddmesupplies.com/product/over-door-traction-unit/,https://advanceddmesupplies.com/wp-content/uploads/2018/08/traction-unit-247x300.jpg,Over Door Traction Unit
Home Bed Assistant Handle,HOME BED ASSISTANT HANDLE,,https://advanceddmesupplies.com/product/home-bed-assistant-handle/,https://advanceddmesupplies.com/wp-content/uploads/2018/08/Home-Bed-handle-247x300.jpg,Home Bed Assistant Handle
Knee Immobilizer,KNEE IMMOBILIZER,,https://advanceddmesupplies.com/product/knee-immobilizer/,https://advanceddmesupplies.com/wp-content/uploads/2018/08/Knee-Immobilizer-247x300.jpeg,Knee Immobilizer
Ankle Support,ANKLE SUPPORT,,https://advanceddmesupplies.com/product/ankle-support/,https://advanceddmesupplies.com/wp-content/uploads/2018/08/Ankle-Support.jpeg,Ankle Support
Pediatric Reverse Walker,PEDIATRIC REVERSE WALKER,,https://advanceddmesupplies.com/product/pediatric-reverse-walker/,https://advanceddmesupplies.com/wp-content/uploads/2018/08/Reverse-Walker-247x300.jpg,Pediatric Reverse Walker
Sterile Saline,STERILE SALINE,,https://advanceddmesupplies.com/product/sterile-saline/,https://advanceddmesupplies.com/wp-content/uploads/2018/08/Sterile-Saline-247x300.jpg,Sterile Saline
Nebulizer Mask and Tubing,NEBULIZER,,https://advanceddmesupplies.com/product/nebulizer-mask-and-tubing/,https://advanceddmesupplies.com/wp-content/uploads/2018/08/nebulizer-mask-2-247x300.jpg,Nebulizer Mask and Tubing
Oxygen Mask,OXYGEN,,https://advanceddmesupplies.com/product/oxygen-mask/,https://advanceddmesupplies.com/wp-content/uploads/2018/08/oxygen-mask-247x300.jpg,Oxygen Mask
Brass Oxygen Regulator,BRASS OXYGEN REGULATOR,,https://advanceddmesupplies.com/product/brass-oxygen-regulator/,https://advanceddmesupplies.com/wp-content/uploads/2018/08/Brass-Oxygen-Regulator-247x300.jpg,Brass Oxygen Regulator
Oxygen Tank Holder for Wheelchair,WHEELCHAIRS MANUAL,,https://advanceddmesupplies.com/product/oxygen-tank-holder-for-wheelchair/,https://advanceddmesupplies.com/wp-content/uploads/2018/08/Oxygen-Tank-Holder-for-Wheelchair-247x300.jpg,Oxygen Tank Holder for Wheelchair
Oxygen Set Up Kit,OXYGEN,,https://advanceddmesupplies.com/product/oxygen-set-up-kit/,https://advanceddmesupplies.com/wp-content/uploads/2018/08/Oxygen-Set-Up-Kit.jpeg,Oxygen Set Up Kit
Oxygen Nasal Cannula,OXYGEN,,https://advanceddmesupplies.com/product/oxygen-nasal-cannula/,https://advanceddmesupplies.com/wp-content/uploads/2018/08/Oxygen-Nasal-Cannula-247x300.jpg,Oxygen Nasal Cannula
Pediatric Nebulizer Compressor,NEBULIZER,,https://advanceddmesupplies.com/product/pediatric-nebulizer-compressor/,https://advanceddmesupplies.com/wp-content/uploads/2018/08/panda-pediatric-nebulizer-pink-with-disposable-neb-kit-b4c-247x300.jpg,Pediatric Nebulizer Compressor
Nebulizer Kit,NEBULIZER,,https://advanceddmesupplies.com/product/nebulizer-kit/,https://advanceddmesupplies.com/wp-content/uploads/2018/08/Nebulizer-Kit-247x300.jpeg,Nebulizer Kit
Wound Packing Strips,WOUND CARE PRODUCTS,,https://advanceddmesupplies.com/product/wound-packing-strips/,https://advanceddmesupplies.com/wp-content/uploads/2018/08/Wound-Packing-Strip-247x300.jpg,Wound Packing Strips
Surgical Tape,SURGICAL TAPE,,https://advanceddmesupplies.com/product/surgical-tape/,https://advanceddmesupplies.com/wp-content/uploads/2018/08/Surgical-tape1-247x300.jpg,Surgical Tape
Compression Bandage,COMPRESSION BANDAGE,,https://advanceddmesupplies.com/product/compression-bandage/,https://advanceddmesupplies.com/wp-content/uploads/2018/08/Compression-Bandage1-247x300.jpg,Compression Bandage
Xeroform Gauze,WOUND CARE PRODUCTS,,https://advanceddmesupplies.com/product/xeroform-gauze/,https://advanceddmesupplies.com/wp-content/uploads/2018/08/Xeroform-Gauze-247x300.jpg,Xeroform Gauze
Teganderm Film Dressing,TEGANDERM FILM DRESSING,,https://advanceddmesupplies.com/product/teganderm-film-dressing/,https://advanceddmesupplies.com/wp-content/uploads/2018/08/Teganderm-247x300.jpeg,Teganderm Film Dressing
Gauze Sponges,GAUZE SPONGES,,https://advanceddmesupplies.com/product/gauze-sponges/,https://advanceddmesupplies.com/wp-content/uploads/2018/08/Gauze-Sponge-247x300.jpg,Gauze Sponges
Gauze Bandage,GAUZE BANDAGE WOUND CARE PRODUCTS,,https://advanceddmesupplies.com/product/gauze-bandage/,https://advanceddmesupplies.com/wp-content/uploads/2018/08/Gauze-247x300.jpg,Gauze Bandage
Tube Feeding Formula Osmolite® 1.2 Cal Unflavored Liquid 8 oz.,ENTERAL NUTRITION,,https://advanceddmesupplies.com/product/tube-feeding-formula-osmolite-1-2-cal-unflavored-liquid-8-oz/,https://advanceddmesupplies.com/wp-content/uploads/2025/11/1048209_front-247x250.jpg,Tube Feeding Formula Osmolite® 1.2 Cal Unflavored Liquid 8 oz.
Oral Supplement Boost® Very High Calorie,ENTERAL NUTRITION,,https://advanceddmesupplies.com/product/oral-supplement-boost-very-high-calorie/,https://advanceddmesupplies.com/wp-content/uploads/2025/11/1178505_left-247x250.jpg,Oral Supplement Boost® Very High Calorie
Tube Feeding Formula Diabetisource® AC,ENTERAL NUTRITION,,https://advanceddmesupplies.com/product/tube-feeding-formula-diabetisource-ac/,https://advanceddmesupplies.com/wp-content/uploads/2025/11/525738_front_-247x250.jpg,Tube Feeding Formula Diabetisource® AC
Fibersource® HN Unflavored Liquid 250 mL Carton,ENTERAL NUTRITION,,https://advanceddmesupplies.com/product/fibersource-hn-unflavored-liquid-250-ml-carton/,https://advanceddmesupplies.com/wp-content/uploads/2025/11/193812_front_-247x250.jpg,Fibersource® HN Unflavored Liquid 250 mL Carton
Nepro® Vanilla Flavor Liquid 8 oz,ENTERAL NUTRITION,,https://advanceddmesupplies.com/product/nepro-vanilla-flavor-liquid-8-oz/,https://advanceddmesupplies.com/wp-content/uploads/2025/11/1048214_front_-247x250.jpg,Nepro® Vanilla Flavor Liquid 8 oz
Glucerna® 1.5 Cal Vanilla Flavor Liquid 8 oz,ENTERAL NUTRITION,,https://advanceddmesupplies.com/product/glucerna-1-5-cal-vanilla-flavor-liquid-8-oz/,https://advanceddmesupplies.com/wp-content/uploads/2025/11/1048236_front-247x250.jpg,Glucerna® 1.5 Cal Vanilla Flavor Liquid 8 oz
Ensure® Original Therapeutic Nutrition Shake Chocolate Flavor Liquid 8 oz,ENTERAL NUTRITION,,https://advanceddmesupplies.com/product/ensure-original-therapeutic-nutrition-shake-chocolate-flavor-liquid-8-oz/,https://advanceddmesupplies.com/wp-content/uploads/2025/11/1048244_facts-247x250.jpg,Ensure® Original Therapeutic Nutrition Shake Chocolate Flavor Liquid 8 oz
Kate Farms Renal Support 1.8 Vanilla Flavor,ENTERAL NUTRITION,,https://advanceddmesupplies.com/product/kate-farms-renal-support-1-8-vanilla-flavor/,https://advanceddmesupplies.com/wp-content/uploads/2025/11/1184938_front-247x250.jpg,Kate Farms Renal Support 1.8 Vanilla Flavor
Pediatric Tube Feeding Formula Kate Farms Squash / Carrot Flavor 8.45 oz. / 250 mL Pouch Liquid Organic Pea Protein,ENTERAL NUTRITION,,https://advanceddmesupplies.com/product/pediatric-tube-feeding-formula-kate-farms-squash-carrot-flavor-8-45-oz-250-ml-pouch-liquid-organic-pea-protein/,https://advanceddmesupplies.com/wp-content/uploads/2025/11/1241599_front-247x250.jpg,Pediatric Tube Feeding Formula Kate Farms Squash / Carrot Flavor 8.45 oz. / 250 mL Pouch Liquid Organic Pea Protein
Kate Farms Pediatric Standard 1.2,ENTERAL NUTRITION,,https://advanceddmesupplies.com/product/kate-farms-pediatric-standard-1-2/,https://advanceddmesupplies.com/wp-content/uploads/2025/11/1105970_front-247x250.jpg,Kate Farms Pediatric Standard 1.2
Kate Farms Standard 1.4,ENTERAL NUTRITION,,https://advanceddmesupplies.com/product/kate-farms-standard-1-4/,https://advanceddmesupplies.com/wp-content/uploads/2025/11/1170423_front-247x250.jpg,Kate Farms Standard 1.4
Kate Farms Peptide 1.5,ENTERAL NUTRITION,,https://advanceddmesupplies.com/product/kate-farms-peptide-1-5/,https://advanceddmesupplies.com/wp-content/uploads/2025/11/1053183_front-247x300.jpg,Kate Farms Peptide 1.5
Exam Gloves,EXAM GLOVES,,https://advanceddmesupplies.com/product/exam-gloves/,https://advanceddmesupplies.com/wp-content/uploads/2018/08/Exam-Gloves-247x300.jpg,Exam Gloves
U Step 2 Walker,U STEP 2 WALKER,,https://advanceddmesupplies.com/product/u-step-2-walker/,https://advanceddmesupplies.com/wp-content/uploads/2018/08/U-Step-2-Walker-247x300.jpg,U Step 2 Walker
Walker Platform Attachment,WALKER PLATFORM ATTACHMENT,,https://advanceddmesupplies.com/product/walker-platform-attachment/,https://advanceddmesupplies.com/wp-content/uploads/2018/08/Walker-Platform-Attachment-247x300.jpg,Walker Platform Attachment
Walker Tray,WALKER TRAY,,https://advanceddmesupplies.com/product/walker-tray/,https://advanceddmesupplies.com/wp-content/uploads/2018/08/Walker-Tray-247x300.jpg,Walker Tray
Heel Protector,HEEL PROTECTOR,,https://advanceddmesupplies.com/product/heel-protector/,https://advanceddmesupplies.com/wp-content/uploads/2018/08/nova-heel-protector-247x300.jpg,Heel Protector
Transfer Board,PATIENT ROOM CARE,,https://advanceddmesupplies.com/product/transfer-board/,https://advanceddmesupplies.com/wp-content/uploads/2018/08/Transfer-Board-247x300.jpg,Transfer Board
IV Pole,IV POLE,,https://advanceddmesupplies.com/product/iv-pole/,https://advanceddmesupplies.com/wp-content/uploads/2018/08/IV-Pole-247x300.jpg,IV Pole
Gait Belt,GAIT BELT,,https://advanceddmesupplies.com/product/gait-belt/,https://advanceddmesupplies.com/wp-content/uploads/2018/08/Gait-Belt.jpeg,Gait Belt
Digital Tents Unit,PAIN MANAGEMENT,,https://advanceddmesupplies.com/product/digital-tents-unit/,https://advanceddmesupplies.com/wp-content/uploads/2018/08/Digital-Tents-Unit-247x300.jpg,Digital Tents Unit
Hip Kit,HIP KIT,,https://advanceddmesupplies.com/product/hip-kit/,https://advanceddmesupplies.com/wp-content/uploads/2018/08/Hip-Kit-300x166.jpeg,Hip Kit
Suction Aspirator,SUCTION ASPIRATOR,,https://advanceddmesupplies.com/product/suction-aspirator/,https://advanceddmesupplies.com/wp-content/uploads/2018/08/Suction-Aspirator-300x290.jpg,Suction Aspirator
Lymphedema Pump and Sleeves,LYMPHEDEMA PUMP AND SLEEVES RENTALS AND REPAIRS,,https://advanceddmesupplies.com/product/lymphedema-pump-and-sleeves/,https://advanceddmesupplies.com/wp-content/uploads/2018/08/Lymphedema-Pump-and-Sleeves-247x300.jpg,Lymphedema Pump and Sleeves
CPM Machine,CPM MACHINE RENTALS AND REPAIRS,,https://advanceddmesupplies.com/product/cpm-machine/,https://advanceddmesupplies.com/wp-content/uploads/2018/08/Kinetec_Prima_XL_Bariatric_Knee_CPM_1__49219.1501779697.1280.1280-247x300.jpeg,CPM Machine
Premium Tri-Panel Abdominal Binder,ORTHOPEDICS,,https://advanceddmesupplies.com/product/premium-tri-panel-abdominal-binder/,https://advanceddmesupplies.com/wp-content/uploads/2018/08/Premium-Tri-Panel-Abdominal-Binder-247x300.jpg,Premium Tri-Panel Abdominal Binder
Plantar Fascitis Night Splint,ORTHOPEDICS,,https://advanceddmesupplies.com/product/plantas-fascitis-night-splint/,https://advanceddmesupplies.com/wp-content/uploads/2018/08/Plantas-Fascitis-Night-Splint-247x300.jpg,Plantar Fascitis Night Splint
Post Op Knee Brace,ORTHOPEDICS,,https://advanceddmesupplies.com/product/post-op-knee-brace/,https://advanceddmesupplies.com/wp-content/uploads/2018/08/Post_Op-KNee-Brace-247x300.png,Post Op Knee Brace
Hinged Knee Brace,HINGED KNEE BRACE,,https://advanceddmesupplies.com/product/hinged-knee-brace/,https://advanceddmesupplies.com/wp-content/uploads/2018/08/Hinged-Knee-Brace.jpeg,Hinged Knee Brace
Aluminum Transport Chair with 8″ Wheels,ALUMINUM TRANSPORT CHAIR WITH 8 WHEELS,,https://advanceddmesupplies.com/product/aluminum-transport-chair-with-8-wheels/,https://advanceddmesupplies.com/wp-content/uploads/2018/08/transport-wheelchair-3-247x300.jpg,"Aluminum Transport Chair with 8"" Wheels"
Reclining Manual Wheelchair,WHEELCHAIRS MANUAL,,https://advanceddmesupplies.com/product/reclining-manual-wheelchair/,https://advanceddmesupplies.com/wp-content/uploads/2018/08/RecliningWheelchair01-247x300.jpg,Reclining Manual Wheelchair
Wheelchair Lap Tray,WHEELCHAIRS MANUAL,,https://advanceddmesupplies.com/product/wheelchair-lap-tray/,https://advanceddmesupplies.com/wp-content/uploads/2018/08/Wheelchair-Lap-Tray.jpeg,Wheelchair Lap Tray
Ostomy Kit,OSTOMY KIT OSTOMY SUPPLIES,,https://advanceddmesupplies.com/product/ostomy-kit/,https://advanceddmesupplies.com/wp-content/uploads/2018/08/ostomy-Kit.jpeg,Ostomy Kit
Diabetic Socks,DIABETIC SOCKS,,https://advanceddmesupplies.com/product/diabetic-socks/,https://advanceddmesupplies.com/wp-content/uploads/2018/08/Diabetic-Socks.jpeg,Diabetic Socks
Uplift Seat Assist,LIFT CHAIRS,,https://advanceddmesupplies.com/product/uplift-seat-assist/,https://advanceddmesupplies.com/wp-content/uploads/2018/08/Uplift-Seat-Assist.jpeg,Uplift Seat Assist
Foldable Scooter S19LI,FOLDABLE SCOOTER S19LI,,https://advanceddmesupplies.com/product/foldable-scooter-s19li/,https://advanceddmesupplies.com/wp-content/uploads/2018/08/Solax-Transformer-Automatic-Folding-Scooter-247x300.jpg,Foldable Scooter S19LI
Upright Walker,ROLLATORS,,https://advanceddmesupplies.com/product/forearm-rollator/,https://advanceddmesupplies.com/wp-content/uploads/2018/08/upright-walker-247x300.jpg,Upright Walker
RESMED Air Sense 10 CPA Machine,CPAP BIPAP VPAPS VENTILATORS,,https://advanceddmesupplies.com/product/resmed-air-sense-10-cpa-machine/,https://advanceddmesupplies.com/wp-content/uploads/2018/08/RESMED-Air-Sense-10-CPA-Machine-247x300.png,RESMED Air Sense 10 CPA Machine
RESMED Air Mini Travel CPAP Machine,CPAP BIPAP VPAPS VENTILATORS,,https://advanceddmesupplies.com/product/resmed-air-mini-travel-cpap-machine/,https://advanceddmesupplies.com/wp-content/uploads/2018/08/RESMED-Air-MIni-Travel-CPAP-Machine-300x235.png,RESMED Air Mini Travel CPAP Machine
CPAP Masks Full Face Air Fit F20,CPAP MASKS FULL FACE AIR FIT F20,,https://advanceddmesupplies.com/product/cpap-masks-full-face-air-fit-f20/,https://advanceddmesupplies.com/wp-content/uploads/2018/08/CPAP-Masks-Full-Face-Air-Fit-F20-247x300.png,CPAP Masks Full Face Air Fit F20
CPAP Nasal Air Fit N20,CPAP NASAL AIR FIT N20,,https://advanceddmesupplies.com/product/cpap-nasal-air-fit-n20-2/,https://advanceddmesupplies.com/wp-content/uploads/2018/08/CPAP-Mask-Nasal-Pillow-Swift-FX-247x300.jpg,CPAP Nasal Air Fit N20
CPAP Mask Nasal Pillow Swift FX,CPAP MASK NASAL PILLOW SWIFT FX,,https://advanceddmesupplies.com/product/cpap-mask-nasal-pillow-swift-fx/,https://advanceddmesupplies.com/wp-content/uploads/2018/08/CPAP-Mask-Nasal-Pillow-Swift-FX-247x300.jpg,CPAP Mask Nasal Pillow Swift FX
SOCLEAN 2 CPAP Cleaner and Sanitizer,CPAP BIPAP VPAPS VENTILATORS,,https://advanceddmesupplies.com/product/soclean-2-cpa-cleaner-and-sanitizer/,https://advanceddmesupplies.com/wp-content/uploads/2018/08/SOCLEAN-2-CPA-Cleaner-and-Sanitizer-247x300.jpg,SOCLEAN 2 CPAP Cleaner and Sanitizer
CPAP Nasal Air Fit N20,CPAP NASAL AIR FIT N20,,https://advanceddmesupplies.com/product/cpap-nasal-air-fit-n20/,https://advanceddmesupplies.com/wp-content/uploads/2018/08/Cpap-Nasa-Air-Fit-N20-247x300.png,CPAP Nasal Air Fit N20
"Medical Oxygen (M6, E Tanks, C, D)",MEDICAL OXYGEN,,https://advanceddmesupplies.com/product/medical-oxygen-m6-e-tanks-c-d/,https://advanceddmesupplies.com/wp-content/uploads/2018/08/Medical-Oxygen-M6-E-Tanks-247x300.jpg,"Medical Oxygen (M6, E Tanks, C, D)"
Littman Stethoscope,DIAGNOSTICS,,https://advanceddmesupplies.com/product/littman-stethoscope/,https://advanceddmesupplies.com/wp-content/uploads/2018/08/Littman-Stethoscope-247x300.jpg,Littman Stethoscope
Omron Blood Pressure Monitor,DIAGNOSTICS,,https://advanceddmesupplies.com/product/omron-blood-pressure-monitor/,https://advanceddmesupplies.com/wp-content/uploads/2018/08/Omron-Blood-Pressure-Monitor-247x300.jpg,Omron Blood Pressure Monitor
Hernia Belt,HERNIA BELT,,https://advanceddmesupplies.com/product/hernia-belt/,https://advanceddmesupplies.com/wp-content/uploads/2018/08/Hernia-Belt-247x300.jpg,Hernia Belt
Post-op Shoe,ORTHOPEDICS,,https://advanceddmesupplies.com/product/post-op-shoe/,https://advanceddmesupplies.com/wp-content/uploads/2018/08/Post-op-Shoe-247x300.jpg,Post-op Shoe
BUCKET SEAT LUMBAR CUSHION WITH HOT/COLD PACK,BUCKET SEAT LUMBAR CUSHION W HOT COLD PACK,,https://advanceddmesupplies.com/product/bucket-seat-lumbar-cushion-with-hot-cold-pack/,https://advanceddmesupplies.com/wp-content/uploads/2018/08/BUCKET-SEAT-LUMBAR-CUSHION-WITH-HOTCOLD-PACK-247x300.jpg,BUCKET SEAT LUMBAR CUSHION WITH HOT/COLD PACK
Back Support,BACK SUPPORT,,https://advanceddmesupplies.com/product/back-support/,https://advanceddmesupplies.com/wp-content/uploads/2018/08/Back-Support-247x300.jpg,Back Support
Finger Splint,FINGER SPLINT,,https://advanceddmesupplies.com/product/finger-splint/,https://advanceddmesupplies.com/wp-content/uploads/2018/08/Finger-Splint-247x300.jpeg,Finger Splint
Thumb Spica,ORTHOPEDICS,,https://advanceddmesupplies.com/product/thumb-spica/,https://advanceddmesupplies.com/wp-content/uploads/2018/08/Thumb-Spica-247x300.jpg,Thumb Spica
Wrist Brace,ORTHOPEDICS,,https://advanceddmesupplies.com/product/wrist-brace/,https://advanceddmesupplies.com/wp-content/uploads/2018/08/Wrist-Brace-247x300.jpg,Wrist Brace
Sacro Belt,ORTHOPEDICS,,https://advanceddmesupplies.com/product/sacro-belt/,https://advanceddmesupplies.com/wp-content/uploads/2018/08/Sacro-Belt-247x300.jpg,Sacro Belt
LUMBAR SACRAL SUPPORT WITH FELT BACK,LUMBAR SACRAL SUPPORT WITH FELT BACK,,https://advanceddmesupplies.com/product/lumbar-sacral-support-with-felt-back/,https://advanceddmesupplies.com/wp-content/uploads/2018/08/LUMBAR-SACRAL-SUPPORT-WITH-FELT-BACK-247x300.jpeg,LUMBAR SACRAL SUPPORT WITH FELT BACK
Rib Belt,ORTHOPEDICS,,https://advanceddmesupplies.com/product/rib-belt/,https://advanceddmesupplies.com/wp-content/uploads/2018/08/Rib-Belt-247x300.jpg,Rib Belt
Industrial Back Support,INDUSTRIAL BACK SUPPORT,,https://advanceddmesupplies.com/product/industrial-back-support/,https://advanceddmesupplies.com/wp-content/uploads/2018/08/Industrial-Back-Support-247x300.jpg,Industrial Back Support
Maternity Belt,MATERNITY BELT,,https://advanceddmesupplies.com/product/maternity-belt/,https://advanceddmesupplies.com/wp-content/uploads/2018/08/Maternity-Belt-247x300.jpg,Maternity Belt
Tennis Elbow Strap W/ Gel Pad,ORTHOPEDICS,,https://advanceddmesupplies.com/product/tennis-elbow-strap-w-gel-pad/,https://advanceddmesupplies.com/wp-content/uploads/2018/08/Tennis-Elbow-Strap-247x300.jpg,Tennis Elbow Strap W/ Gel Pad
Clavicle/Postre Support,ORTHOPEDICS,,https://advanceddmesupplies.com/product/clavicle-postre-support/,https://advanceddmesupplies.com/wp-content/uploads/2018/08/ClaviclePostre-Support.jpeg,Clavicle/Postre Support
Leg Separator,LEG SEPARATOR,,https://advanceddmesupplies.com/product/leg-separator/,https://advanceddmesupplies.com/wp-content/uploads/2018/08/Leg-Separator.jpeg,Leg Separator
Patella Support,ORTHOPEDICS,,https://advanceddmesupplies.com/product/patella-support/,https://advanceddmesupplies.com/wp-content/uploads/2018/08/Patella-Support-247x300.jpg,Patella Support
Children’s Foam Collar,CHILDRENS FOAM COLLAR,,https://advanceddmesupplies.com/product/childrens-foam-collar/,https://advanceddmesupplies.com/wp-content/uploads/2018/08/Childrens-Foam-Collar-247x300.jpg,Children's Foam Collar
Contour Cervical Collar,CONTOUR CERVICAL COLLAR,,https://advanceddmesupplies.com/product/contour-cervical-collar/,https://advanceddmesupplies.com/wp-content/uploads/2018/08/Contour-Cervical-Collar-247x300.png,Contour Cervical Collar
Ankle Foot Orthotics,ANKLE FOOT ORTHOTICS,,https://advanceddmesupplies.com/product/ankle-foot-orthotics/,https://advanceddmesupplies.com/wp-content/uploads/2018/08/Ankle-Foot-Orthotics-247x300.jpg,Ankle Foot Orthotics
Wheelchair Bag,WHEELCHAIRS MANUAL,,https://advanceddmesupplies.com/product/wheelchair-bag/,https://advanceddmesupplies.com/wp-content/uploads/2018/08/Wheelchair-Bag-247x300.jpeg,Wheelchair Bag
CPAP Pillow,CPAP PILLOW,,https://advanceddmesupplies.com/product/cpap-pillow/,https://advanceddmesupplies.com/wp-content/uploads/2018/08/CPAP-Pillow-300x220.jpeg,CPAP Pillow
Bed Pan,BED PAN,,https://advanceddmesupplies.com/product/bed-pan/,https://advanceddmesupplies.com/wp-content/uploads/2018/08/Bed-Pan-247x300.jpg,Bed Pan
Sport Seat,CANES AND CRUTCHES,,https://advanceddmesupplies.com/product/sport-seat/,https://advanceddmesupplies.com/wp-content/uploads/2018/08/Sport-Seat-247x300.jpg,Sport Seat
Crutch Accessories Kit,CANES AND CRUTCHES,,https://advanceddmesupplies.com/product/crutch-accessories-kit/,https://advanceddmesupplies.com/wp-content/uploads/2018/08/Crutch-Accessories-Kit-247x300.jpg,Crutch Accessories Kit
Forearm Crutches,CANES AND CRUTCHES,,https://advanceddmesupplies.com/product/forearm-crutches/,https://advanceddmesupplies.com/wp-content/uploads/2018/08/forearm-crutches-247x300.jpg,Forearm Crutches
Under Arm Cast Protector,BATH SAFETY,,https://advanceddmesupplies.com/product/under-arm-cast-protector/,https://advanceddmesupplies.com/wp-content/uploads/2018/08/underarm-cast-protector-247x300.jpeg,Under Arm Cast Protector
GEL MATTRESS OVERLAY,BED AND MATTRESS,,https://advanceddmesupplies.com/product/gel-mattress-overlay/,https://advanceddmesupplies.com/wp-content/uploads/2018/08/gel-mattress-overlay-247x300.jpg,GEL MATTRESS OVERLAY
OVERHEAD TRAPEZE SETS,BED AND MATTRESS,,https://advanceddmesupplies.com/product/overhead-trapeze-sets-with-clamps/,https://advanceddmesupplies.com/wp-content/uploads/2018/08/floor-trapeze-250-lbs-247x300.jpg,OVERHEAD TRAPEZE SETS
BATH TUB BAR,BATH SAFETY,,https://advanceddmesupplies.com/product/bath-tub-bar/,https://advanceddmesupplies.com/wp-content/uploads/2018/08/BATH-TUB-BAR-247x300.jpg,BATH TUB BAR
Cast and Bandage Protector Leg,BATH SAFETY,,https://advanceddmesupplies.com/product/cast-and-bandage-protector-arm/,https://advanceddmesupplies.com/wp-content/uploads/2018/08/cast-protector--247x300.jpg,Cast and Bandage Protector Leg
Standard Aluminum Crutches,CANES AND CRUTCHES,,https://advanceddmesupplies.com/product/standard-aluminum-crutches/,https://advanceddmesupplies.com/wp-content/uploads/2017/08/alluminum-crutches-247x300.jpg,Standard Aluminum Crutches
Knee Scooter,KNEE SCOOTER,,https://advanceddmesupplies.com/product/knee-walker/,https://advanceddmesupplies.com/wp-content/uploads/2017/08/image-16-247x300.png,Knee Scooter
Electric Patient  hoyer Lift,HOYER LIFT,,https://advanceddmesupplies.com/product/powered-base-patient-lifts/,https://advanceddmesupplies.com/wp-content/uploads/2017/08/electric-hoyer-lift-247x300.jpg,Electric Patient  hoyer Lift
Manual Hydraulic Hoyer Lift,HOYER LIFT,,https://advanceddmesupplies.com/product/manual-hydraulic-hoyer-lift/,https://advanceddmesupplies.com/wp-content/uploads/2017/08/manual-hoyer-lift-1-247x300.jpg,Manual Hydraulic Hoyer Lift
Enamel Grab Bar,BATH SAFETY,,https://advanceddmesupplies.com/product/enamel-grab-bar/,https://advanceddmesupplies.com/wp-content/uploads/2017/08/grab-bar-2-247x300.jpg,Enamel Grab Bar
Go-Go Elite Traveler 3 Wheel,SCOOTER,,https://advanceddmesupplies.com/product/go-go-elite-traveler-3-wheel/,https://advanceddmesupplies.com/wp-content/uploads/2017/07/pride-go-go-elite-traveller-3-wheel-scooter-247x300.jpg,Go-Go Elite Traveler 3 Wheel
GO-GO SPORT – 4 WHEEL,SCOOTER,,https://advanceddmesupplies.com/product/go-go-sport-4-wheel/,https://advanceddmesupplies.com/wp-content/uploads/2017/07/scooter-247x300.jpg,GO-GO SPORT - 4 WHEEL
Medline Remedy Olivamine,MEDLINE REMEDY OLIVAMINE,,https://advanceddmesupplies.com/product/medline-remedy-olivamine-2/,https://advanceddmesupplies.com/wp-content/uploads/2017/07/Remedy-products-comp-wtbg-300x298.jpg,Medline Remedy Olivamine
Non-Sterile Latex-Free Co-Flex LF2 Bandages,NON STERILE LATEX FREE CO FLEX LF2 BANDAGES,,https://advanceddmesupplies.com/product/non-sterile-latex-free-co-flex-lf2-bandages/,https://advanceddmesupplies.com/wp-content/uploads/2017/07/woundcare.jpg,Non-Sterile Latex-Free Co-Flex LF2 Bandages
MEDLINE SUPRA DPS LOW AIR LOSS MATTRESS,BED AND MATTRESS,,https://advanceddmesupplies.com/product/medline-supra-dps-low-air-loss-mattress/,https://advanceddmesupplies.com/wp-content/uploads/2017/07/mattress-247x300.jpg,MEDLINE SUPRA DPS LOW AIR LOSS MATTRESS
Medline Portable Nebulizer,MEDLINE PORTABLE NEBULIZER,,https://advanceddmesupplies.com/product/medline-remedy-olivamine/,https://advanceddmesupplies.com/wp-content/uploads/2017/07/medline-portable-nebulizer-247x300.jpg,Medline Portable Nebulizer
Aeromist Plus Nebulizer Compressor,AEROMIST PLUS NEBULIZER COMPRESSOR,,https://advanceddmesupplies.com/product/aeromist-plus-nebulizer-compressor-with-disposable-nebulizer-kit/,https://advanceddmesupplies.com/wp-content/uploads/2017/07/nebulizer-247x300.jpeg,Aeromist Plus Nebulizer Compressor
Attends Super Plus Underwear,ATTENDS SUPER PLUS UNDERWEAR,,https://advanceddmesupplies.com/product/attends-super-plus-underwear/,https://advanceddmesupplies.com/wp-content/uploads/2017/07/attends-super-plus-underwear-247x300.jpg,Attends Super Plus Underwear
Standard Arm Sling,ORTHOPEDICS,,https://advanceddmesupplies.com/product/arm-sling/,https://advanceddmesupplies.com/wp-content/uploads/2017/07/standard-arm-sling.jpg,Standard Arm Sling
Shoulder Immobilizer With Abduction Pillow,ORTHOPEDICS,,https://advanceddmesupplies.com/product/shoulder-immobilizer/,https://advanceddmesupplies.com/wp-content/uploads/2017/07/shoulder-immobilizer.jpg,Shoulder Immobilizer With Abduction Pillow
Clavicle Splint,ORTHOPEDICS,,https://advanceddmesupplies.com/product/clavicle-splint/,https://advanceddmesupplies.com/wp-content/uploads/2017/07/Clavicle-Splint-247x300.jpg,Clavicle Splint
STABILIZER AIR WALKER – STANDARD & ANKLE,ORTHOPEDICS,,https://advanceddmesupplies.com/product/stabilizer-air-walker-standard-ankle/,https://advanceddmesupplies.com/wp-content/uploads/2017/07/air-walker.jpg,STABILIZER AIR WALKER – STANDARD & ANKLE
JAZZY ELITE ES,JAZZY ELITE ES,,https://advanceddmesupplies.com/product/jazzy-elite-es/,https://advanceddmesupplies.com/wp-content/uploads/2017/07/pride-jazzy-elite-es-power-chair-247x300.jpg,JAZZY ELITE ES
"Full-Electric Bariatric Bed, 42″",BED AND MATTRESS,,https://advanceddmesupplies.com/product/full-electric-bariatric-bed-42%e2%80%b3/,https://advanceddmesupplies.com/wp-content/uploads/2017/07/bed-247x300.jpg,"Full-Electric Bariatric Bed, 42″"
Full-Electric Low Bed,BED AND MATTRESS,,https://advanceddmesupplies.com/product/full-electric-low-bed/,https://advanceddmesupplies.com/wp-content/uploads/2017/07/15235bv-pkg-1__96158-247x300.jpg,Full-Electric Low Bed
Semi-Electric Bed,BED AND MATTRESS,,https://advanceddmesupplies.com/product/semi-electric-bed/,https://advanceddmesupplies.com/wp-content/uploads/2017/07/Beds-03-247x300.jpg,Semi-Electric Bed
Toilet Safety Frame,BATH SAFETY,,https://advanceddmesupplies.com/product/toilet-safety-frame/,https://advanceddmesupplies.com/wp-content/uploads/2017/07/Toilet-Safety-Frame1-247x300.jpg,Toilet Safety Frame
Locking Raised Toilet Seats with Arms,COMMODES,,https://advanceddmesupplies.com/product/deluxe-raised-toilet-seat-warms-retail/,https://advanceddmesupplies.com/wp-content/uploads/2017/07/raised-toilet-seat-247x300.jpg,Locking Raised Toilet Seats with Arms
5 INCH ELEVATED TOILET SEAT,5 INCH ELEVATED TOILET SEAT,,https://advanceddmesupplies.com/product/5-inch-elevated-toilet-seat/,https://advanceddmesupplies.com/wp-content/uploads/2017/07/5-inch.jpg,5 INCH ELEVATED TOILET SEAT
16″ SUCTION GRAB BAR,16 SUCTION GRAB BAR,,https://advanceddmesupplies.com/product/16%e2%80%b3-suction-grab-bar/,https://advanceddmesupplies.com/wp-content/uploads/2017/07/suction-grab-bar-16-247x300.jpg,16″ SUCTION GRAB BAR
Aluminum Rehab Shower Commode Chair,ALUMINUM REHAB SHOWER COMMODE CHAIR,,https://advanceddmesupplies.com/product/aluminum-rehab-shower-commode-chair/,https://advanceddmesupplies.com/wp-content/uploads/2017/07/1912017757Drive-Aluminum-Rehab-Shower-Commode-Chair-with-5-Casters-P-247x300.jpg,Aluminum Rehab Shower Commode Chair
Sliding Transfer Bench,BATH SAFETY,,https://advanceddmesupplies.com/product/folding-universal-sliding-transfer-bench/,https://advanceddmesupplies.com/wp-content/uploads/2017/07/sliding-bench-.-247x300.jpg,Sliding Transfer Bench
Trend Triump Dual OA Knee Brace,ORTHOPEDICS,,https://advanceddmesupplies.com/product/trend-triump-dual-oa-knee-brace/,https://advanceddmesupplies.com/wp-content/uploads/2025/11/664483_9c03519983db41c4a17db6f379097e74mv2-247x300.avif,Trend Triump Dual OA Knee Brace
ManaEZ® Humerus Universal,ORTHOPEDICS,,https://advanceddmesupplies.com/product/manaez-humerus-universal/,https://advanceddmesupplies.com/wp-content/uploads/2025/11/manaez-humerus-universal-brace_1-247x300.jpg,ManaEZ® Humerus Universal
Royal Boot Air tall,ORTHOPEDICS,,https://advanceddmesupplies.com/product/royal-boot-air-tall/,https://advanceddmesupplies.com/wp-content/uploads/2025/11/royal-boot-air_1-1-247x300.jpg,Royal Boot Air tall
MAC Boot Air Tall,ORTHOPEDICS,,https://advanceddmesupplies.com/product/mac-boot-air-tall/,https://advanceddmesupplies.com/wp-content/uploads/2025/11/mac-walker-boot-air_1-1-247x300.jpg,MAC Boot Air Tall
Royal Boot® Air Short,ORTHOPEDICS,,https://advanceddmesupplies.com/product/royal-boot-air-short/,https://advanceddmesupplies.com/wp-content/uploads/2025/11/royal-walker-boot-air-short_1-247x300.jpg,Royal Boot® Air Short
360 Exo Walker Boot Short Coretech,ORTHOPEDICS,,https://advanceddmesupplies.com/product/360-exo-walker-boot-short-coretech/,https://advanceddmesupplies.com/wp-content/uploads/2025/11/SUP2033BLKXS-360-Exo-Walker-Boot-Short-Coretech-X-Small-247x300.jpg,360 Exo Walker Boot Short Coretech
360 Exo Walker Boot Tall Coretech,ORTHOPEDICS,,https://advanceddmesupplies.com/product/360-exo-walker-boot-tall-coretech/,https://advanceddmesupplies.com/wp-content/uploads/2025/11/SUP2032BLKXS-360-Exo-Walker-Boot-Tall-Coretech-X-Small-247x300.jpg,360 Exo Walker Boot Tall Coretech
ACL Knee Brace Coretech,ORTHOPEDICS,,https://advanceddmesupplies.com/product/acl-knee-brace-coretech/,https://advanceddmesupplies.com/wp-content/uploads/2025/11/SUP3104BLKLS-ACL-Knee-Brace-Coretech-Small-Left-247x300.png,ACL Knee Brace Coretech
Wrist Ice Wrap,PAIN MANAGEMENT,,https://advanceddmesupplies.com/product/wrist-ice-wrap/,https://advanceddmesupplies.com/wp-content/uploads/2025/11/SUP2003GRY-Wrist-Ice-Wrap-Grey-247x300.jpg,Wrist Ice Wrap
Face Ice Wrap,PAIN MANAGEMENT,,https://advanceddmesupplies.com/product/face-ice-wrap/,https://advanceddmesupplies.com/wp-content/uploads/2025/11/SUP2058GRY-Face-Ice-Wrap-247x300.jpg,Face Ice Wrap
Full Head Ice Wrap,PAIN MANAGEMENT,,https://advanceddmesupplies.com/product/full-head-ice-wrap/,https://advanceddmesupplies.com/wp-content/uploads/2025/11/SUP2052GRY-Full-Head-Ice-Wrap-247x300.jpg,Full Head Ice Wrap
Back Compression Ice Wrap,PAIN MANAGEMENT,,https://advanceddmesupplies.com/product/back-compression-ice-wrap/,https://advanceddmesupplies.com/wp-content/uploads/2025/11/SUP2022-Back-Compression-Ice-Wrap-247x300.jpg,Back Compression Ice Wrap
